-- phpMyAdmin SQL Dump
-- version 4.0.0
-- http://www.phpmyadmin.net
--
-- 主机: localhost
-- 生成日期: 2016 年 11 月 19 日 09:55
-- 服务器版本: 5.5.32-log
-- PHP 版本: 5.3.27

SET SQL_MODE = "NO_AUTO_VALUE_ON_ZERO";
SET time_zone = "+00:00";


/*!40101 SET @OLD_CHARACTER_SET_CLIENT=@@CHARACTER_SET_CLIENT */;
/*!40101 SET @OLD_CHARACTER_SET_RESULTS=@@CHARACTER_SET_RESULTS */;
/*!40101 SET @OLD_COLLATION_CONNECTION=@@COLLATION_CONNECTION */;
/*!40101 SET NAMES utf8 */;

--
-- 数据库: `star`
--

-- --------------------------------------------------------

--
-- 表的结构 `answer_file`
--

CREATE TABLE IF NOT EXISTS `answer_file` (
  `id` int(100) NOT NULL AUTO_INCREMENT COMMENT '文件ID',
  `file_name` varchar(100) NOT NULL COMMENT '文件名',
  PRIMARY KEY (`id`)
) ENGINE=MyISAM  DEFAULT CHARSET=utf8 AUTO_INCREMENT=10 ;

--
-- 转存表中的数据 `answer_file`
--

INSERT INTO `answer_file` (`id`, `file_name`) VALUES
(1, '1451028032.xls'),
(2, '1451028041.xls'),
(3, '1451028085.xls'),
(4, '1451028093.xls'),
(5, '1451028145.xls'),
(6, '1451028185.xls'),
(7, '1451028201.xls'),
(8, '1451096782.xls'),
(9, '1452233529.xls');

-- --------------------------------------------------------

--
-- 表的结构 `answer_question`
--

CREATE TABLE IF NOT EXISTS `answer_question` (
  `id` int(11) NOT NULL AUTO_INCREMENT COMMENT '问题的ID',
  `issueContent` varchar(255) NOT NULL COMMENT '问题内容',
  `issue1` varchar(200) NOT NULL COMMENT '问题1',
  `issue2` varchar(200) NOT NULL COMMENT '问题2',
  `issue3` varchar(200) NOT NULL COMMENT '问题3',
  `issue4` varchar(200) NOT NULL COMMENT '问题4',
  `rightIssue` varchar(200) NOT NULL COMMENT '正确答案',
  `askType` varchar(200) NOT NULL COMMENT '对应的类型',
  `rank` char(6) NOT NULL COMMENT '题目级别',
  PRIMARY KEY (`id`)
) ENGINE=MyISAM  DEFAULT CHARSET=utf8 AUTO_INCREMENT=113 ;

--
-- 转存表中的数据 `answer_question`
--

INSERT INTO `answer_question` (`id`, `issueContent`, `issue1`, `issue2`, `issue3`, `issue4`, `rightIssue`, `askType`, `rank`) VALUES
(1, '选择菜单栏中的（编辑，填充）命令，可将当前图层或选区填充上', '图案', '形状', '背景色', '前景色 ', '前景色', 'ps', ''),
(2, '一下可在ps中直接打开并编辑文件格式', 'FLA', 'jpg', 'AVI', 'DOC', 'jpg', 'ps', ''),
(3, 'ps图像最小单位是', '位', '像素', '密度', '路径', '像素', 'ps', ''),
(4, '保存图像文件快捷键是', 'ctrl+s', 'ctrl+D', 'ctrl+O', 'ctrl+w', 'ctrl+s', 'ps', ''),
(5, '什么工具将图像中相似颜色区域都选到选区中', '选区', '魔术棒', '钢笔', '图章', '魔术棒', 'ps', ''),
(6, '在图像窗口中输入文本，使用工具是', '渐变工具', '历史记录', '画笔工具', '文字工具', '画笔工具', 'ps', ''),
(7, '在ps中允许一个图像显示最大比例范围', '100%', '1600%', '200%', '300%', '1600%', 'ps', ''),
(8, '在工具箱，双击什么可以让图像按实际像素显示', '抓手工具', '缩放工具', '移动工具', '直接选择', '缩放工具', 'ps', ''),
(9, 'RGB颜色以哪三种颜色作为基本颜色', '绿蓝紫', '红绿蓝', '红绿黄', '蓝红橙', '红绿蓝', 'ps', ''),
(10, '哪种类型图层可将图像自动对齐和分布', '链接图层', '背景图层', '调节图层', '填充图层', '链接图层', 'ps', ''),
(11, '网页上所显示的内容该放到哪个标签里？', '&lt;a&gt;&lt;/a&gt;', '&lt;body&gt;&lt;/body&gt;', '&lt;head&gt;&lt;/head&gt;', '&lt;title&gt;&lt;/title&gt;', '&lt;body&gt;&lt;/body&gt;', 'HTML', ''),
(12, '段落文本该放到哪个标签中？', '&lt;p&gt;&lt;/p&gt;', '&lt;q&gt;&lt;/q&gt;', '&lt;a&gt;&lt;/a&gt;', '&lt;hx&gt;&lt;/hx&gt;', '&lt;p&gt;&lt;/p&gt;', 'HTML', ''),
(13, '网页中的标题该使用哪个标签？', '&lt;hx&gt;&lt;/hx&gt;', '&lt;a&gt;&lt;/a&gt;', '&lt;q&gt;&lt;/q&gt;', '&lt;p&gt;&lt;/p&gt;', '&lt;hx&gt;&lt;/hx&gt;', 'HTML', ''),
(14, '当你需要链接其他页面时需要使用哪个标签？', '&lt;p&gt;&lt;/p&gt;', '&lt;a&gt;&lt;/a&gt;', '&lt;hx&gt;&lt;/hx&gt;', '&lt;q&gt;&lt;/q&gt;', '&lt;a&gt;&lt;/a&gt;', 'HTML', ''),
(15, '引用文本需要使用哪个标签？', '&lt;p&gt;&lt;/p&gt;', '&lt;hx&gt;&lt;/hx&gt;', '&lt;q&gt;&lt;/q&gt;', '&lt;a&gt;&lt;/a&gt;', '&lt;q&gt;&lt;/q&gt;', 'HTML', ''),
(16, '&lt;strong&gt;&lt;strong&gt;标签的作用是？', '添加下划线', '变大', '加粗', '斜体', '加粗', 'HTML', ''),
(17, '&lt;em&gt;&lt;/em&gt;标签的作用是？', '加粗', '斜体', '添加下划线', '加粗', '斜体', 'HTML', ''),
(18, '&lt;br /&gt;标签的作用是？', '添加删除线', '空格', '换行', '添加下划线', '换行', 'HTML', ''),
(19, '&lt;hr /&gt;标签的作用是？', '换行', '添加下划线', '空格', '添加分隔线', '添加分隔线', 'HTML', ''),
(20, '为代码添加注释的标签是？', '&lt;@--   --&gt;', '&lt;!--   --&gt;', '&lt;$--   --&gt;', '&lt;*--   --&gt;', '&lt;!--   --&gt;', 'HTML', ''),
(21, '为文字设置单独样式时该使用哪个标签？', '&lt;tr&gt;&lt;/tr&gt;', '&lt;spen&gt;&lt;/spen&gt;', '&lt;table&gt;&lt;/table&gt;', '&lt;span&gt;&lt;/span&gt;', '&lt;span&gt;&lt;/span&gt;', 'HTML', ''),
(22, '插入图片的标签是？', '&lt;alt…&gt;&lt;/alt…&gt;', '&lt;src…&gt;&lt;/src…&gt;', '&lt;img…&gt;&lt;/img…&gt;', '&lt;title…&gt;&lt;/title&gt;', '&lt;img…&gt;&lt;/img…&gt;', 'HTML', ''),
(23, '&lt;table&gt;&lt;/table&gt;标签的作用是？', '制作表格线', '制作表格', '添加分隔线', '添加下划线', '制作表格', 'HTML', ''),
(24, '当type值设置为什么时，按钮有提交作用？', 'submit', 'reset', 'return', 'password', 'submit', 'HTML', ''),
(25, '当type值设置为什么时，按钮有重置作用？', 'return', 'submit', 'password', 'reset', 'reset', 'HTML', ''),
(26, '文本输入框的type=？', 'test', 'text', 'tesi', 'texi', 'text', 'HTML', ''),
(27, '密码输入框的type=？', 'test', 'password', 'text', 'secret', 'password', 'HTML', ''),
(28, '在下拉列表选项设置某选项为默认选项的代码是？', 'value=“xxx”', 'multiple=“multiple”', 'selected=“selected”', 'name=“xxx”', 'selected=“selected”', 'HTML', ''),
(29, '在下拉列表选项设置多选功能的代码是？', 'selected=“selected”', 'name=“xxx”', 'value=“xxx”', 'multiple=“multiple”', 'multiple=“multiple”', 'HTML', ''),
(30, '&lt;div&gt;&lt;/div&gt;标签的作用是？', '制作表格', '划分出独立的逻辑部分', '制作表格线', '划分出独立的表格', '划分出独立的逻辑部分', 'HTML', ''),
(51, '下列哪个是photoshop图象最基本的组成单元', '节点 ', '色彩空间 ', '路径   ', '像素', ' 像素', 'ps', ''),
(52, '下面对矢量图和象素图描述正确的是', '象素图的基本组成单元是锚点和路径', 'Adobe Illustrator 9图形软件能够生成矢量图  ', '矢量图的基本组成单元是象素  ', ' Adobe photoshop 6 能够生成矢量图  ', 'Adobe Illustrator 9图形软件能够生成矢量图  ', 'ps', ''),
(53, '图象分辨率的单位是', 'lpi', 'dpi', ' ppi', ' pixel   ', 'dpi', 'ps', ''),
(54, '色彩深度是指在一个图象中什么的数量', '饱和度', '亮度', '颜色', ' 灰度   ', '颜色', 'ps', ''),
(55, '图象必须是何种模式，才可以转换为位图模式', ' RGB', ' 多通道', ' 索引颜色   ', '灰度', '灰度', 'ps', ''),
(56, '在双色调模式中双色调曲线的作用是什么', ' 决定超出色域范围的色彩如何在图象中校正  ', '决定CMYK Profile（概貌）在图象中的分布', '决定专色在图象中的分布', ' 决定陷印在图象中的分布', '决定专色在图象中的分布', 'ps', ''),
(57, '下面哪种色彩模式色域最大', ' HSB模式 ', ' Lab模式  ', 'CMYK模式', ' RGB模式', ' Lab模式  ', 'ps', ''),
(58, '索引颜色模式的图象包含多少种颜色', '约65，000', '2', '256', '1670万   ', '256', 'ps', ''),
(59, '当将CMKY模式的图象转换为多通道时，产生的通道名称是什么', '四个名称为Black（黑色）的通道', '四个名称都是Alpha通道 ', ' 青色、洋红和黄色', '青色、洋红、黄色和黑色   ', '青色、洋红、黄色和黑色   ', 'ps', ''),
(60, '什么色彩模式的图象转换为多通道模式时，建立的通道名称均为Alpha', 'Multichannel 模式    ', ' Lab模式', ' CMYK模式', 'RGB模式', ' Lab模式', 'ps', ''),
(61, '当图象是何种模式时，所有的滤镜都不可以使用（假设图象是8位/通道）', ' 多通道 ', ' 索引颜色', ' CMYK ', '灰度 ', ' 索引颜色', 'ps', ''),
(62, '若想增加一个图层，但在图层调色板的最下面NEW LAYER（创建新图层）的按钮是灰色  不可选，原因是下列选项种的哪一个（假设图象是8位/通道）', ' 图象是CMYK模式   ', ' 图象是索引颜色模式', ' 图象是灰度模式', '图象是双色调模式', ' 图象是CMYK模式   ', 'ps', ''),
(63, 'CMYK模式的图象有多少个颜色通道', '4', '2', '3', '1', '4', 'ps', ''),
(64, '当RGB模式转换为CMYK模式时，下列哪个模式可以作为中间过渡模式', '多通道', '索引颜色 ', '灰度', ' Lab  ', ' Lab  ', 'ps', ''),
(65, '下列哪种色彩模式是不依赖于设备的', 'RGB ', '索引颜色   ', ' CMYK ', 'Lab  ', 'Lab  ', 'ps', ''),
(66, '下面哪些因素的变化不会影响图象所占硬盘空间的大小', 'Resolution（分辨率）  ', 'Pixel Diminsions（象素大小） ', ' Document Size（文件尺寸）  ', '存储图象时是否增加后缀  ', '存储图象时是否增加后缀  ', 'ps', ''),
(67, '默认的暂存盘是如何排列的', '暂存磁盘创建在任何第二个磁盘上', 'photoshop可创建任意多的暂存磁盘 ', ' 暂存磁盘创建在启动磁盘上 ', ' 没有暂存磁盘   ', ' 暂存磁盘创建在启动磁盘上 ', 'ps', ''),
(68, '如果正在处理一副图象，下列哪些选项是导致有一些滤镜是不可选的原因', '检查在预置中增效文件夹搜寻路径  ', ' 删除photoshop的预置文件，然后重设  ', '确认软插件在正确的文件夹中   ', ' 关闭虚拟内存   ', '确认软插件在正确的文件夹中   ', 'ps', ''),
(69, '在photoshop6中允许一个图象的显示的最大比例范围是多少', '200%', '1600%', '600%', '100%', '1600%', 'ps', ''),
(70, '通常用 html 中的什么标签来构建导航条菜单？', '无序列表 ', 'a标签', '有序列表', 'span标签', '无序列表 ', 'HTML', ''),
(71, '无序列表是哪些标签', 'ol标签', 'span标签', 'dl标签', 'li标签', 'li标签', 'HTML', ''),
(72, '.如果要给水平菜单增加整体背景，需要对（）进行哪些CSS设置？', 'font', 'border', 'margin', 'width and height', 'width and height', 'HTML', ''),
(73, '同时给div添加背景图片和颜色时，哪样在上面', '图片', '颜色', '都不显示', '哪样写后面显示哪样', '哪样写后面显示哪样', 'HTML', ''),
(74, 'display属性设置什么值时div没有高度', 'none', 'flex', 'block', 'inline-block', 'none', 'HTML', ''),
(75, '网页制作中的结构是什么', 'css', 'div', 'html ', 'JavaScript', 'html ', 'HTML', ''),
(76, '下列选项中不是 CSS 规定的定位机制的是（ ）', 'fixed定位', '浮动定位', '绝对定位', '标准文档流', 'fixed定位', 'HTML', ''),
(77, '在制作HTML页面时，页面的布局技术主要分为', '框架布局', '所有选项都是', 'div层布局', '表格布局', '所有选项都是', 'HTML', ''),
(78, '当div设置浮动后，会有什么影响', '无影响', '高度消失', '宽度、高度消失', '宽度消失', '高度消失', 'HTML', ''),
(79, '以下标签不是块级元素是', 'div', 'img', 'p', 'h1', 'img', 'HTML', ''),
(80, '伪类hover可以加在以下哪种标签', 'li', '只可以在a标签', '所有标签都可以', 'td', '所有标签都可以', 'HTML', ''),
(81, '哪个是谷歌的兼容性代码', 'ms', 'webkit', 'moz', 'o', 'webkit', 'HTML', ''),
(82, '下面哪个不是绝对定位带来的影响', '脱离文档流', '宽度消失', '高度消失', '覆盖普通元素', '宽度消失', 'HTML', ''),
(83, 'html可以在哪里编写', 'sublime编辑器', '所有选项都是', 'dreamweaver编辑器', '记事本', '所有选项都是', 'HTML', ''),
(84, '以下的id命名不合理的是', 'header1', 'header', '2header', 'header_1', '2header', 'HTML', ''),
(85, '以下不是border的三要素之一的是', '形状', '颜色', '宽', '背景', '背景', 'HTML', ''),
(86, '在哪个div里面加clear：both可以达到清除浮动影响', '以上都不行', '浮动元素的后一个div', '浮动元素的前一个div', '浮动的div', '浮动元素的后一个div', 'HTML', ''),
(87, '只设置了绝对定位的div是根据哪里进行偏移的', 'html', 'body', '没设置定位的位置', '父级div', 'html', 'HTML', ''),
(88, 'position:fixed属于哪种定位', '静态定位', '都不是', '相对定位', '绝对定位', '绝对定位', 'HTML', ''),
(89, '一个div的宽高都是100px;加padding:10px 20px 30px后，宽高各是多少', '120*110', '140*130', '100*100', '140*140', '140*140', 'HTML', '');

-- --------------------------------------------------------

--
-- 表的结构 `answer_results`
--

CREATE TABLE IF NOT EXISTS `answer_results` (
  `id` int(11) NOT NULL AUTO_INCREMENT,
  `respondents` char(12) NOT NULL COMMENT '答题人',
  `answer_type` char(24) NOT NULL COMMENT '题目类型',
  `score` char(24) NOT NULL COMMENT '答题分数',
  `answer_time` int(100) NOT NULL COMMENT '答题时间',
  PRIMARY KEY (`id`)
) ENGINE=MyISAM  DEFAULT CHARSET=utf8 AUTO_INCREMENT=71 ;

--
-- 转存表中的数据 `answer_results`
--

INSERT INTO `answer_results` (`id`, `respondents`, `answer_type`, `score`, `answer_time`) VALUES
(1, '谢贵', 'HTML', '80', 1451275087),
(2, '谢贵', 'PS', '20', 1451275212),
(3, '谢贵', 'HTML', '70', 1451275405),
(4, '谢贵', 'HTML', '100', 1451275465),
(5, 'chenlizhun', 'HTML', '90', 1451440516),
(6, 'yuqiuman', 'PS', '70', 1451893477),
(7, '谢洪干', 'PS', '40', 1451958511),
(8, '刘一鸣', 'HTML', '90', 1452233430),
(9, '刘一鸣', 'CSS', '0', 1452492957),
(10, 'chenlizhun', 'HTML', '10', 1452913688),
(11, 'liangjianfei', 'HTML', '90', 1453265958),
(12, '杨书明', 'HTML', '70', 1453346643),
(13, '杨书明', 'HTML', '80', 1453346827),
(14, '杨书明', 'HTML', '60', 1453538161),
(15, '杨书明', 'HTML', '80', 1453538228),
(16, '杨书明', 'HTML', '70', 1455518579),
(17, '杨书明', 'HTML', '70', 1455866721),
(18, '杨书明', 'HTML', '80', 1455866796),
(19, '杨书明', 'HTML', '90', 1456381374),
(20, '杨书明', 'HTML', '90', 1456381485),
(21, '杨书明', 'HTML', '90', 1456381711),
(22, '杨书明', 'HTML', '90', 1456381906),
(23, '杨书明', 'HTML', '100', 1456381938),
(24, '杨书明', 'HTML', '100', 1456382119),
(25, '陆跃标', 'HTML', '80', 1457140491),
(26, 'zhuzhushuo', 'HTML', '60', 1457149827),
(27, 'zhuzhushuo', 'HTML', '80', 1457149949),
(28, 'zhuzhushuo', 'HTML', '70', 1457150124),
(29, 'zhuzhushuo', 'HTML5', '0', 1457747467),
(30, 'zhuzhushuo', 'HTML', '70', 1457747603),
(31, '谢洪干', 'CSS', '0', 1457764491),
(32, '梁家俊', 'HTML', '30', 1459041054),
(33, '方泽锋', 'HTML', '100', 1461376452),
(34, '魏子杰', 'HTML', '100', 1461376500),
(35, '方泽锋', 'CSS', '0', 1461376625),
(36, 'liangniguo', 'HTML', '100', 1461376691),
(37, '陆跃标', 'HTML', '80', 1461376790),
(38, '陆跃标', 'HTML', '80', 1461377057),
(39, '陆跃标', 'HTML', '80', 1461377190),
(40, 'yuqiuman', 'HTML', '100', 1461377310),
(41, '陆跃标', 'HTML', '70', 1461377404),
(42, 'liangjianfei', 'HTML', '100', 1461377563),
(43, '陆跃标', 'HTML', '80', 1461377564),
(44, '谢洪干', 'HTML', '50', 1461377629),
(45, '陆跃标', 'HTML', '90', 1461377686),
(46, '陆跃标', 'HTML', '100', 1461377736),
(47, '谢洪干', 'HTML', '90', 1461378070),
(48, 'zhuzhushuo', 'HTML', '100', 1461378286),
(49, 'zhuzhushuo', 'HTML5', '0', 1461378324),
(50, '谢洪干', 'HTML', '80', 1461378464),
(51, '谢洪干', 'HTML', '90', 1461379323),
(52, '谢洪干', 'HTML', '90', 1461379551),
(53, '谢洪干', 'HTML', '100', 1461379940),
(54, '陈冠全', 'HTML', '90', 1461383428),
(55, '微小念', 'HTML', '100', 1461384416),
(56, 'dash', 'HTML', '50', 1462329956),
(57, '陈冠全', 'CSS3', '0', 1463792677),
(58, '陈冠全', 'HTML5', '0', 1463792699),
(59, '陈冠全', 'HTML5', '0', 1463792707),
(60, 'chenlizhun', 'HTML', '20', 1463798740),
(61, 'liangniguo', 'HTML', '100', 1464092267),
(62, 'liangniguo', 'CSS', '0', 1464092288),
(63, 'liangniguo', 'CSS', '0', 1464092292),
(64, 'liangniguo', 'HTML', '100', 1464092404),
(65, 'liangniguo', 'HTML', '100', 1464092513),
(66, '陆跃标', 'HTML5', '0', 1465282633),
(67, '陆跃标', 'CSS', '0', 1465282647),
(68, '陆跃标', 'HTML', '80', 1465283250),
(69, 'chenlizhun', 'HTML', '10', 1468734739),
(70, '方泽锋', 'HTML', '100', 1474676433);

-- --------------------------------------------------------

--
-- 表的结构 `answer_type`
--

CREATE TABLE IF NOT EXISTS `answer_type` (
  `id` int(100) NOT NULL AUTO_INCREMENT,
  `type` varchar(64) NOT NULL COMMENT '问题类型',
  `type_icon` varchar(64) NOT NULL COMMENT '类型图标',
  PRIMARY KEY (`id`)
) ENGINE=MyISAM  DEFAULT CHARSET=utf8 AUTO_INCREMENT=10 ;

--
-- 转存表中的数据 `answer_type`
--

INSERT INTO `answer_type` (`id`, `type`, `type_icon`) VALUES
(1, 'HTML\r\n', 'images/1.png'),
(2, 'HTML5', 'images/2.png'),
(3, 'CSS', 'images/3.png'),
(4, 'CSS3', 'images/4.png'),
(5, 'PS', 'images/5.png'),
(6, 'JQuery', 'images/6.png'),
(7, 'Javascript', 'images/7.png'),
(8, 'PHP', 'images/8.png'),
(9, 'Mysql\r\n', 'images/9.png');

-- --------------------------------------------------------

--
-- 表的结构 `homework_jobs`
--

CREATE TABLE IF NOT EXISTS `homework_jobs` (
  `id` int(11) NOT NULL AUTO_INCREMENT,
  `subject_id` int(11) NOT NULL,
  `who` varchar(200) NOT NULL,
  `path` varchar(200) NOT NULL,
  `time` varchar(200) NOT NULL,
  PRIMARY KEY (`id`)
) ENGINE=MyISAM  DEFAULT CHARSET=utf8 AUTO_INCREMENT=514 ;

--
-- 转存表中的数据 `homework_jobs`
--

INSERT INTO `homework_jobs` (`id`, `subject_id`, `who`, `path`, `time`) VALUES
(84, 5, '魏子杰.rar', './upload/1452762905.rar', '1452762905'),
(83, 5, '方泽锋.rar', './upload/1452762903.rar', '1452762903'),
(82, 4, '方泽锋11-17【手稿、原型、网页设计】.rar', './upload/1452762855.rar', '1452762855'),
(81, 3, '杨书明.png', './upload/1452762815.png', '1452762815'),
(80, 3, '杨书明.png', './upload/1452762801.png', '1452762801'),
(79, 3, '方泽锋1-14【打字测试】.rar', './upload/1452762770.rar', '1452762770'),
(85, 3, '梁剑飞 1.14打字.png', './upload/1452762923.png', '1452762923'),
(86, 3, '梁剑飞 1.14打字.png', './upload/1452762928.png', '1452762928'),
(87, 4, '梁剑飞1.14（PS、原型图）.zip', './upload/1452763036.zip', '1452763036'),
(88, 5, '梁剑飞1.14（PS、原型图）.zip', './upload/1452763065.zip', '1452763065'),
(89, 4, 'DSC_0097.JPG', './upload/1452763261.JPG', '1452763261'),
(90, 4, '魏子杰1.14-ps.rar', './upload/1452763909.rar', '1452763909'),
(91, 3, '魏子杰1.14-打字.jpg', './upload/1452763988.jpg', '1452763988'),
(92, 5, '魏子杰1.14-布局.rar', './upload/1452764015.rar', '1452764015'),
(93, 4, '工贸美食APP 杨书明.mp', './upload/1452764081.mp', '1452764081'),
(94, 4, '工贸美食APP 杨书明.mp', './upload/1452764085.mp', '1452764085'),
(95, 5, 'index.jpg', './upload/1452764191.jpg', '1452764191'),
(96, 5, 'about.jpg', './upload/1452764197.jpg', '1452764197'),
(97, 3, 'HLB1.14测速.png', './upload/1452764266.png', '1452764266'),
(98, 4, '食道首页.psd', './upload/1452764318.psd', '1452764318'),
(99, 4, '食道登录框.psd', './upload/1452764318.psd', '1452764318'),
(100, 4, '食道登录框.psd', './upload/1452764337.psd', '1452764337'),
(101, 4, '工贸美食 杨书明.psd', './upload/1452764344.psd', '1452764344'),
(102, 4, '食道登录框HLB.psd', './upload/1452764378.psd', '1452764378'),
(103, 4, '食道登录框HLB.psd', './upload/1452764391.psd', '1452764391'),
(104, 4, '余秋曼.zip', './upload/1452765222.zip', '1452765222'),
(105, 4, 'IMG_20160114_175457.jpg', './upload/1452765345.jpg', '1452765345'),
(106, 4, '余秋曼手稿.jpg', './upload/1452765480.jpg', '1452765480'),
(107, 3, 'who am i 余秋曼.png', './upload/1452768644.png', '1452768644'),
(108, 4, '美食点评频道app,余秋曼.mp', './upload/1452768971.mp', '1452768971'),
(109, 4, '魏子杰手稿.jpg', './upload/1452778242.jpg', '1452778242'),
(110, 4, '何丽冰手稿.jpg', './upload/1452778567.jpg', '1452778567'),
(111, 4, '杨书明手稿.jpg', './upload/1452778640.jpg', '1452778640'),
(112, 6, 'HTML脑图.png', './upload/1452778996.png', '1452778996'),
(113, 6, 'CSS脑图.png', './upload/1452817974.png', '1452817974'),
(114, 5, '梁健飞.rar', './upload/1452820346.rar', '1452820346'),
(115, 5, '梁剑飞 美食APP网页布局.zip', './upload/1452831783.zip', '1452831783'),
(116, 7, '梁剑飞1.15打字.png', './upload/1452840577.png', '1452840577'),
(117, 8, '方泽锋1-15【原型、手稿、ps设计】.rar', './upload/1452845263.rar', '1452845263'),
(118, 9, '方泽锋1-15【app布局】.rar', './upload/1452845314.rar', '1452845314'),
(119, 7, '方泽锋1-15【打字测试】.png', './upload/1452846109.png', '1452846109'),
(120, 9, '魏子杰1.15布局.rar', './upload/1452846260.rar', '1452846260'),
(121, 8, '魏子杰1.15设计.rar', './upload/1452846284.rar', '1452846284'),
(122, 7, '魏子杰1.15打字.jpg', './upload/1452846302.jpg', '1452846302'),
(123, 8, '方泽锋1-15【原型、手稿、ps设计】.rar', './upload/1452846555.rar', '1452846555'),
(124, 7, '又是284  杨书明.jpg', './upload/1452846831.jpg', '1452846831'),
(125, 8, '精彩瞬间原型 杨书明.mp', './upload/1452846920.mp', '1452846920'),
(126, 8, 'ps设计  杨书明.rar', './upload/1452847009.rar', '1452847009'),
(127, 8, '杨书明 手稿.jpg', './upload/1452847365.jpg', '1452847365'),
(128, 8, 'MP精彩瞬间脑图.mp', './upload/1452847609.mp', '1452847609'),
(129, 8, 'MP精彩瞬间脑图.mp', './upload/1452847660.mp', '1452847660'),
(130, 9, '方泽锋1-15【app布局】.rar', './upload/1452847880.rar', '1452847880'),
(131, 7, '何丽冰1.15测速.png', './upload/1452847985.png', '1452847985'),
(132, 8, '1.15何丽冰绘制成品.zip', './upload/1452848003.zip', '1452848003'),
(133, 8, '1.15何丽冰绘制成品.zip', './upload/1452848311.zip', '1452848311'),
(134, 10, '杨书明 HTML脑图.png', './upload/1452849125.png', '1452849125'),
(135, 8, '手稿，原型图，ps.zip', './upload/1452850720.zip', '1452850720'),
(136, 8, '余秋曼手稿，原型图，ps.zip', './upload/1452850951.zip', '1452850951'),
(137, 7, '何丽冰打字测速1.15.png', './upload/1452850964.png', '1452850964'),
(138, 7, 'who am i.png', './upload/1452850979.png', '1452850979'),
(139, 7, '余秋曼打字测试.png', './upload/1452851016.png', '1452851016'),
(140, 10, 'HTML脑图，余秋曼.png', './upload/1452863156.png', '1452863156'),
(141, 8, '魏子杰手稿.jpg', './upload/1452863578.jpg', '1452863578'),
(142, 4, 'Mp食道草图.zip', './upload/1452904202.zip', '1452904202'),
(143, 4, '何丽冰Mp食道草图.zip', './upload/1452904254.zip', '1452904254'),
(144, 8, '粱剑飞1.15（ps、手稿、原型图）.zip', './upload/1452905468.zip', '1452905468'),
(145, 11, '方泽锋1-16【打字测试】.jpg', './upload/1452908718.jpg', '1452908718'),
(146, 12, '魏子杰1.16设计.rar', './upload/1452932587.rar', '1452932587'),
(147, 13, '魏子杰1.16布局.rar', './upload/1452932611.rar', '1452932611'),
(148, 12, '魏子杰手稿.jpg', './upload/1452933190.jpg', '1452933190'),
(149, 11, '魏子杰1.16打字.jpg', './upload/1452934505.jpg', '1452934505'),
(150, 13, '方泽锋1-16【星辰工作室引导页面布局】.rar', './upload/1452935955.rar', '1452935955'),
(151, 12, '方泽锋1-16【星辰工作室引导页面布局】.rar', './upload/1452935972.rar', '1452935972'),
(152, 12, '方泽锋1-16【原型、手稿、ps布局】.rar', './upload/1452935978.rar', '1452935978'),
(153, 11, '1.16打字测速.png', './upload/1452938119.png', '1452938119'),
(154, 14, 'HTML脑图，余秋曼.jpg', './upload/1452948707.jpg', '1452948707'),
(155, 11, '余秋曼打字测试.png', './upload/1452948730.png', '1452948730'),
(156, 12, '余秋曼，手稿，原型图，ps.zip', './upload/1453025000.zip', '1453025000'),
(157, 11, '杨书明 1.16打字.png', './upload/1453033383.png', '1453033383'),
(158, 12, '杨书明 1.16手稿，原型图，ps设计.rar', './upload/1453035139.rar', '1453035139'),
(159, 14, '杨书明HTML脑图.png', './upload/1453035954.png', '1453035954'),
(160, 15, '素材.jpg', './upload/1453076913.jpg', '1453076913'),
(161, 15, 'Untitled-2.psd', './upload/1453085987.psd', '1453085987'),
(162, 15, '方泽锋1-18【模仿】.psd', './upload/1453086007.psd', '1453086007'),
(163, 16, '方泽锋1-18【打字测试】.png', './upload/1453086043.png', '1453086043'),
(164, 17, '方泽锋1-18【ps基础快捷键】.jpg', './upload/1453086084.jpg', '1453086084'),
(165, 17, '方泽锋1-18【html脑图】.png', './upload/1453087441.png', '1453087441'),
(166, 17, '方泽锋1-18【css脑图】.png', './upload/1453087442.png', '1453087442'),
(167, 17, '方泽锋1-18【ps界面手稿】.jpg', './upload/1453087574.jpg', '1453087574'),
(168, 12, '何丽冰20161.16.zip', './upload/1453090568.zip', '1453090568'),
(169, 16, '方泽锋1-18【打字测试新高】.png', './upload/1453097817.png', '1453097817'),
(170, 15, '杨书明ps.psd', './upload/1453102214.psd', '1453102214'),
(171, 17, '杨书明 photoshop手稿&快捷键 CSS&HTML脑图.rar', './upload/1453102314.rar', '1453102314'),
(172, 17, '魏子杰1.18脑图.rar', './upload/1453103423.rar', '1453103423'),
(173, 15, '魏子杰1.18模仿.psd', './upload/1453104368.psd', '1453104368'),
(174, 16, '杨书明1.18打字.jpg', './upload/1453104980.jpg', '1453104980'),
(175, 16, '魏子杰1.18打字.jpg', './upload/1453105056.jpg', '1453105056'),
(176, 15, 'ps余秋曼.psd', './upload/1453110146.psd', '1453110146'),
(177, 16, '2016.1.18何丽冰.png', './upload/1453113349.png', '1453113349'),
(178, 15, '界面模仿.psd', './upload/1453113374.psd', '1453113374'),
(179, 17, '何丽冰2016.1.18.zip', './upload/1453113395.zip', '1453113395'),
(180, 18, '制作质感UI元素（素材）.png', './upload/1453115604.png', '1453115604'),
(181, 18, '梁剑飞.psd', './upload/1453193187.psd', '1453193187'),
(182, 19, '梁剑飞.png', './upload/1453193217.png', '1453193217'),
(183, 18, '杨书明.psd', './upload/1453193344.psd', '1453193344'),
(184, 19, '杨书明.jpg', './upload/1453193381.jpg', '1453193381'),
(185, 20, '梁剑飞.html', './upload/1453193414.html', '1453193414'),
(186, 16, '余秋曼打字测试.png', './upload/1453193534.png', '1453193534'),
(187, 17, '余秋曼.zip', './upload/1453193553.zip', '1453193553'),
(188, 18, '余秋曼.制作质感UI元素（素材）.psd', './upload/1453193583.psd', '1453193583'),
(189, 18, '何丽冰20161.19  UI 制作.psd', './upload/1453193600.psd', '1453193600'),
(190, 20, '杨书明.html', './upload/1453193636.html', '1453193636'),
(191, 19, '方泽锋1-19【打字测试】.png', './upload/1453193788.png', '1453193788'),
(192, 18, '方泽锋1-19【质感UI元素】.psd', './upload/1453193812.psd', '1453193812'),
(193, 20, '方泽锋.html', './upload/1453194002.html', '1453194002'),
(194, 20, '魏子杰.html', './upload/1453194624.html', '1453194624'),
(195, 19, '魏子杰1.19打字.jpg', './upload/1453194644.jpg', '1453194644'),
(196, 18, '魏子杰1.19UI制作.psd', './upload/1453194682.psd', '1453194682'),
(197, 15, '2016-1-19PS测试.rar', './upload/1453195548.rar', '1453195548'),
(198, 19, '2016.1.19测速.png', './upload/1453196520.png', '1453196520'),
(199, 20, '余秋曼.html', './upload/1453207515.html', '1453207515'),
(200, 19, '余秋曼打字测试.png', './upload/1453207530.png', '1453207530'),
(201, 22, '方泽锋1-20【打字测试】.png', './upload/1453255682.png', '1453255682'),
(202, 21, '杨书明.psd', './upload/1453259975.psd', '1453259975'),
(203, 22, '1.20梁剑飞.jpg', './upload/1453270197.jpg', '1453270197'),
(204, 21, '播放器梁剑飞.psd', './upload/1453270276.psd', '1453270276'),
(205, 11, '粱剑飞.png', './upload/1453270839.png', '1453270839'),
(206, 11, '粱剑飞.png', './upload/1453270856.png', '1453270856'),
(207, 21, '方泽锋1-20【音乐按钮】.psd', './upload/1453274136.psd', '1453274136'),
(208, 22, '杨书明.png', './upload/1453277041.png', '1453277041'),
(209, 18, '2016-01-20 质感元素测试结果.rar', './upload/1453278181.rar', '1453278181'),
(210, 23, 'wzj.html', './upload/1453278299.html', '1453278299'),
(211, 21, '魏子杰1.20音乐播放器.psd', './upload/1453278718.psd', '1453278718'),
(212, 22, '魏子杰1.20打字.jpg', './upload/1453278733.jpg', '1453278733'),
(213, 23, '杨书明.html', './upload/1453279530.html', '1453279530'),
(214, 22, 'HLB  1.20.2016.png', './upload/1453279627.png', '1453279627'),
(215, 21, 'HLB  2016.1.20质感.psd', './upload/1453279713.psd', '1453279713'),
(216, 22, '余秋曼打字测试.png', './upload/1453283568.png', '1453283568'),
(217, 21, '余秋曼.psd', './upload/1453283583.psd', '1453283583'),
(218, 23, '余秋曼.html', './upload/1453287361.html', '1453287361'),
(219, 24, '质感表达练习(素材).jpg', './upload/1453336077.jpg', '1453336077'),
(220, 24, '参考界面v1.jpg', './upload/1453336268.jpg', '1453336268'),
(221, 24, '参考界面v2.png', './upload/1453336270.png', '1453336270'),
(222, 24, '参考界面v3.jpg', './upload/1453336271.jpg', '1453336271'),
(223, 24, '方泽锋1-21【 (质感练习】.jpg', './upload/1453345187.jpg', '1453345187'),
(224, 24, '方泽锋1-21【 (质感练习】.psd', './upload/1453346516.psd', '1453346516'),
(225, 25, '方泽锋1-21【打字测试】.png', './upload/1453346873.png', '1453346873'),
(226, 24, '杨书明.psd', './upload/1453347008.psd', '1453347008'),
(227, 25, '杨书明.jpg', './upload/1453347020.jpg', '1453347020'),
(228, 25, '梁剑飞1.21打字.png', './upload/1453363994.png', '1453363994'),
(229, 26, '方泽锋1-21【布局】.zip', './upload/1453364950.zip', '1453364950'),
(230, 26, '杨书明.rar', './upload/1453365167.rar', '1453365167'),
(231, 26, '梁剑飞.zip', './upload/1453365292.zip', '1453365292'),
(232, 26, '魏子杰1.21布局.html', './upload/1453365855.html', '1453365855'),
(233, 25, '魏子杰1.21打字.jpg', './upload/1453365873.jpg', '1453365873'),
(234, 24, '魏子杰1.21设计练习.psd', './upload/1453365901.psd', '1453365901'),
(235, 24, 'HLB1.21质感作业.psd', './upload/1453366540.psd', '1453366540'),
(236, 25, '余秋曼1.psd', './upload/1453366952.psd', '1453366952'),
(237, 24, '余秋曼1.psd', './upload/1453366963.psd', '1453366963'),
(238, 25, '余秋曼打字测试.png', './upload/1453367011.png', '1453367011'),
(239, 26, '余秋曼。布局.rar', './upload/1453367164.rar', '1453367164'),
(240, 21, '1.21测试(播放器测试).rar', './upload/1453367963.rar', '1453367963'),
(241, 25, 'HLB 测速2016.1.20.png', './upload/1453369752.png', '1453369752'),
(242, 24, '梁剑飞 补交1.21质感按钮.psd', './upload/1453422428.psd', '1453422428'),
(243, 27, '杨书明.jpg', './upload/1453434791.jpg', '1453434791'),
(244, 28, '杨书明.rar', './upload/1453434826.rar', '1453434826'),
(245, 28, '方泽锋1-22【ps设计稿】.psd', './upload/1453443631.psd', '1453443631'),
(246, 27, '方泽锋1-22【打字测试】.png', './upload/1453444287.png', '1453444287'),
(247, 27, '余秋曼打字测试.png', './upload/1453452002.png', '1453452002'),
(248, 27, '梁剑飞.jpg', './upload/1453452084.jpg', '1453452084'),
(249, 28, '梁剑飞.psd', './upload/1453452107.psd', '1453452107'),
(250, 28, '魏子杰1.22设计.psd', './upload/1453452575.psd', '1453452575'),
(251, 27, '魏子杰1.22打字.jpg', './upload/1453452589.jpg', '1453452589'),
(252, 29, '方泽锋22-23【布局】.zip', './upload/1453453227.zip', '1453453227'),
(253, 28, '余秋曼.rar', './upload/1453453391.rar', '1453453391'),
(254, 27, 'HLB 测速2016.1.20.png', './upload/1453457120.png', '1453457120'),
(255, 28, '手机版.psd', './upload/1453457166.psd', '1453457166'),
(256, 28, 'HLB1.22.rar', './upload/1453457347.rar', '1453457347'),
(257, 30, '方泽锋1-23【打字测试】.png', './upload/1453512955.png', '1453512955'),
(258, 30, '梁剑飞1.23打字.jpg', './upload/1453513449.jpg', '1453513449'),
(259, 30, '杨书明.jpg', './upload/1453537533.jpg', '1453537533'),
(260, 31, '杨书明.rar', './upload/1453537578.rar', '1453537578'),
(261, 32, '魏子杰1.23布局.rar', './upload/1453539227.rar', '1453539227'),
(262, 31, '魏子杰1.23设计.rar', './upload/1453539253.rar', '1453539253'),
(263, 30, '魏子杰1.23打字.jpg', './upload/1453539264.jpg', '1453539264'),
(264, 32, '方泽锋1-23【布局】.zip', './upload/1453539660.zip', '1453539660'),
(265, 31, '方泽锋1-23【ps设计】.psd', './upload/1453539683.psd', '1453539683'),
(266, 31, '余秋曼即时聊天界面绘制.rar', './upload/1453540297.rar', '1453540297'),
(267, 30, 'cs.png', './upload/1453541905.png', '1453541905'),
(268, 30, 'HLBcs.png', './upload/1453541944.png', '1453541944'),
(269, 31, '1.23测缘.rar', './upload/1453542071.rar', '1453542071'),
(270, 31, '方泽锋手稿.rar', './upload/1453542076.rar', '1453542076'),
(271, 31, '测缘.psd', './upload/1453542076.psd', '1453542076'),
(272, 31, '测缘聊天框.psd', './upload/1453542076.psd', '1453542076'),
(273, 31, '何丽冰手稿.JPG', './upload/1453542078.JPG', '1453542078'),
(274, 31, '魏子杰手稿.JPG', './upload/1453542081.JPG', '1453542081'),
(275, 31, '杨书明手稿.JPG', './upload/1453542084.JPG', '1453542084'),
(276, 31, '余秋曼.jpg', './upload/1453542087.jpg', '1453542087'),
(277, 31, '测缘.psd', './upload/1453542091.psd', '1453542091'),
(278, 31, '测缘聊天框.psd', './upload/1453542091.psd', '1453542091'),
(279, 31, 'HLB1.23测缘.rar', './upload/1453542105.rar', '1453542105'),
(280, 30, '余秋曼.png', './upload/1453545313.png', '1453545313'),
(281, 31, '梁剑飞.psd', './upload/1453682046.psd', '1453682046'),
(282, 34, '梁剑飞.jpg', './upload/1453710843.jpg', '1453710843'),
(283, 33, '梁剑飞施工中未完成.zip', './upload/1453710994.zip', '1453710994'),
(284, 35, '杨书明.psd', './upload/1453712177.psd', '1453712177'),
(285, 34, '杨书明.png', './upload/1453712844.png', '1453712844'),
(286, 34, '魏子杰1.25打字.jpg', './upload/1453712865.jpg', '1453712865'),
(287, 33, '魏子杰1.25布局.rar', './upload/1453712905.rar', '1453712905'),
(288, 33, 'WSC2015_TP17_Layout_A_EN.docx', './upload/1453713371.docx', '1453713371'),
(289, 33, '方泽锋.zip', './upload/1453713419.zip', '1453713419'),
(290, 34, '余秋曼.png', './upload/1453717371.png', '1453717371'),
(291, 35, '余秋曼.rar', './upload/1453717379.rar', '1453717379'),
(292, 34, 'HLBcs.png', './upload/1453718625.png', '1453718625'),
(293, 35, 'photoshop手机绘制 (2).psd', './upload/1453718630.psd', '1453718630'),
(294, 37, '杨书明.psd', './upload/1453779940.psd', '1453779940'),
(295, 37, 'HLB笔记本.psd', './upload/1453796881.psd', '1453796881'),
(296, 36, '梁剑飞.jpg', './upload/1453797305.jpg', '1453797305'),
(297, 36, '杨书明.jpg', './upload/1453797357.jpg', '1453797357'),
(298, 38, 'index.html', './upload/1453797431.html', '1453797431'),
(299, 38, '4912.png', './upload/1453797431.png', '1453797431'),
(300, 38, '5015.png', './upload/1453797431.png', '1453797431'),
(301, 38, '5016.png', './upload/1453797431.png', '1453797431'),
(302, 38, '5018.png', './upload/1453797431.png', '1453797431'),
(303, 38, '5040.png', './upload/1453797432.png', '1453797432'),
(304, 38, '5029.png', './upload/1453797432.png', '1453797432'),
(305, 38, 'ads.png', './upload/1453797432.png', '1453797432'),
(306, 38, '魏子杰1.26布局.rar', './upload/1453797447.rar', '1453797447'),
(307, 36, '魏子杰1.26打字.jpg', './upload/1453797471.jpg', '1453797471'),
(308, 37, '余秋曼.psd', './upload/1453798145.psd', '1453798145'),
(309, 38, '方泽锋.zip', './upload/1453798466.zip', '1453798466'),
(310, 36, '方泽锋1-26【打字测试】.png', './upload/1453798510.png', '1453798510'),
(311, 36, '余秋曼.png', './upload/1453798955.png', '1453798955'),
(312, 36, '1.26.png', './upload/1453800160.png', '1453800160'),
(313, 36, 'HLB.26.png', './upload/1453800179.png', '1453800179'),
(314, 41, 'web.rar', './upload/1453878183.rar', '1453878183'),
(315, 41, 'index.html', './upload/1453878224.html', '1453878224'),
(316, 41, '方泽锋1-27【布局】.zip', './upload/1453878367.zip', '1453878367'),
(317, 39, '方泽锋1-27【打字测试】.png', './upload/1453879002.png', '1453879002'),
(318, 39, '杨书明1.27打字速度.jpg', './upload/1453880498.jpg', '1453880498'),
(319, 40, '杨书明.psd', './upload/1453881620.psd', '1453881620'),
(320, 41, '方泽锋1-27【布局】.zip', './upload/1453883124.zip', '1453883124'),
(321, 41, '方泽锋1-27【布局】.zip', './upload/1453883708.zip', '1453883708'),
(322, 41, '梁剑飞施工中(新).zip', './upload/1453883725.zip', '1453883725'),
(323, 39, '梁剑飞.jpg', './upload/1453883757.jpg', '1453883757'),
(324, 41, '方泽锋1-27【布局】.zip', './upload/1453884332.zip', '1453884332'),
(325, 41, '魏子杰1.27布局.rar', './upload/1453884419.rar', '1453884419'),
(326, 39, '魏子杰1.27打字.jpg', './upload/1453884430.jpg', '1453884430'),
(327, 39, '余秋曼.png', './upload/1453887373.png', '1453887373'),
(328, 40, '余秋曼.rar', './upload/1453888682.rar', '1453888682'),
(329, 39, '1.27224.png', './upload/1453890287.png', '1453890287'),
(330, 39, 'HLB1.27.png', './upload/1453890325.png', '1453890325'),
(331, 40, '鞭炮.psd', './upload/1453890333.psd', '1453890333'),
(332, 40, 'HLB鞭炮.psd', './upload/1453890345.psd', '1453890345'),
(333, 44, '梁剑飞施工中(差460).zip', './upload/1453969973.zip', '1453969973'),
(334, 42, '杨书明1.28打字速度.jpg', './upload/1453969982.jpg', '1453969982'),
(335, 42, '梁剑飞.png', './upload/1453970002.png', '1453970002'),
(336, 42, '魏子杰1.28打字.jpg', './upload/1453970311.jpg', '1453970311'),
(337, 44, '魏子杰1.28布局.rar', './upload/1453970319.rar', '1453970319'),
(338, 44, '方泽锋.zip', './upload/1453970415.zip', '1453970415'),
(339, 42, '方泽锋.png', './upload/1453970496.png', '1453970496'),
(340, 43, '杨书明 香蕉.psd', './upload/1453970972.psd', '1453970972'),
(341, 43, '杨书明photoshop快捷键表.psd', './upload/1453970975.psd', '1453970975'),
(342, 43, 'HLB.rar', './upload/1453971634.rar', '1453971634'),
(343, 42, 'HLB1.28.png', './upload/1453974618.png', '1453974618'),
(344, 43, '余秋曼.rar', './upload/1453977157.rar', '1453977157'),
(345, 42, '余秋曼.png', './upload/1453977164.png', '1453977164'),
(346, 46, '1.28测试绘画香蕉.rar', './upload/1454039573.rar', '1454039573'),
(347, 45, '梁剑飞.zip', './upload/1454039576.zip', '1454039576'),
(348, 45, '方泽锋_layout_a.rar', './upload/1454039578.rar', '1454039578'),
(349, 46, '余秋曼.rar', './upload/1454039580.rar', '1454039580'),
(350, 46, '杨书明.rar', './upload/1454039581.rar', '1454039581'),
(351, 45, '魏子杰_layout_a.zip', './upload/1454039591.zip', '1454039591'),
(352, 45, '梁家俊_Layout _A.zip', './upload/1454039609.zip', '1454039609'),
(353, 45, 'index.html', './upload/1454039623.html', '1454039623'),
(354, 45, 'photo-gallery.js', './upload/1454039623.js', '1454039623'),
(355, 45, 'style.css', './upload/1454039624.css', '1454039624'),
(356, 45, 'sample.html', './upload/1454039624.html', '1454039624'),
(357, 45, '5015.png', './upload/1454039624.png', '1454039624'),
(358, 45, '4912.png', './upload/1454039624.png', '1454039624'),
(359, 45, 'index.html', './upload/1454039659.html', '1454039659'),
(360, 45, 'photo-gallery.js', './upload/1454039659.js', '1454039659'),
(361, 45, 'style.css', './upload/1454039659.css', '1454039659'),
(362, 45, 'sample.html', './upload/1454039659.html', '1454039659'),
(363, 45, '4912.png', './upload/1454039659.png', '1454039659'),
(364, 45, '5015.png', './upload/1454039659.png', '1454039659'),
(365, 45, '5016.png', './upload/1454039659.png', '1454039659'),
(366, 45, '谢贵_layout_a.zip', './upload/1454039680.zip', '1454039680'),
(367, 46, 'HLB1.28测试绘画香蕉.rar', './upload/1454039703.rar', '1454039703'),
(368, 45, '陈锦浩_Layout _A.zip', './upload/1454039804.zip', '1454039804'),
(369, 45, '陈锦浩_Layout _A.zip', './upload/1454039812.zip', '1454039812'),
(370, 45, 'wzm layout a.zip', './upload/1454039838.zip', '1454039838'),
(371, 47, '方泽锋1-29.png', './upload/1454055185.png', '1454055185'),
(372, 47, '余秋曼.png', './upload/1454113807.png', '1454113807'),
(373, 48, '设计测试素材包.rar', './upload/1454113852.rar', '1454113852'),
(374, 47, '杨书明1.29打字速度.jpg', './upload/1454113892.jpg', '1454113892'),
(375, 47, 'HLB.1.29.png', './upload/1454114496.png', '1454114496'),
(376, 49, 'wzm layout a.zip', './upload/1454124312.zip', '1454124312'),
(377, 49, 'wzm layout a.zip', './upload/1454124485.zip', '1454124485'),
(378, 49, '梁家俊_Layout _A.zip', './upload/1454124704.zip', '1454124704'),
(379, 49, '魏子杰_layout_a.rar', './upload/1454124757.rar', '1454124757'),
(380, 49, '谢贵_layout_a.zip', './upload/1454124784.zip', '1454124784'),
(381, 48, '余秋曼.rar', './upload/1454124809.rar', '1454124809'),
(382, 48, '梁剑飞Layout A - 3hrs - Hotel V.rar', './upload/1454124819.rar', '1454124819'),
(383, 49, '梁剑飞Layout A - 3hrs - Hotel V.rar', './upload/1454124826.rar', '1454124826'),
(384, 50, '魏子杰1.30打字.jpg', './upload/1454125334.jpg', '1454125334'),
(385, 48, '杨书明1.30测试.zip', './upload/1454125557.zip', '1454125557'),
(386, 50, '杨书明1.30打字速度.jpg', './upload/1454126401.jpg', '1454126401'),
(387, 50, '余秋曼.png', './upload/1454126761.png', '1454126761'),
(388, 48, 'HLB1.30.rar', './upload/1454133933.rar', '1454133933'),
(389, 50, 'HLB.png', './upload/1454146391.png', '1454146391'),
(390, 51, '杨书明.rar', './upload/1455525684.rar', '1455525684'),
(391, 51, '方泽锋.zip', './upload/1455527409.zip', '1455527409'),
(392, 51, '魏子杰.rar', './upload/1455528712.rar', '1455528712'),
(393, 51, '余秋曼寒假作业.rar', './upload/1455530101.rar', '1455530101'),
(394, 51, 'HLB.寒假.rar', './upload/1455537318.rar', '1455537318'),
(395, 51, 'HLB。测速.png', './upload/1455537793.png', '1455537793'),
(396, 51, '谢贵__寒假作业.zip', './upload/1455581051.zip', '1455581051'),
(397, 51, '梁家俊.zip', './upload/1455581137.zip', '1455581137'),
(398, 51, '吴梓铭.zip', './upload/1455581670.zip', '1455581670'),
(399, 51, '吴梓铭.zip', './upload/1455581855.zip', '1455581855'),
(400, 51, '谢贵__lauoub布局最新.zip', './upload/1455585619.zip', '1455585619'),
(401, 56, '方泽锋.zip', './upload/1455604734.zip', '1455604734'),
(402, 52, '方泽锋.png', './upload/1455604781.png', '1455604781'),
(403, 53, '杨书明.psd', './upload/1455607598.psd', '1455607598'),
(404, 54, '杨书明.html', './upload/1455607662.html', '1455607662'),
(405, 52, '杨书明2.16打字速度.jpg', './upload/1455607710.jpg', '1455607710'),
(406, 56, '魏子杰.html', './upload/1455613891.html', '1455613891'),
(407, 52, '魏子杰.jpg', './upload/1455613920.jpg', '1455613920'),
(408, 54, '余秋曼.rar', './upload/1455616459.rar', '1455616459'),
(409, 53, '余秋曼.psd', './upload/1455616599.psd', '1455616599'),
(410, 52, '余秋曼.png', './upload/1455618910.png', '1455618910'),
(411, 53, 'HLB.psd', './upload/1455625508.psd', '1455625508'),
(412, 54, 'HLB (2).psd', './upload/1455625525.psd', '1455625525'),
(413, 54, 'HLB (3).psd', './upload/1455625535.psd', '1455625535'),
(414, 52, 'HLB.png', './upload/1455625745.png', '1455625745'),
(415, 55, '1.png', './upload/1455668790.png', '1455668790'),
(416, 55, '梁家俊_mockups_preview.png', './upload/1455668790.png', '1455668790'),
(417, 55, '梁家俊_computer.png', './upload/1455668790.png', '1455668790'),
(418, 55, '梁家俊.zip', './upload/1455668812.zip', '1455668812'),
(419, 55, '谢贵 _Design_B.zip', './upload/1455668856.zip', '1455668856'),
(420, 55, '陈浩.zip', './upload/1455669000.zip', '1455669000'),
(421, 55, 'wzm_Design_B.zip', './upload/1455669003.zip', '1455669003'),
(422, 57, '杨书明2.17打字速度.jpg', './upload/1455694578.jpg', '1455694578'),
(423, 58, '杨书明.rar', './upload/1455697275.rar', '1455697275'),
(424, 59, '方泽锋.zip', './upload/1455700514.zip', '1455700514'),
(425, 57, '方泽锋.png', './upload/1455700560.png', '1455700560'),
(426, 59, '魏子杰.html', './upload/1455700856.html', '1455700856'),
(427, 57, '魏子杰.jpg', './upload/1455700913.jpg', '1455700913'),
(428, 58, '余秋曼.rar', './upload/1455703441.rar', '1455703441'),
(429, 57, '余秋曼.png', './upload/1455704700.png', '1455704700'),
(430, 57, 'HLB打字.png', './upload/1455704758.png', '1455704758'),
(431, 58, 'HLB.rar', './upload/1455704794.rar', '1455704794'),
(432, 63, '方泽锋.zip', './upload/1455780681.zip', '1455780681'),
(433, 60, '方泽锋.png', './upload/1455781256.png', '1455781256'),
(434, 61, '杨书明.rar', './upload/1455784222.rar', '1455784222'),
(435, 60, '杨书明2.18打字速度.jpg', './upload/1455784236.jpg', '1455784236'),
(436, 63, '魏子杰.html', './upload/1455787754.html', '1455787754'),
(437, 60, '魏子杰.jpg', './upload/1455787774.jpg', '1455787774'),
(438, 60, '余秋曼.png', './upload/1455791193.png', '1455791193'),
(439, 61, '余秋曼.rar', './upload/1455791208.rar', '1455791208'),
(440, 60, '172.png', './upload/1455792996.png', '1455792996'),
(441, 61, 'HLB.rar', './upload/1455793044.rar', '1455793044'),
(442, 61, 'HLB.rar', './upload/1455793144.rar', '1455793144'),
(443, 64, '杨书明2.19打字速度.jpg', './upload/1455874323.jpg', '1455874323'),
(444, 64, '方泽锋.png', './upload/1455874326.png', '1455874326'),
(445, 65, '方泽锋.zip', './upload/1455874334.zip', '1455874334'),
(446, 67, '杨书明.rar', './upload/1455874334.rar', '1455874334'),
(447, 65, '魏子杰.html', './upload/1455874457.html', '1455874457'),
(448, 64, '魏子杰.jpg', './upload/1455874470.jpg', '1455874470'),
(449, 67, '余秋曼.psd', './upload/1455878060.psd', '1455878060'),
(450, 67, 'fu2.psd', './upload/1455878069.psd', '1455878069'),
(451, 64, '206.png', './upload/1455878074.png', '1455878074'),
(452, 64, '余秋曼.jpg', './upload/1455878103.jpg', '1455878103'),
(453, 68, '方泽锋.png', './upload/1455961001.png', '1455961001'),
(454, 68, '魏子杰.jpg', './upload/1455961100.jpg', '1455961100'),
(455, 71, '魏子杰.rar', './upload/1455961117.rar', '1455961117'),
(456, 70, '余秋曼.rar', './upload/1455965251.rar', '1455965251'),
(457, 68, '余秋曼.png', './upload/1455965293.png', '1455965293'),
(458, 68, 'HLB.png', './upload/1455965664.png', '1455965664'),
(459, 69, 'HLB.rar', './upload/1456047142.rar', '1456047142'),
(460, 70, '余秋曼1.rar', './upload/1456050654.rar', '1456050654'),
(461, 70, '余秋曼2.rar', './upload/1456050657.rar', '1456050657'),
(462, 70, '杨书明.rar', './upload/1456100847.rar', '1456100847'),
(463, 71, '方泽锋.html', './upload/1456100854.html', '1456100854'),
(464, 68, '杨书明2.20打字速度.jpg', './upload/1456100871.jpg', '1456100871'),
(465, 74, '方泽锋.zip', './upload/1456130710.zip', '1456130710'),
(466, 72, '魏子杰.jpg', './upload/1456131304.jpg', '1456131304'),
(467, 72, '方泽锋.png', './upload/1456131328.png', '1456131328'),
(468, 74, '魏子杰.rar', './upload/1456131389.rar', '1456131389'),
(469, 72, '杨书明2.22打字速度.jpg', './upload/1456134489.jpg', '1456134489'),
(470, 72, 'HLb (2).png', './upload/1456135704.png', '1456135704'),
(471, 73, '37.png', './upload/1456135754.png', '1456135754'),
(472, 73, '37.png', './upload/1456135770.png', '1456135770'),
(473, 73, 'HLB2.22.rar', './upload/1456135775.rar', '1456135775'),
(474, 73, '余秋曼1.rar', './upload/1456148756.rar', '1456148756'),
(475, 72, '余秋曼.png', './upload/1456186769.png', '1456186769'),
(476, 73, 'ysm.rar', './upload/1456187475.rar', '1456187475'),
(477, 76, 'ysm.rar', './upload/1456217170.rar', '1456217170'),
(478, 75, '杨书明2.23打字速度.jpg', './upload/1456218321.jpg', '1456218321'),
(479, 75, '余秋曼.png', './upload/1456220290.png', '1456220290'),
(480, 76, 'ysm.rar', './upload/1456220368.rar', '1456220368'),
(481, 75, '魏子杰.jpg', './upload/1456222145.jpg', '1456222145'),
(482, 77, '魏子杰.rar', './upload/1456222208.rar', '1456222208'),
(483, 75, '方泽锋.png', './upload/1456222285.png', '1456222285'),
(484, 76, 'HLB.psd', './upload/1456223215.psd', '1456223215'),
(485, 76, 'HLB.psd', './upload/1456223316.psd', '1456223316'),
(486, 75, '一分195.png', './upload/1456223374.png', '1456223374'),
(487, 76, '余秋曼.html', './upload/1456223528.html', '1456223528'),
(488, 78, '方泽锋.png', './upload/1456305073.png', '1456305073'),
(489, 78, '魏子杰.png', './upload/1456305083.png', '1456305083'),
(490, 78, '杨书明2.24打字速度.png', './upload/1456305149.png', '1456305149'),
(491, 79, 'ysm.rar', './upload/1456305197.rar', '1456305197'),
(492, 79, '余秋曼。.rar', './upload/1456310893.rar', '1456310893'),
(493, 78, '余秋曼.png', './upload/1456311577.png', '1456311577'),
(494, 78, 'HLB.psd', './upload/1456311953.psd', '1456311953'),
(495, 78, 'HLB.png', './upload/1456311970.png', '1456311970'),
(496, 79, 'HLB.psd', './upload/1456311974.psd', '1456311974'),
(497, 80, '方泽锋.png', './upload/1456392147.png', '1456392147'),
(498, 80, '魏子杰.jpg', './upload/1456392172.jpg', '1456392172'),
(499, 80, '杨书明2.25打字速度.jpg', './upload/1456393632.jpg', '1456393632'),
(500, 81, 'ysm.rar', './upload/1456393650.rar', '1456393650'),
(501, 81, 'HLB.rar', './upload/1456396442.rar', '1456396442'),
(502, 80, '余秋曼.png', './upload/1456397865.png', '1456397865'),
(503, 81, 'YQM.rar', './upload/1456397893.rar', '1456397893'),
(504, 80, 'hlb (2).png', './upload/1456398741.png', '1456398741'),
(505, 82, '余秋曼.png', './upload/1456477655.png', '1456477655'),
(506, 83, '余秋曼.rar', './upload/1456478453.rar', '1456478453'),
(507, 82, 'HLB.rar', './upload/1456481186.rar', '1456481186'),
(508, 82, 'HLB.png', './upload/1456481785.png', '1456481785'),
(509, 83, 'HLB.rar', './upload/1456481796.rar', '1456481796'),
(510, 83, 'ysm.rar', './upload/1456532569.rar', '1456532569'),
(511, 82, '杨书明2.26打字速度.jpg', './upload/1456532675.jpg', '1456532675'),
(512, 3, '1452764318.psd', './upload/1457161581.psd', '1457161581'),
(513, 3, '测试.psd', './upload/1457161619.psd', '1457161619');

-- --------------------------------------------------------

--
-- 表的结构 `homework_subject`
--

CREATE TABLE IF NOT EXISTS `homework_subject` (
  `id` int(11) NOT NULL AUTO_INCREMENT,
  `name` varchar(100) NOT NULL,
  `people` varchar(200) NOT NULL,
  `author` varchar(100) NOT NULL,
  `time` varchar(200) NOT NULL,
  `desc` text NOT NULL,
  PRIMARY KEY (`id`)
) ENGINE=MyISAM  DEFAULT CHARSET=utf8 AUTO_INCREMENT=84 ;

--
-- 转存表中的数据 `homework_subject`
--

INSERT INTO `homework_subject` (`id`, `name`, `people`, `author`, `time`, `desc`) VALUES
(4, '设计（原型、PSD）', '方泽锋、魏子杰、梁剑飞、杨书明、余秋曼、何丽冰', 'zz', '1452762790', ''),
(3, '打字', '方泽锋、魏子杰、梁剑飞、杨书明、余秋曼、何丽冰', 'zz', '1452758131', '打字'),
(5, '美食APP布局', '方泽锋、魏子杰、梁剑飞', 'zz', '1452762887', ''),
(6, '脑图 (HTML CSS)', '杨书明、余秋曼', 'zz', '1452762904', ''),
(7, '打字成绩', '方泽锋、魏子杰、梁剑飞、杨书明、余秋曼、何丽冰', 'zz', '1452821665', ''),
(8, '设计(手稿、原型、设计稿)', '方泽锋、魏子杰、梁剑飞、杨书明、余秋曼、何丽冰', 'zz', '1452821698', ''),
(9, '“精彩瞬间”布局', '方泽锋、魏子杰、梁剑飞', 'zz', '1452821739', ''),
(10, '其它(脑图、或其它成果)', '杨书明、余秋曼', 'zz', '1452821769', ''),
(11, '周六打字速度', '方泽锋、魏子杰、梁剑飞、杨书明、余秋曼、何丽冰', 'zz', '1452905699', ''),
(12, '设计(手稿、原型图、设计稿)', '方泽锋、魏子杰、梁剑飞、杨书明、余秋曼、何丽冰', 'zz', '1452905972', ''),
(13, '布局 ( 精英班管理系统 优化)', '方泽锋、魏子杰、梁剑飞', 'zz', '1452906122', ''),
(14, '其它（脑图或其它）', '杨书明、余秋曼', 'zz', '1452906164', ''),
(15, '界面模仿', '方泽锋、魏子杰、梁剑飞、杨书明、余秋曼、何丽冰', 'zz', '1453076898', ''),
(16, '周一打字', '方泽锋、魏子杰、梁剑飞、杨书明、余秋曼、何丽冰', 'zz', '1453078098', ''),
(17, '其它（脑图或其它）', '方泽锋、魏子杰、梁剑飞、杨书明、余秋曼', 'zz', '1453078163', ''),
(18, '星期二：界面模仿 - 制作质感UI元素', '方泽锋、魏子杰、梁剑飞、杨书明、余秋曼、何丽冰', 'zz', '1453115600', ''),
(19, '周二打字', '方泽锋、魏子杰、梁剑飞、杨书明、余秋曼、何丽冰', 'zz', '1453193200', ''),
(20, '布局', '方泽锋、魏子杰、梁剑飞、杨书明、余秋曼', 'zz', '1453193226', ''),
(21, '界面模仿-制作质感音乐播放器', '方泽锋、魏子杰、梁剑飞、杨书明、余秋曼、何丽冰', 'zz', '1453255228', ''),
(22, '周三打字', '方泽锋、魏子杰、梁剑飞、杨书明、余秋曼、何丽冰', 'zz', '1453255312', ''),
(23, '布局', ' 方泽锋、魏子杰、梁剑飞、杨书明、余秋曼', 'zz', '1453255347', ''),
(24, '星期四设计练习（质感的表达）', '方泽锋、魏子杰、梁剑飞、杨书明、余秋曼、何丽冰', 'zz', '1453336060', ''),
(25, '周四打字', '方泽锋、魏子杰、梁剑飞、杨书明、余秋曼、何丽冰', 'zz', '1453346836', ''),
(26, '布局', '方泽锋、魏子杰、梁剑飞、杨书明、余秋曼', 'zz', '1453346923', ''),
(27, '周五打字', '方泽锋、魏子杰、梁剑飞、杨书明、余秋曼、何丽冰', 'zz', '1453424413', ''),
(28, '设计', '方泽锋、魏子杰、梁剑飞、杨书明、余秋曼、何丽冰', 'zz', '1453424449', ''),
(29, '布局', '方泽锋、魏子杰、梁剑飞、杨书明、余秋曼', 'zz', '1453444737', ''),
(30, '周六打字', '方泽锋、魏子杰、梁剑飞、杨书明、余秋曼、何丽冰', 'zz', '1453512747', ''),
(31, '1V1即时聊天界面绘制', '方泽锋、魏子杰、梁剑飞、杨书明、余秋曼、何丽冰', 'zz', '1453512773', ''),
(32, '1V1匿名聊天界面绘制', '方泽锋、魏子杰、梁剑飞', 'zz', '1453513384', ''),
(33, 'Layout A 1450px 基本布局 （7人要交）', '方泽锋、魏子杰、梁剑飞 + 工作室4人', 'zz', '1453692179', ''),
(34, '星期一打字', '方泽锋、魏子杰、梁剑飞、杨书明、余秋曼、何丽冰', 'zz', '1453692195', ''),
(35, '设计：使用Photoshop画一台手机', '杨书明、余秋曼、何丽冰', 'zz', '1453692219', ''),
(36, '周二打字', '方泽锋、魏子杰、梁剑飞、杨书明、余秋曼、何丽冰', 'zz', '1453772644', ''),
(37, '设计：给制一本书或一个笔记本子', '杨书明、余秋曼、何丽冰', 'zz', '1453772673', ''),
(38, '布局：世赛layout A布局', '泽锋、魏子杰、梁剑飞', 'zz', '1453772697', ''),
(39, '周三打字', '方泽锋、魏子杰、梁剑飞、杨书明、余秋曼、何丽冰', 'zz', '1453861253', ''),
(40, '设计：画鞭炮，找回年味', '杨书明、余秋曼、何丽冰', 'zz', '1453861282', ''),
(41, '布局', '方泽锋、魏子杰、梁剑飞', 'zz', '1453861307', ''),
(42, '周四打字', '方泽锋、魏子杰、梁剑飞、杨书明、余秋曼、何丽冰', 'zz', '1453945111', ''),
(43, '设计：快捷键速查表 & 香蕉', '杨书明、余秋曼、何丽冰', 'zz', '1453945142', ''),
(44, '布局', '方泽锋、魏子杰、梁剑飞', 'zz', '1453945158', ''),
(45, '周五：Module A 布局测试 7 位同学', '7位同学', 'zz', '1454038377', ''),
(46, '周五：设计测试，画剥皮香蕉', '杨书明、余秋曼、何丽冰', 'zz', '1454038411', ''),
(47, '周五打字', '方泽锋、魏子杰、梁剑飞、杨书明、余秋曼、何丽冰', 'zz', '1454055160', ''),
(48, '设计—周六测试', '杨书明、余秋曼、何丽冰', 'zz', '1454113848', ''),
(49, '布局 5人  - WSC Module_Layout 测试', '5人', 'zz', '1454113896', ''),
(50, '周六打字', '方泽锋、魏子杰、梁剑飞、杨书明、余秋曼、何丽', 'zz', '1454115755', ''),
(51, '寒假15天作品提交', '所有人', 'zz', '1455501279', ''),
(52, '周二打字', '', 'zz', '1455588215', ''),
(53, '周二：彭罗斯悖论三角', '杨书明、余秋曼、何丽冰', 'zz', '1455588256', ''),
(54, '周二：登陆界面的制作', '杨书明、余秋曼、何丽冰', 'zz', '1455588299', '杨书明和余秋曼制作网页版，何丽冰交图片即可'),
(55, '周二：Design B 卖卡车 重设计', '', 'zz', '1455588325', ''),
(56, '周二：JS猜字游戏', '方泽锋、魏子杰', 'zz', '1455588375', ''),
(57, '周三打字', '', 'zz', '1455689408', ''),
(58, '周三:注册页面设计和布局', '杨书明、余秋曼、何丽冰', 'zz', '1455689445', ''),
(59, '周三:反弹球小游戏', '方泽锋、魏子杰', 'zz', '1455689465', ''),
(60, '周四：打字', '', 'zz', '1455776304', ''),
(61, '周四：列表设计和布局', '杨书明、余秋曼、何丽冰', 'zz', '1455776319', ''),
(62, '周四：列表设计和布局', '杨书明、余秋曼、何丽冰', 'zz', '1455776569', ''),
(63, '周四：随机竞速小游戏', '方泽锋、魏子杰', 'zz', '1455776928', ''),
(64, '周五打字', '方泽锋、魏子杰、杨书明、余秋曼、何丽冰', 'zz', '1455874195', ''),
(65, '周五猜拳小游戏', '方泽锋、魏子杰', 'zz', '1455874237', ''),
(66, '周五布局', '杨书明、余秋曼', 'zz', '1455874269', ''),
(67, '周五PS设计', '杨书明、余秋曼、何丽冰', 'zz', '1455874311', ''),
(68, '周六打字', '方泽锋、魏子杰、杨书明、余秋曼、何丽冰', 'zz', '1455960980', ''),
(69, '周六PS', '', 'zz', '1455961014', ''),
(70, '周六布局', '', 'zz', '1455961030', ''),
(71, '周六打地鼠小游戏', '', 'zz', '1455961044', ''),
(72, '周一打字', '', 'zz', '1456108827', ''),
(73, '周一设计组同学作品提交', '', 'zz', '1456108849', ''),
(74, '周一前端组同学作品提交', '', 'zz', '1456108860', ''),
(75, '周二打字', '', 'zz', '1456190359', ''),
(76, '我的英语词典 设计版和布局版', '', 'zz', '1456190480', ''),
(77, '拼图游戏暂存', '', 'zz', '1456190494', ''),
(78, '周三打字', '', 'zz', '1456305069', ''),
(79, '周三设计组提交', '', 'zz', '1456305092', ''),
(80, '周四打字', '', 'zz', '1456392142', ''),
(81, '周四设计组作业提交', '', 'zz', '1456392186', ''),
(82, '周五打字', '', 'zz', '1456475818', ''),
(83, '周五 设计组 3 人作品', '', 'zz', '1456475836', '');

-- --------------------------------------------------------

--
-- 表的结构 `mark_plan`
--

CREATE TABLE IF NOT EXISTS `mark_plan` (
  `id` int(11) NOT NULL AUTO_INCREMENT,
  `start_date` date NOT NULL,
  `end_date` date NOT NULL,
  `year` int(11) NOT NULL,
  `month` int(11) NOT NULL,
  `start` int(11) NOT NULL,
  `end` int(11) NOT NULL,
  `content` varchar(200) NOT NULL,
  `user_id` int(11) NOT NULL,
  `event` int(1) NOT NULL,
  `is_teacher` int(1) NOT NULL,
  PRIMARY KEY (`id`)
) ENGINE=MyISAM  DEFAULT CHARSET=utf8 AUTO_INCREMENT=774 ;

--
-- 转存表中的数据 `mark_plan`
--

INSERT INTO `mark_plan` (`id`, `start_date`, `end_date`, `year`, `month`, `start`, `end`, `content`, `user_id`, `event`, `is_teacher`) VALUES
(84, '2015-12-21', '2015-12-23', 2015, 12, 21, 23, '后台管理功能', 15, 1, 0),
(83, '2015-12-19', '2015-12-19', 2015, 12, 19, 19, '打字速度190', 20, 1, 0),
(82, '2015-12-23', '2015-12-23', 2015, 12, 23, 23, 'Javascript脑图', 15, 2, 0),
(80, '2015-12-21', '2015-12-22', 2015, 12, 21, 22, 'HTML5+CSS3归零', 15, 1, 0),
(81, '2015-12-21', '2015-12-26', 2015, 12, 21, 26, 'PHP加回复功能，练习布局速度', 20, 0, 0),
(79, '2015-12-16', '2015-12-18', 2015, 12, 16, 18, '晚上弄懂Photoshop各个按钮的应用，顺便看下JQ教程', 20, 2, 0),
(78, '2015-12-16', '2015-12-16', 2015, 12, 16, 16, '设计课', 20, 1, 0),
(77, '2015-12-18', '2015-12-19', 2015, 12, 18, 19, '准备分享内容', 15, 1, 0),
(76, '2015-12-10', '2015-12-10', 2015, 12, 10, 10, 'iphone响应式', 20, 1, 0),
(75, '2015-12-17', '2015-12-17', 2015, 12, 17, 17, 'FLEX的研究', 15, 2, 0),
(74, '2015-12-14', '2015-12-16', 2015, 12, 14, 16, '题目判断对错+交互效果', 15, 1, 0),
(73, '2015-12-07', '2015-12-11', 2015, 12, 7, 11, '看完HTML,CSS,H5,CSS3并做脑图，打字速度上170', 20, 1, 0),
(72, '2015-12-14', '2015-12-15', 2015, 12, 14, 15, 'JS DOM+PHP脑图', 15, 1, 0),
(71, '2015-12-10', '2015-12-12', 2015, 12, 10, 12, 'HTML+CSS技术归零', 15, 1, 0),
(70, '2015-12-09', '2015-12-10', 2015, 12, 9, 10, '题目判断对错', 15, 2, 0),
(69, '2015-12-08', '2015-12-08', 2015, 12, 8, 8, '拖拽上传', 15, 1, 0),
(68, '2015-12-01', '2015-12-31', 2015, 12, 1, 31, '练习布局速度+1', 15, 1, 0),
(67, '2015-12-26', '2015-12-26', 2015, 12, 26, 26, '发布', 16, 1, 0),
(66, '2015-12-07', '2015-12-08', 2015, 12, 7, 8, '优化软件仓库界面', 15, 1, 0),
(65, '2015-12-24', '2015-12-25', 2015, 12, 24, 25, '解决bug', 16, 1, 0),
(64, '2015-12-22', '2015-12-22', 2015, 12, 22, 22, '添加页码', 16, 1, 0),
(63, '2015-12-14', '2015-12-14', 2015, 12, 14, 14, 'QQ接口分享', 16, 1, 0),
(62, '2015-12-11', '2015-12-12', 2015, 12, 11, 12, 'OAuth整理', 16, 1, 0),
(61, '2015-12-21', '2015-12-26', 2015, 12, 21, 26, '慕课视频JQ', 16, 1, 0),
(60, '2015-12-14', '2015-12-19', 2015, 12, 14, 19, '慕课视频DOM', 16, 1, 0),
(59, '2015-12-07', '2015-12-12', 2015, 12, 7, 12, '慕课JS视频', 16, 1, 0),
(58, '2015-12-18', '2015-12-19', 2015, 12, 18, 19, '解决bug', 16, 1, 0),
(57, '2015-12-15', '2015-12-15', 2015, 12, 15, 15, '添加后台', 16, 1, 0),
(56, '2015-12-09', '2015-12-09', 2015, 12, 9, 9, '添加LOGO', 16, 1, 0),
(55, '2015-12-08', '2015-12-08', 2015, 12, 8, 8, 'QQ登录', 16, 2, 0),
(85, '2015-12-24', '2015-12-25', 2015, 12, 24, 25, '项目测试', 15, 1, 0),
(86, '2015-12-14', '2015-12-25', 2015, 12, 14, 25, 'PS中级证练习', 15, 1, 0),
(87, '2015-12-26', '2015-12-26', 2015, 12, 26, 26, '发布互动中心', 20, 0, 0),
(88, '2015-12-22', '2015-12-23', 2015, 12, 22, 23, '用户数据可视化列表', 15, 1, 0),
(89, '2015-12-24', '2015-12-24', 2015, 12, 24, 24, '回复功能', 20, 0, 0),
(90, '2015-12-21', '2015-12-21', 2015, 12, 21, 21, '分享Angualarjs', 15, 1, 0),
(91, '2015-12-21', '2015-12-26', 2015, 12, 21, 26, '完成技能树初版', 14, 1, 0),
(92, '2015-12-01', '2015-12-13', 2015, 12, 1, 13, '技能树型图画图算法', 14, 1, 0),
(93, '2015-12-07', '2015-12-13', 2015, 12, 7, 13, 'SVG脑图', 14, 2, 0),
(94, '2015-12-14', '2015-12-20', 2015, 12, 14, 20, '技能树数据（增、删、改、查）', 14, 1, 0),
(118, '2015-12-31', '2015-12-31', 2015, 12, 31, 31, '月总结', 16, 0, 0),
(131, '2015-12-28', '2015-12-28', 2015, 12, 28, 28, 'Javascript脑图', 15, 1, 0),
(119, '2015-12-28', '2015-12-28', 2015, 12, 28, 28, 'Module H 动画滚动', 20, 1, 0),
(120, '2015-12-28', '2015-12-30', 2015, 12, 28, 30, '晚上photoshop练习', 20, 0, 0),
(121, '2015-12-29', '2015-12-29', 2015, 12, 29, 29, 'Module H的其他功能设置', 20, 0, 0),
(122, '2015-12-30', '2015-12-30', 2015, 12, 30, 30, '设计课', 20, 0, 0),
(123, '2015-12-31', '2015-12-31', 2015, 12, 31, 31, 'Module检测评分', 20, 0, 0),
(124, '2015-12-31', '2015-12-31', 2015, 12, 31, 31, '月总结', 20, 0, 0),
(125, '2015-12-28', '2015-12-31', 2015, 12, 28, 31, '每天看书1小时', 20, 0, 0),
(126, '2015-12-29', '2015-12-30', 2015, 12, 29, 30, '继续深入了解HTML各个标签和css的研究', 20, 0, 0),
(128, '2015-12-28', '2015-12-28', 2015, 12, 28, 28, '整理教程和复习英语', 16, 1, 0),
(129, '2015-12-29', '2015-12-30', 2015, 12, 29, 30, '模块H', 16, 0, 0),
(130, '2015-12-31', '2015-12-31', 2015, 12, 31, 31, '布局一个页面', 20, 0, 0),
(132, '2015-12-28', '2015-12-29', 2015, 12, 28, 29, '检查答题系统的bug', 15, 1, 0),
(133, '2015-12-29', '2015-12-29', 2015, 12, 29, 29, '练习H页面', 15, 1, 0),
(134, '2015-12-28', '2015-12-31', 2015, 12, 28, 31, '自己练习一些布局组件', 15, 1, 0),
(138, '2015-12-31', '2015-12-31', 2015, 12, 31, 31, '完善H页面', 15, 2, 0),
(136, '2015-12-30', '2015-12-30', 2015, 12, 30, 30, 'JS DOM脑图重新复习', 15, 1, 0),
(137, '2015-12-30', '2015-12-31', 2015, 12, 30, 31, 'Phpexcel的学习导出', 15, 2, 0),
(139, '2015-12-28', '2015-12-31', 2015, 12, 28, 31, '看一本书', 15, 2, 0),
(140, '2015-12-31', '2015-12-31', 2015, 12, 31, 31, '月总结', 15, 1, 0),
(141, '2015-12-28', '2015-12-30', 2015, 12, 28, 30, '准备21CN的PPT', 15, 1, 0),
(142, '2015-12-28', '2015-12-28', 2015, 12, 28, 28, '思考PPT介绍内容、月记、', 20, 0, 0),
(143, '2015-12-28', '2015-12-31', 2015, 12, 28, 31, '演讲PPT', 14, 1, 0),
(144, '2015-12-28', '2015-12-31', 2015, 12, 28, 31, '准备下周分享内容', 14, 1, 0),
(145, '2015-12-28', '2015-12-31', 2015, 12, 28, 31, 'Module H', 14, 1, 0),
(146, '2015-12-28', '2015-12-31', 2015, 12, 28, 31, '看书', 14, 1, 0),
(147, '2015-12-28', '2015-12-31', 2015, 12, 28, 31, 'Js笔记', 14, 1, 0),
(148, '2015-12-28', '2015-12-28', 2015, 12, 28, 28, '150~200单词', 14, 1, 0),
(149, '2015-12-31', '2015-12-31', 2015, 12, 31, 31, '21cnPPT', 16, 0, 0),
(151, '2015-01-04', '2015-01-04', 2015, 1, 4, 4, '分享', 14, 0, 1),
(152, '2016-01-04', '2016-01-04', 2016, 1, 4, 4, '分享', 14, 1, 1),
(153, '2016-01-11', '2016-01-11', 2016, 1, 11, 11, '分享', 16, 1, 1),
(154, '2016-01-18', '2016-01-18', 2016, 1, 18, 18, '分享', 15, 0, 1),
(155, '2016-01-25', '2016-01-25', 2016, 1, 25, 25, '分享', 20, 0, 1),
(156, '2016-01-05', '2016-01-05', 2016, 1, 5, 5, '21CN', 16, 1, 0),
(157, '2016-01-16', '2016-01-16', 2016, 1, 16, 16, '唯品汇', 16, 0, 0),
(158, '2016-01-01', '2016-01-03', 2016, 1, 1, 3, '演讲PPT', 14, 1, 0),
(160, '2016-01-05', '2016-01-05', 2016, 1, 5, 5, '21CN', 28, 1, 1),
(162, '2016-01-16', '2016-01-16', 2016, 1, 16, 16, '企业人员到校 - 唯品汇', 28, 1, 1),
(163, '2016-01-01', '2016-01-03', 2016, 1, 1, 3, '元旦假', 58, 1, 1),
(166, '2016-01-01', '2016-01-31', 2016, 1, 1, 31, '看完《你所不知道的Javascript》', 16, 0, 0),
(167, '2016-01-08', '2016-01-08', 2016, 1, 8, 8, 'PS考证', 16, 1, 0),
(168, '2016-01-04', '2016-01-07', 2016, 1, 4, 7, 'PS试题复习', 16, 1, 0),
(169, '2016-01-04', '2016-01-10', 2016, 1, 4, 10, '做完个人博客', 20, 0, 0),
(170, '2016-01-06', '2016-01-06', 2016, 1, 6, 6, '办公软件考试', 20, 1, 0),
(171, '2016-01-05', '2016-01-05', 2016, 1, 5, 5, '自我学习考试', 20, 1, 0),
(172, '2016-01-07', '2016-01-07', 2016, 1, 7, 7, 'PS考试（淘宝网站绘制）', 20, 1, 0),
(173, '2016-01-01', '2016-01-31', 2016, 1, 1, 31, '看一本书（总结内容）', 15, 0, 0),
(174, '2016-01-08', '2016-01-08', 2016, 1, 8, 8, '体育考试', 20, 1, 0),
(175, '2016-01-01', '2016-01-31', 2016, 1, 1, 31, '布局练习（组件、元素）', 15, 0, 0),
(176, '2016-01-04', '2016-01-04', 2016, 1, 4, 4, '整理项目技术点', 15, 1, 0),
(177, '2016-01-04', '2016-01-04', 2016, 1, 4, 4, '21CN演讲PPT', 20, 1, 0),
(178, '2016-01-04', '2016-01-04', 2016, 1, 4, 4, '演讲PPT和英语', 16, 1, 0),
(179, '2016-01-04', '2016-01-08', 2016, 1, 4, 8, '期末考试', 16, 1, 0),
(180, '2016-01-06', '2016-01-08', 2016, 1, 6, 8, '各自完成自己的期末工作', 28, 1, 1),
(181, '2016-01-09', '2016-01-09', 2016, 1, 9, 9, '完善1月份计划', 28, 0, 1),
(182, '2016-01-11', '2016-01-16', 2016, 1, 11, 16, 'WSC2013 Module H 功能完善，最后一天测试，只测搜索', 28, 1, 1),
(183, '2016-01-18', '2016-01-23', 2016, 1, 18, 23, '作业提交平台PHP代码重写，最后一天速度测试', 28, 1, 1),
(184, '2016-01-25', '2016-01-30', 2016, 1, 25, 30, 'WSC2015 一道布局题挑战，5天准备，1天测试', 28, 0, 1),
(185, '2016-01-06', '2016-01-16', 2016, 1, 6, 16, 'Module H优化', 14, 1, 0),
(186, '2016-01-06', '2016-01-31', 2016, 1, 6, 31, '看JS书籍', 14, 0, 0),
(187, '2016-01-24', '2016-01-30', 2016, 1, 24, 30, '布局复习、练习', 14, 0, 0),
(188, '2016-01-07', '2016-01-07', 2016, 1, 7, 7, '考证练习', 16, 1, 0),
(189, '2016-01-06', '2016-01-06', 2016, 1, 6, 6, 'web脚步期末作业', 16, 1, 0),
(190, '2016-01-13', '2016-01-13', 2016, 1, 13, 13, '活动', 16, 1, 0),
(191, '2016-01-11', '2016-01-11', 2016, 1, 11, 11, '检查Module H完整度，打分', 28, 1, 1),
(192, '2016-01-12', '2016-01-12', 2016, 1, 12, 12, '再次检查完整度，打分（如果前一天，有同学没做完整的话）', 28, 1, 1),
(193, '2016-01-13', '2016-01-13', 2016, 1, 13, 13, '非搜索部分速度测试（3小时）', 28, 1, 1),
(194, '2016-01-14', '2016-01-14', 2016, 1, 14, 14, '搜索部分速度测试 3小时', 28, 1, 1),
(195, '2016-01-15', '2016-01-15', 2016, 1, 15, 15, '选择性速度测试 3小时', 28, 1, 1),
(196, '2016-01-09', '2016-01-09', 2016, 1, 9, 9, '重新规划我们的项目，画原型', 28, 1, 1),
(197, '2016-01-09', '2016-01-09', 2016, 1, 9, 9, '思考如何发挥精英班的积极性', 28, 2, 1),
(198, '2016-01-13', '2016-01-13', 2016, 1, 13, 13, 'Banner 冯俊杰一样地效果+导航  3小时测试', 20, 0, 1),
(199, '2016-01-05', '2016-01-05', 2016, 1, 5, 5, '21CN演讲', 15, 1, 0),
(200, '2016-01-06', '2016-01-08', 2016, 1, 6, 8, '课程考试', 15, 1, 0),
(201, '2016-01-08', '2016-01-08', 2016, 1, 8, 8, 'PS考证', 15, 1, 0),
(202, '2016-01-14', '2016-01-14', 2016, 1, 14, 14, '+ continue reading 3 小时 测试', 20, 0, 1),
(203, '2016-01-08', '2016-01-10', 2016, 1, 8, 10, 'Web脚步考试（需完善）', 15, 2, 0),
(204, '2016-01-06', '2016-01-07', 2016, 1, 6, 7, '考证练习', 15, 1, 0),
(205, '2016-01-11', '2016-01-11', 2016, 1, 11, 11, '完善H模块', 15, 1, 0),
(206, '2016-01-12', '2016-01-12', 2016, 1, 12, 12, 'H模块非搜索练习', 15, 1, 0),
(207, '2016-01-13', '2016-01-13', 2016, 1, 13, 13, 'H模块搜索练习', 15, 1, 0),
(208, '2016-01-11', '2016-01-17', 2016, 1, 11, 17, '准备分享内容', 15, 1, 0),
(209, '2016-01-11', '2016-01-13', 2016, 1, 11, 13, 'Js基础练习', 15, 1, 0),
(210, '2016-01-09', '2016-01-09', 2016, 1, 9, 9, '两个页面的原型图设计', 20, 0, 0),
(211, '2016-01-11', '2016-01-11', 2016, 1, 11, 11, '交个人博客 ', 20, 0, 0),
(212, '2016-01-10', '2016-01-10', 2016, 1, 10, 10, '个人博客完成IE兼容 ', 20, 0, 0),
(213, '2016-01-09', '2016-01-09', 2016, 1, 9, 9, '晚上个人博客完成资料、作品展的页面', 20, 0, 0),
(214, '2016-01-11', '2016-01-12', 2016, 1, 11, 12, '参考冯俊杰师兄JS代码，上网查阅相关含义、知识，理清思路。并制作出来', 20, 0, 0),
(215, '2016-01-11', '2016-01-11', 2016, 1, 11, 11, '完全一样制作出BANNER轮播，并且无BUG', 20, 1, 0),
(216, '2016-01-12', '2016-01-12', 2016, 1, 12, 12, '制作BANNER轮播，加速练习', 20, 0, 0),
(217, '2016-01-11', '2016-01-17', 2016, 1, 11, 17, 'PHP脑图', 20, 0, 0),
(218, '2016-01-13', '2016-01-13', 2016, 1, 13, 13, '基础语句完全熟练，链接数据库之类的、查阅相关介绍并看相关视频的操作', 20, 0, 0),
(221, '2016-01-15', '2016-01-15', 2016, 1, 15, 15, '图片上传语法 ，概念，完全摸透。查阅相关介绍并看相关视频的操作', 20, 0, 0),
(220, '2016-01-14', '2016-01-14', 2016, 1, 14, 14, '增删改查的语法概念，完全摸透。查阅相关介绍并看相关视频的操作', 20, 0, 0),
(222, '2016-01-16', '2016-01-16', 2016, 1, 16, 16, '数组的含义概念完全摸透。查阅相关介绍并看相关视频的操作', 20, 0, 0),
(223, '2016-01-11', '2016-01-16', 2016, 1, 11, 16, 'CSS书必须完全看完摸透', 20, 0, 0),
(224, '2016-01-13', '2016-01-31', 2016, 1, 13, 31, 'JS的基础', 20, 0, 0),
(225, '2016-01-09', '2016-01-09', 2016, 1, 9, 9, '工贸小伙伴', 16, 1, 0),
(226, '2016-01-11', '2016-01-15', 2016, 1, 11, 15, 'H模块练习', 16, 0, 0),
(227, '2016-01-17', '2016-01-23', 2016, 1, 17, 23, '作业管理系统', 14, 1, 0),
(228, '2016-01-17', '2016-01-31', 2016, 1, 17, 31, '看php书籍', 14, 0, 0),
(229, '2016-01-11', '2016-01-15', 2016, 1, 11, 15, '完成H模块', 15, 1, 0),
(230, '2016-01-16', '2016-01-17', 2016, 1, 16, 17, '准备分享内容', 15, 1, 0),
(231, '2016-01-24', '2016-01-31', 2016, 1, 24, 31, '优化完善作业管理系统', 14, 0, 0),
(232, '2016-02-15', '2016-02-15', 2016, 2, 15, 15, '整理假期作业', 20, 0, 0),
(233, '2016-02-16', '2016-02-16', 2016, 2, 16, 16, '展示', 20, 0, 0),
(234, '2016-02-16', '2016-02-16', 2016, 2, 16, 16, '总结，改善', 20, 0, 0),
(235, '2016-02-17', '2016-02-17', 2016, 2, 17, 17, '看JS基础，画脑图，做笔记', 20, 0, 0),
(236, '2016-02-17', '2016-02-20', 2016, 2, 17, 20, '练习布局速度和精准，打字速度， ', 20, 0, 0),
(237, '2016-02-18', '2016-02-18', 2016, 2, 18, 18, 'JQ再重看基础教程，加深代码记忆', 20, 0, 0),
(238, '2016-02-19', '2016-02-19', 2016, 2, 19, 19, 'PHP再重看基础教程，加深代码记忆', 20, 0, 0),
(239, '2016-02-20', '2016-02-20', 2016, 2, 20, 20, 'PS功能，工具练习', 20, 0, 0),
(240, '2016-02-22', '2016-02-27', 2016, 2, 22, 27, '待定', 20, 0, 0),
(241, '2016-02-22', '2016-02-22', 2016, 2, 22, 22, '加深CSS，HTML', 20, 0, 0),
(242, '2016-02-23', '2016-02-23', 2016, 2, 23, 23, '加深JS', 20, 0, 0),
(243, '2016-02-24', '2016-02-24', 2016, 2, 24, 24, '加深JQ', 20, 0, 0),
(244, '2016-02-25', '2016-02-25', 2016, 2, 25, 25, '加深PHP', 20, 0, 0),
(245, '2016-02-26', '2016-02-26', 2016, 2, 26, 26, '加深PS', 20, 0, 0),
(246, '2016-02-15', '2016-02-15', 2016, 2, 15, 15, '完善15日暑假作业', 15, 1, 0),
(247, '2016-02-15', '2016-02-17', 2016, 2, 15, 17, '整理假期所得知识点的条理', 15, 1, 0),
(248, '2016-02-15', '2016-02-29', 2016, 2, 15, 29, '“实践日积知识点”下午5点/中午12点（每天一条/思考不足之处）', 15, 0, 0),
(249, '2016-02-16', '2016-02-16', 2016, 2, 16, 16, '展示作业', 15, 1, 0),
(250, '2016-02-15', '2016-02-29', 2016, 2, 15, 29, '小伙伴APP接口数据', 15, 0, 0),
(251, '2016-02-15', '2016-02-29', 2016, 2, 15, 29, '班级网页的构思和草图', 15, 0, 0),
(252, '2016-02-17', '2016-02-17', 2016, 2, 17, 17, '旧题目的再练习', 15, 1, 0),
(253, '2016-02-16', '2016-02-17', 2016, 2, 16, 17, '栅格布局、弹性盒子布局，页面模仿', 20, 0, 0),
(254, '2016-02-15', '2016-02-20', 2016, 2, 15, 20, '1道世赛布局题和1道设计题完善和测试', 28, 1, 1),
(255, '2016-02-22', '2016-02-27', 2016, 2, 22, 27, '世赛题：拼图游戏完善和测试', 28, 0, 1),
(256, '2016-02-22', '2016-02-22', 2016, 2, 22, 22, '分享', 20, 0, 1),
(257, '2016-02-29', '2016-02-29', 2016, 2, 29, 29, '分享', 14, 0, 1),
(284, '2016-02-19', '2016-02-19', 2016, 2, 19, 19, '猜拳小游戏', 14, 1, 0),
(260, '2016-02-15', '2016-02-15', 2016, 2, 15, 15, '计划本周', 14, 1, 0),
(263, '2016-02-15', '2016-02-18', 2016, 2, 15, 18, 'DesignB', 14, 1, 0),
(264, '2016-02-15', '2016-02-15', 2016, 2, 15, 15, 'QQ登录实例', 16, 1, 0),
(265, '2016-02-15', '2016-02-16', 2016, 2, 15, 16, '基于wordpress的个人博客建站', 16, 1, 0),
(266, '2016-02-16', '2016-02-16', 2016, 2, 16, 16, 'Design B', 16, 1, 0),
(267, '2016-03-07', '2016-03-07', 2016, 3, 7, 7, '分享 - sublime nodejs 插件', 16, 1, 1),
(268, '2016-03-14', '2016-03-14', 2016, 3, 14, 14, '分享 - react', 15, 1, 1),
(269, '2016-03-21', '2016-03-21', 2016, 3, 21, 21, '分享', 20, 0, 1),
(270, '2016-03-28', '2016-03-28', 2016, 3, 28, 28, '分享', 14, 0, 1),
(272, '2016-02-15', '2016-02-28', 2016, 2, 15, 28, '准备分享内容', 14, 0, 0),
(273, '2016-02-21', '2016-02-21', 2016, 2, 21, 21, '计划下周', 14, 0, 0),
(274, '2016-02-22', '2016-02-27', 2016, 2, 22, 27, '拼图游戏', 14, 0, 0),
(275, '2016-02-17', '2016-02-17', 2016, 2, 17, 17, 'css3复习', 16, 0, 0),
(276, '2016-02-18', '2016-02-18', 2016, 2, 18, 18, 'JS猜字游戏', 14, 1, 0),
(277, '2016-02-18', '2016-02-18', 2016, 2, 18, 18, '碰撞反弹', 14, 1, 0),
(278, '2016-02-19', '2016-02-19', 2016, 2, 19, 19, 'DesignB测试', 14, 1, 0),
(279, '2016-02-18', '2016-02-18', 2016, 2, 18, 18, 'Design B改版', 16, 1, 0),
(280, '2016-02-17', '2016-02-17', 2016, 2, 17, 17, 'fullPage.js', 16, 1, 0),
(281, '2016-02-19', '2016-02-19', 2016, 2, 19, 19, 'Design B测试', 16, 0, 0),
(282, '2016-02-19', '2016-02-19', 2016, 2, 19, 19, '打字活动', 16, 1, 0),
(285, '2016-02-19', '2016-02-20', 2016, 2, 19, 20, '练习小游戏', 15, 1, 0),
(286, '2016-02-19', '2016-02-19', 2016, 2, 19, 19, '赛跑小游戏', 14, 1, 0),
(287, '2016-02-20', '2016-02-20', 2016, 2, 20, 20, '工贸小伙伴app', 14, 0, 0),
(288, '2016-02-20', '2016-02-21', 2016, 2, 20, 21, 'JS游戏', 20, 0, 0),
(289, '2016-02-21', '2016-02-21', 2016, 2, 21, 21, '看JS书，和基础', 20, 0, 0),
(290, '2016-02-20', '2016-02-20', 2016, 2, 20, 20, 'JS猜数字', 20, 0, 0),
(291, '2016-03-01', '2016-03-01', 2016, 3, 1, 1, '作业提交平台V2', 28, 1, 1),
(292, '2016-03-02', '2016-03-04', 2016, 3, 2, 4, '网上在线学习平台策划', 28, 1, 1),
(293, '2016-03-05', '2016-03-05', 2016, 3, 5, 5, '工贸小伙伴升级，考虑发布', 28, 1, 1),
(294, '2016-03-08', '2016-03-10', 2016, 3, 8, 10, '网上在线学习平台优化和测试', 28, 1, 1),
(295, '2016-03-10', '2016-03-12', 2016, 3, 10, 12, '卖卡车设计优化', 28, 1, 1),
(296, '2016-03-15', '2016-03-18', 2016, 3, 15, 18, '布局+前端开发练习', 28, 1, 1),
(297, '2016-03-21', '2016-03-26', 2016, 3, 21, 26, '响应式UI设计能力提升', 28, 0, 1),
(325, '2016-03-24', '2016-03-24', 2016, 3, 24, 24, '领无限刷水卡', 28, 2, 1),
(299, '2016-03-09', '2016-03-09', 2016, 3, 9, 9, '测试 3小时', 28, 1, 1),
(300, '2016-03-19', '2016-03-19', 2016, 3, 19, 19, '第2届 feday', 28, 1, 1),
(301, '2016-03-10', '2016-03-10', 2016, 3, 10, 10, '报名截止', 28, 1, 1),
(302, '2016-03-14', '2016-03-14', 2016, 3, 14, 14, '策划4.6活动', 28, 1, 1),
(303, '2016-03-12', '2016-03-12', 2016, 3, 12, 12, '小伙伴优化', 28, 1, 1),
(304, '2016-03-12', '2016-03-12', 2016, 3, 12, 12, '作业提交平台优化', 28, 1, 1),
(305, '2016-03-12', '2016-03-12', 2016, 3, 12, 12, '二货市场优化', 28, 1, 1),
(306, '2016-03-11', '2016-03-11', 2016, 3, 11, 11, 'dash Server搭建', 28, 1, 1),
(307, '2016-03-11', '2016-03-11', 2016, 3, 11, 11, 'dash CIS 搭建', 28, 1, 1),
(308, '2016-03-16', '2016-03-16', 2016, 3, 16, 16, '陈杰明老师早上过来', 28, 1, 1),
(309, '2016-03-18', '2016-03-18', 2016, 3, 18, 18, '电子相片，记得交', 28, 1, 1),
(310, '2016-03-27', '2016-03-27', 2016, 3, 27, 27, '企业人员到校', 58, 0, 1),
(311, '2016-03-14', '2016-03-14', 2016, 3, 14, 14, 'Running Man 游戏设计', 28, 1, 1),
(312, '2016-03-15', '2016-03-15', 2016, 3, 15, 15, '鼠标垫等小件物品设计', 28, 1, 1),
(313, '2016-03-15', '2016-03-15', 2016, 3, 15, 15, 'Running Man 优化', 28, 1, 1),
(314, '2016-03-17', '2016-03-17', 2016, 3, 17, 17, 'Layout 测试 WSC2015 pre', 28, 1, 1),
(315, '2016-03-26', '2016-03-26', 2016, 3, 26, 26, '完善两个产品：小伙伴和校园二货市场', 28, 0, 1),
(316, '2016-03-26', '2016-03-26', 2016, 3, 26, 26, '策划406', 28, 0, 1),
(317, '2016-03-21', '2016-03-21', 2016, 3, 21, 21, '总结前端圈活动', 28, 1, 1),
(318, '2016-03-21', '2016-03-21', 2016, 3, 21, 21, '收集易用的响应式网页板', 28, 1, 1),
(319, '2016-03-21', '2016-03-21', 2016, 3, 21, 21, '装上AI', 28, 1, 1),
(320, '2016-03-22', '2016-03-22', 2016, 3, 22, 22, 'WSC2015 Design A 管道抢修？', 28, 1, 1),
(321, '2016-03-28', '2016-03-28', 2016, 3, 28, 28, '布局测试', 28, 0, 1),
(322, '2016-03-29', '2016-03-29', 2016, 3, 29, 29, '前端测试', 28, 0, 1),
(323, '2016-03-30', '2016-03-30', 2016, 3, 30, 30, '后端测试', 28, 0, 1),
(324, '2016-03-31', '2016-03-31', 2016, 3, 31, 31, '设计测试', 28, 0, 1),
(326, '2016-03-24', '2016-03-24', 2016, 3, 24, 24, '人机井字过三关开发', 28, 1, 1),
(327, '2016-03-25', '2016-03-25', 2016, 3, 25, 25, '人机井字过三关开发优化', 28, 0, 1),
(328, '2016-04-11', '2016-04-11', 2016, 4, 11, 11, '出题系统完成', 28, 1, 1),
(329, '2016-04-12', '2016-04-12', 2016, 4, 12, 12, '出题系统完善 - 未完善', 28, 2, 1),
(330, '2016-04-13', '2016-04-13', 2016, 4, 13, 13, '翻译Design A，发给刘优老师', 28, 1, 1),
(331, '2016-04-18', '2016-04-18', 2016, 4, 18, 18, '刘优- Design A', 28, 1, 1),
(332, '2016-04-25', '2016-04-25', 2016, 4, 25, 25, '刘优', 28, 1, 1),
(333, '2016-04-15', '2016-04-15', 2016, 4, 15, 15, '李骞:mvc以及对井字过三关题目进行了说明', 28, 1, 1),
(334, '2016-04-22', '2016-04-22', 2016, 4, 22, 22, '李骞', 28, 1, 1),
(335, '2016-04-29', '2016-04-29', 2016, 4, 29, 29, '李骞', 28, 0, 1),
(336, '2016-04-13', '2016-04-13', 2016, 4, 13, 13, 'Design A，作品提升，继续探索单页面设计的技巧', 28, 2, 1),
(337, '2016-04-12', '2016-04-12', 2016, 4, 12, 12, '跑步 ，下雨未去', 28, 2, 1),
(338, '2016-04-19', '2016-04-19', 2016, 4, 19, 19, '跑步', 28, 2, 1),
(339, '2016-04-26', '2016-04-26', 2016, 4, 26, 26, '跑步', 28, 0, 1),
(340, '2016-04-11', '2016-04-11', 2016, 4, 11, 11, '分享：吴梓铭 H5视频 ', 14, 1, 1),
(341, '2016-04-18', '2016-04-18', 2016, 4, 18, 18, '分享 Smarty', 16, 1, 1),
(342, '2016-04-25', '2016-04-25', 2016, 4, 25, 25, '分享', 15, 1, 1),
(343, '2016-04-18', '2016-04-18', 2016, 4, 18, 18, '钱剑林', 28, 1, 1),
(344, '2016-04-23', '2016-04-23', 2016, 4, 23, 23, '李骞', 28, 1, 1),
(345, '2016-04-13', '2016-04-13', 2016, 4, 13, 13, '校园二货市场优化或二次开发', 28, 2, 1),
(348, '2016-04-18', '2016-04-18', 2016, 4, 18, 18, '熟读报销文件、制定个人成长计划，计划上墙，收集购书需求，查找工作室制服订制服务，签字工作意向协议，使用星辰工作室QQ申请app store 账号', 43, 0, 1),
(349, '2016-04-14', '2016-04-14', 2016, 4, 14, 14, '出题系统继续完善与熟悉', 28, 1, 1),
(351, '2016-04-14', '2016-04-14', 2016, 4, 14, 14, '了解并尝试制作井字过三关服务器版', 28, 1, 1),
(352, '2016-04-18', '2016-04-18', 2016, 4, 18, 18, '井字过三关服务器版功能完成情况登记', 28, 1, 1),
(353, '2016-04-15', '2016-04-15', 2016, 4, 15, 15, '校园二货的安全问题考虑', 28, 2, 1),
(354, '2016-04-18', '2016-04-18', 2016, 4, 18, 18, '50个英文单词', 43, 1, 1),
(355, '2016-04-18', '2016-04-21', 2016, 4, 18, 21, '收集购书需求', 43, 1, 0),
(356, '2016-04-19', '2016-04-19', 2016, 4, 19, 19, '井字过三关第二次完成度登记', 28, 1, 1),
(357, '2016-04-19', '2016-04-19', 2016, 4, 19, 19, '点评3份Web UI界面', 43, 1, 1),
(359, '2016-04-19', '2016-04-19', 2016, 4, 19, 19, '翻译井字过三关文档，汇总给杨书明', 28, 1, 1),
(360, '2016-04-19', '2016-04-19', 2016, 4, 19, 19, '打字302', 43, 1, 0),
(361, '2016-04-22', '2016-04-22', 2016, 4, 22, 22, 'MVC的留言板', 16, 0, 0),
(363, '2016-04-22', '2016-04-22', 2016, 4, 22, 22, '买书', 43, 1, 0),
(364, '2016-04-20', '2016-04-21', 2016, 4, 20, 21, '申请app store账号', 43, 1, 0),
(365, '2016-04-20', '2016-04-20', 2016, 4, 20, 20, '第三次登记 井字过三次', 28, 1, 1),
(366, '2016-04-20', '2016-04-20', 2016, 4, 20, 20, '跑步', 28, 2, 1),
(367, '2016-04-20', '2016-04-21', 2016, 4, 20, 21, '点评2份Web UI', 43, 1, 1),
(368, '2016-04-20', '2016-04-20', 2016, 4, 20, 20, '打字285', 43, 1, 0),
(369, '2016-04-22', '2016-04-22', 2016, 4, 22, 22, '第一次测试井字过三关', 28, 1, 1),
(370, '2016-04-21', '2016-04-21', 2016, 4, 21, 21, '第四次登记井字过三关', 28, 1, 1),
(371, '2016-04-22', '2016-04-22', 2016, 4, 22, 22, '点评1份Web UI作品', 43, 1, 1),
(372, '2016-04-21', '2016-04-21', 2016, 4, 21, 21, '打字308', 43, 1, 0),
(373, '2016-04-22', '2016-04-22', 2016, 4, 22, 22, '穗港澳蓉试题制作设计素材', 43, 1, 1),
(374, '2016-04-23', '2016-04-23', 2016, 4, 23, 23, '篮球', 28, 1, 1),
(375, '2016-04-23', '2016-04-23', 2016, 4, 23, 23, '打字281', 43, 1, 0),
(376, '2016-04-25', '2016-04-25', 2016, 4, 25, 25, '打字306', 43, 1, 0),
(377, '2016-04-25', '2016-04-25', 2016, 4, 25, 25, '穗港澳设计、布局素材完善', 28, 1, 1),
(378, '2016-04-26', '2016-04-26', 2016, 4, 26, 26, '火炬手', 28, 0, 1),
(379, '2016-04-26', '2016-04-26', 2016, 4, 26, 26, '作品点评', 43, 1, 1),
(380, '2016-04-27', '2016-04-27', 2016, 4, 27, 27, '作品点评', 43, 1, 1),
(381, '2016-04-28', '2016-04-28', 2016, 4, 28, 28, '作品点评', 43, 1, 1),
(382, '2016-04-29', '2016-04-29', 2016, 4, 29, 29, '作品点评', 43, 1, 1),
(383, '2016-04-29', '2016-04-29', 2016, 4, 29, 29, '大显示器Teamviewer', 43, 0, 1),
(384, '2016-04-26', '2016-04-26', 2016, 4, 26, 26, '打字309', 43, 1, 0),
(385, '2016-04-27', '2016-04-27', 2016, 4, 27, 27, '打字288', 43, 1, 0),
(386, '2016-04-28', '2016-04-28', 2016, 4, 28, 28, '打字297', 43, 1, 0),
(387, '2016-05-03', '2016-05-03', 2016, 5, 3, 3, '火炬手第一次测试 14:00 - 17:00', 28, 1, 1),
(388, '2016-04-29', '2016-04-29', 2016, 4, 29, 29, '打字291', 43, 1, 0),
(389, '2016-05-03', '2016-05-03', 2016, 5, 3, 3, '打字285', 43, 1, 0),
(390, '2016-05-04', '2016-05-04', 2016, 5, 4, 4, '到一站式拿“物品领取单”，需要领取：毛巾，黑色水笔等', 43, 0, 1),
(391, '2016-05-03', '2016-05-03', 2016, 5, 3, 3, '完善：1 电影租凭网页的各个页面，2 完善学生会网页的手机端和平板端', 43, 1, 1),
(392, '2016-05-03', '2016-05-03', 2016, 5, 3, 3, '月度总结', 43, 1, 1),
(393, '2016-05-04', '2016-05-04', 2016, 5, 4, 4, '分析二货交易市场，优化二货交易市场UI界面和用户体验', 43, 2, 1),
(394, '2016-05-04', '2016-05-04', 2016, 5, 4, 4, '火炬手：第二次测试', 28, 1, 1),
(395, '2016-05-05', '2016-05-05', 2016, 5, 5, 5, '心理咨询室第一次完成度检查', 28, 1, 1),
(396, '2016-05-04', '2016-05-04', 2016, 5, 4, 4, '打字297', 43, 1, 0),
(397, '2016-05-05', '2016-05-05', 2016, 5, 5, 5, '打字271', 43, 1, 0),
(398, '2016-05-05', '2016-05-07', 2016, 5, 5, 7, '完成每天的设计任务', 43, 1, 1),
(399, '2016-05-09', '2016-05-14', 2016, 5, 9, 14, '完成每天设计任务，要达到较高模仿水准', 43, 0, 1),
(400, '2016-05-16', '2016-05-21', 2016, 5, 16, 21, '尝试去设计一份工作室海报（最长那副）', 43, 2, 1),
(401, '2016-05-23', '2016-05-28', 2016, 5, 23, 28, '尝试去设计一份单页面设计稿：精英班2016年招新', 43, 2, 1),
(402, '2016-05-06', '2016-05-06', 2016, 5, 6, 6, '打字278', 43, 1, 0),
(403, '2016-05-07', '2016-05-07', 2016, 5, 7, 7, '打字278', 43, 1, 0),
(404, '2016-05-09', '2016-05-09', 2016, 5, 9, 9, '打字294', 43, 1, 0),
(406, '2016-05-10', '2016-05-10', 2016, 5, 10, 10, '李骞YII2 单人预定', 28, 1, 1),
(407, '2016-05-09', '2016-05-09', 2016, 5, 9, 9, '分享：优设哥', 43, 1, 1),
(408, '2016-05-16', '2016-05-16', 2016, 5, 16, 16, '分享', 43, 2, 1),
(409, '2016-05-23', '2016-05-23', 2016, 5, 23, 23, '分享', 43, 0, 1),
(410, '2016-05-30', '2016-05-30', 2016, 5, 30, 30, '分享', 43, 0, 1),
(411, '2016-05-10', '2016-05-10', 2016, 5, 10, 10, '每日设计点评', 43, 2, 1),
(412, '2016-05-11', '2016-05-11', 2016, 5, 11, 11, '每日设计点评', 43, 1, 1),
(413, '2016-05-12', '2016-05-12', 2016, 5, 12, 12, '每日设计点评', 43, 1, 1),
(414, '2016-05-13', '2016-05-13', 2016, 5, 13, 13, '每日设计点评', 43, 1, 1),
(415, '2016-05-10', '2016-05-10', 2016, 5, 10, 10, '打字285', 43, 1, 0),
(416, '2016-05-11', '2016-05-11', 2016, 5, 11, 11, '香案素材制作', 43, 1, 1),
(417, '2016-05-12', '2016-05-12', 2016, 5, 12, 12, '省赛软件下载', 43, 1, 1),
(418, '2016-05-11', '2016-05-11', 2016, 5, 11, 11, '心理咨询室第二次完成度检查（要求各位得分率达70%以上）', 28, 1, 1),
(419, '2016-05-12', '2016-05-12', 2016, 5, 12, 12, '心理咨询室-第一次测试', 28, 1, 1),
(420, '2016-05-11', '2016-05-11', 2016, 5, 11, 11, '打字272', 43, 1, 0),
(422, '2016-05-13', '2016-05-13', 2016, 5, 13, 13, '李骞：服务器配置导出', 28, 1, 1),
(423, '2016-05-16', '2016-05-16', 2016, 5, 16, 16, '刘优', 28, 2, 1),
(424, '2016-05-20', '2016-05-20', 2016, 5, 20, 20, '李骞', 28, 1, 1),
(425, '2016-05-18', '2016-05-18', 2016, 5, 18, 18, '陈杰明', 28, 2, 1),
(426, '2016-05-23', '2016-05-23', 2016, 5, 23, 23, '刘优', 28, 0, 1),
(427, '2016-05-25', '2016-05-25', 2016, 5, 25, 25, '陈杰明设计点评', 28, 0, 1),
(428, '2016-05-27', '2016-05-27', 2016, 5, 27, 27, '李骞', 28, 0, 1),
(429, '2016-05-12', '2016-05-12', 2016, 5, 12, 12, '打字289', 43, 1, 0),
(430, '2016-05-13', '2016-05-13', 2016, 5, 13, 13, '打字297', 43, 1, 0),
(431, '2016-05-13', '2016-05-13', 2016, 5, 13, 13, '心理咨询室第二次测试', 28, 1, 1),
(432, '2016-05-14', '2016-05-14', 2016, 5, 14, 14, '打字273', 43, 1, 0),
(433, '2016-05-16', '2016-05-16', 2016, 5, 16, 16, '打字274', 43, 1, 0),
(434, '2016-05-16', '2016-05-16', 2016, 5, 16, 16, '在线学习平台完成度检查', 28, 1, 1),
(435, '2016-05-17', '2016-05-17', 2016, 5, 17, 17, '在线学习平台第一次测试', 28, 2, 1),
(436, '2016-05-17', '2016-05-17', 2016, 5, 17, 17, '打字279', 43, 1, 0),
(437, '2016-05-18', '2016-05-18', 2016, 5, 18, 18, '打字282', 43, 1, 0),
(438, '2016-05-19', '2016-05-19', 2016, 5, 19, 19, '在线学习平台 第二次测试', 28, 1, 1),
(439, '2016-05-19', '2016-05-19', 2016, 5, 19, 19, 'Hotel V 布局完成度检查', 43, 1, 1),
(440, '2016-05-18', '2016-05-18', 2016, 5, 18, 18, 'Design B 模拟测试', 43, 1, 1),
(441, '2016-05-19', '2016-05-19', 2016, 5, 19, 19, '打字278', 43, 1, 0),
(442, '2016-05-20', '2016-05-20', 2016, 5, 20, 20, '打字273', 43, 1, 0),
(443, '2016-05-21', '2016-05-21', 2016, 5, 21, 21, '打字298', 43, 1, 0),
(444, '2016-01-19', '2016-01-21', 2016, 1, 19, 21, 'asfsa', 15, 0, 1),
(448, '2016-05-23', '2016-05-23', 2016, 5, 23, 23, '打字290', 43, 1, 0),
(449, '2016-05-23', '2016-05-23', 2016, 5, 23, 23, '机器人工作小组完成度检查', 28, 0, 1),
(450, '2016-05-24', '2016-05-24', 2016, 5, 24, 24, '机器人工作小组速度测试1', 28, 0, 1),
(451, '2016-05-24', '2016-05-24', 2016, 5, 24, 24, '打字281', 43, 1, 0),
(452, '2016-05-25', '2016-05-25', 2016, 5, 25, 25, '打字292', 43, 1, 0),
(453, '2016-05-30', '2016-05-30', 2016, 5, 30, 30, '制定省赛计划', 28, 0, 1),
(454, '2016-06-27', '2016-06-27', 2016, 6, 27, 27, '工贸小伙伴微信平台设置', 16, 1, 0),
(455, '2016-06-27', '2016-06-27', 2016, 6, 27, 27, 'QQ登录PHP版SDK', 16, 2, 0),
(456, '2016-06-28', '2016-06-28', 2016, 6, 28, 28, 'QQ登录JS版SDK', 16, 1, 0),
(457, '2016-06-28', '2016-06-28', 2016, 6, 28, 28, 'QQ登录文章总结', 16, 1, 0),
(458, '2016-06-29', '2016-06-29', 2016, 6, 29, 29, 'TPC/IP协议学习', 16, 1, 0),
(459, '2016-04-07', '2016-04-08', 2016, 4, 7, 8, 'asdgas', 14, 0, 1),
(461, '2016-07-14', '2016-07-18', 2016, 7, 14, 18, '完成“贝多芬”布局题', 43, 1, 0),
(462, '2016-07-18', '2016-07-21', 2016, 7, 18, 21, 'HTML、CSS（巩固，进阶），学习HTML5新标签元素，CSS技术点。研究省赛优秀选手布局代码', 20, 1, 0),
(463, '2016-07-18', '2016-07-18', 2016, 7, 18, 18, 'HTML5语义化', 15, 1, 0),
(464, '2016-07-18', '2016-07-18', 2016, 7, 18, 18, 'AI的基础操作', 15, 1, 0),
(465, '2016-07-19', '2016-07-23', 2016, 7, 19, 23, '优化“贝多芬”布局题', 43, 1, 0),
(466, '2016-07-22', '2016-07-23', 2016, 7, 22, 23, 'PHP（巩固，进阶），熟练MVC框架，巩固相关代码，研究省赛优秀选手后端代码', 20, 1, 0),
(467, '2016-07-19', '2016-07-19', 2016, 7, 19, 19, 'css属性和预测属性代价（https://csstriggers.com/）', 15, 1, 0),
(510, '2016-08-01', '2016-08-04', 2016, 8, 1, 4, '完成往届比赛一套题', 43, 1, 0),
(468, '2016-07-20', '2016-07-21', 2016, 7, 20, 21, 'js基础和模式', 15, 1, 0),
(469, '2016-07-23', '2016-07-23', 2016, 7, 23, 23, 'Photoshop(练习)，练习快捷键操作，学会蒙板，钢笔等', 20, 0, 0),
(575, '2016-08-04', '2016-08-04', 2016, 8, 4, 4, '分享', 43, 0, 1),
(471, '2016-07-22', '2016-07-23', 2016, 7, 22, 23, 'php面向对象和基础、mvc框架', 15, 1, 0),
(486, '2016-07-25', '2016-07-26', 2016, 7, 25, 26, '请假一天半', 20, 1, 0),
(474, '2016-07-25', '2016-07-26', 2016, 7, 25, 26, 'git语法入门', 15, 1, 0),
(487, '2016-07-19', '2016-07-23', 2016, 7, 19, 23, '整理设计素材库', 15, 1, 0),
(476, '2016-07-27', '2016-07-28', 2016, 7, 27, 28, '微信SDK学习', 15, 2, 0),
(478, '2016-07-25', '2016-07-28', 2016, 7, 25, 28, '完成往届比赛一套题', 43, 1, 0),
(479, '2016-07-29', '2016-07-29', 2016, 7, 29, 29, '测试', 43, 1, 0),
(481, '2016-07-25', '2016-07-30', 2016, 7, 25, 30, 'JavaScript入门学习', 43, 0, 0),
(482, '2016-07-29', '2016-07-30', 2016, 7, 29, 30, '学习建站和博客', 15, 2, 0),
(483, '2016-07-26', '2016-07-30', 2016, 7, 26, 30, 'JS，JQ重头再学，（巩固、进阶），研究省赛优秀选手前段代码', 20, 0, 0),
(488, '2016-07-25', '2016-07-30', 2016, 7, 25, 30, '完善毕业作品和班级网站', 15, 2, 0),
(489, '2016-08-01', '2016-08-06', 2016, 8, 1, 6, '开发进账小项目', 20, 1, 0),
(490, '2016-08-01', '2016-08-06', 2016, 8, 1, 6, '借书系统制作和完善', 15, 1, 0),
(591, '2016-08-27', '2016-08-27', 0, 0, 0, 0, '后端测试', 20, 0, 0),
(492, '2016-08-08', '2016-08-13', 2016, 8, 8, 13, '穗港澳设计题和布局题的测试', 15, 0, 0),
(493, '2016-08-11', '2016-08-10', 2016, 8, 11, 10, '穗港澳布局题练习并熟练', 20, 0, 0),
(494, '2016-08-15', '2016-08-20', 2016, 8, 15, 20, '穗港澳前端题和后端题的测试', 15, 0, 0),
(496, '2016-08-15', '2016-08-17', 2016, 8, 15, 17, '穗港澳后端练习并熟练', 20, 1, 0),
(497, '2016-08-18', '2016-08-20', 2016, 8, 18, 20, '穗港澳后端练习并熟练', 20, 1, 0),
(501, '2016-08-08', '2016-08-09', 2016, 8, 8, 9, '设计完善', 15, 1, 0),
(502, '2016-08-11', '2016-08-12', 2016, 8, 11, 12, '布局css样式完善精炼', 15, 2, 0),
(503, '2016-08-15', '2016-08-16', 2016, 8, 15, 16, 'js的模式融入题目', 15, 0, 0),
(504, '2016-08-01', '2016-08-01', 2016, 8, 1, 1, '决定相关功能，确定初稿', 20, 1, 0),
(505, '2016-08-18', '2016-08-19', 2016, 8, 18, 19, '后端精炼和速度', 15, 0, 0),
(506, '2016-08-02', '2016-08-02', 2016, 8, 2, 2, '布局', 20, 1, 0),
(507, '2016-08-06', '2016-08-06', 2016, 8, 6, 6, '调试，上线', 20, 2, 0),
(508, '2016-08-03', '2016-08-04', 2016, 8, 3, 4, '相关技术点实现', 20, 1, 0),
(509, '2016-08-05', '2016-08-05', 2016, 8, 5, 5, '修复BUG', 20, 1, 0),
(511, '2016-08-05', '2016-08-05', 2016, 8, 5, 5, '测试', 43, 1, 0),
(512, '2016-08-12', '2016-08-12', 2016, 8, 12, 12, '测试', 43, 1, 0),
(513, '2016-08-19', '2016-08-19', 2016, 8, 19, 19, '测试', 43, 1, 0),
(514, '2016-08-26', '2016-08-26', 2016, 8, 26, 26, '测试', 43, 1, 0),
(515, '2016-08-22', '2016-08-31', 2016, 8, 22, 31, '旧项目的重构和完善', 15, 0, 0),
(516, '2016-08-08', '2016-08-11', 2016, 8, 8, 11, '完成往届比赛一套题', 43, 1, 0),
(517, '2016-08-15', '2016-08-18', 2016, 8, 15, 18, '完成往届比赛一套题', 43, 1, 0),
(593, '2016-08-30', '2016-08-30', 0, 0, 0, 0, 'JS对象、数组的操作重新理解', 20, 0, 0),
(519, '2016-08-22', '2016-08-25', 2016, 8, 22, 25, '完成往届比赛一套题', 43, 1, 0),
(520, '2016-08-01', '2016-08-06', 2016, 8, 1, 6, 'JavaScript入门学习', 43, 0, 0),
(521, '2016-07-27', '2016-07-28', 2016, 7, 27, 28, 'canvas学习', 20, 0, 0),
(522, '2016-07-19', '2016-07-22', 2016, 7, 19, 22, 'css代码优化', 14, 1, 0),
(523, '2016-07-19', '2016-07-19', 2016, 7, 19, 19, 'video,学习', 20, 0, 0),
(524, '2016-08-08', '2016-08-13', 2016, 8, 8, 13, 'JavaScript基础学习', 43, 0, 0),
(525, '2016-08-15', '2016-08-20', 2016, 8, 15, 20, 'JavaScript基础学习', 43, 0, 0),
(526, '2016-08-22', '2016-08-27', 2016, 8, 22, 27, 'JavaScript基础学习', 43, 1, 0),
(528, '2016-08-20', '2016-08-19', 2016, 8, 20, 19, '网上css特效模仿', 20, 0, 0),
(529, '2016-07-20', '2016-07-20', 2016, 7, 20, 20, '网上css特效模仿', 20, 1, 0),
(530, '2016-07-23', '2016-07-26', 2016, 7, 23, 26, 'ES5、6新特性', 14, 1, 0),
(531, '2016-07-19', '2016-07-19', 2016, 7, 19, 19, 'audio，学习', 20, 1, 0),
(532, '2016-08-13', '2016-08-14', 2016, 8, 13, 14, '请假', 15, 0, 0),
(533, '2016-07-22', '2016-07-22', 2016, 7, 22, 22, 'PK 1 贝多芬', 28, 1, 1),
(562, '2016-07-20', '2016-07-20', 2016, 7, 20, 20, 'transform 动画研究', 20, 1, 0),
(537, '2016-07-22', '2016-07-22', 2016, 7, 22, 22, '测试“贝多芬”', 43, 1, 0),
(538, '2016-07-18', '2016-07-23', 2016, 7, 18, 23, '旅游网站 ，四个页面，布局出稿', 20, 0, 0),
(539, '2016-07-26', '2016-07-30', 2016, 7, 26, 30, '旅游网站 ，JS部分出稿', 20, 0, 0),
(540, '2016-07-27', '2016-07-30', 2016, 7, 27, 30, '防注入，安全性方面技术', 14, 2, 0),
(576, '2016-08-06', '2016-08-06', 2016, 8, 6, 6, '分享：小金库开发流程', 20, 0, 1),
(557, '2016-07-20', '2016-07-20', 2016, 7, 20, 20, 'ES6 分享', 14, 1, 1),
(545, '2016-07-19', '2016-07-31', 2016, 7, 19, 31, '技术点积累', 14, 1, 0),
(558, '2016-07-20', '2016-07-20', 2016, 7, 20, 20, 'Audio分享', 20, 1, 1),
(580, '2016-08-17', '2016-08-17', 2016, 8, 17, 17, '穗港澳测试：在线学习平台', 28, 2, 1),
(579, '2016-08-06', '2016-08-06', 2016, 8, 6, 6, '分享', 15, 0, 1),
(578, '2016-08-02', '2016-08-02', 2016, 8, 2, 2, '杨学明分享', 28, 1, 1),
(577, '2016-08-03', '2016-08-03', 2016, 8, 3, 3, '梁倪国分享', 28, 0, 1),
(552, '2016-07-19', '2016-07-19', 2016, 7, 19, 19, '选手作品研究', 14, 1, 0),
(555, '2016-07-31', '2016-07-31', 2016, 7, 31, 31, '休息', 14, 1, 0),
(573, '2016-07-28', '2016-07-31', 2016, 7, 28, 31, 'YII2', 14, 1, 0),
(559, '2016-07-21', '2016-07-21', 2016, 7, 21, 21, 'Markdown分享，css3 伪类选择器', 15, 0, 1),
(560, '2016-07-25', '2016-07-25', 2016, 7, 25, 25, '李骞：设计模式', 28, 1, 1),
(561, '2016-07-25', '2016-07-25', 2016, 7, 25, 25, '新版：心理咨询室 （谢贵、梁家俊）', 28, 0, 1),
(563, '2016-07-29', '2016-07-29', 2016, 7, 29, 29, 'PK 2  WSC 2015 layout', 28, 0, 1),
(564, '2016-07-27', '2016-07-27', 2016, 7, 27, 27, '分享：设计模式，策略', 14, 0, 1),
(565, '2016-08-07', '2016-08-15', 2016, 8, 7, 15, '假期', 28, 1, 1),
(566, '2016-07-29', '2016-07-29', 2016, 7, 29, 29, '分享', 15, 0, 1),
(567, '2016-07-29', '2016-07-29', 2016, 7, 29, 29, '设计模式', 14, 0, 1),
(568, '2016-08-02', '2016-08-02', 2016, 8, 2, 2, 'WSC2015 餐位预定 完整作品 提交', 14, 0, 1),
(569, '2016-08-04', '2016-08-04', 2016, 8, 4, 4, '测试 WSC2015 餐位预定 完整作品 提交', 14, 0, 1),
(570, '2016-08-05', '2016-08-05', 2016, 8, 5, 5, '测试 WSC2015 餐位预定 完整作品 提交', 14, 0, 1),
(571, '2016-07-27', '2016-07-27', 2016, 7, 27, 27, '分享', 43, 1, 0),
(572, '2016-07-27', '2016-07-27', 2016, 7, 27, 27, 'PHP(设计模式，策略模式，装饰者模式)', 20, 1, 0),
(574, '2016-08-01', '2016-08-05', 2016, 8, 1, 5, 'YII2', 14, 1, 0),
(581, '2016-08-06', '2016-08-09', 2016, 8, 6, 9, 'CANVAS || SVG && 动画算法', 14, 2, 0),
(582, '2016-08-06', '2016-08-09', 2016, 8, 6, 9, 'JS面向对象 / 设计模式', 14, 2, 0),
(590, '2016-08-08', '2016-08-15', 0, 0, 0, 0, '假期', 20, 1, 0),
(592, '2016-08-22', '2016-08-27', 0, 0, 0, 0, '后端练习测试', 20, 1, 0),
(587, '2016-08-26', '2016-08-26', 0, 0, 0, 0, '电影订票系统测试', 14, 0, 1),
(584, '2016-08-16', '2016-08-16', 0, 0, 0, 0, '黑白棋', 14, 1, 0),
(585, '2016-08-16', '2016-08-16', 0, 0, 0, 0, '五子棋', 14, 1, 0),
(586, '2016-08-19', '2016-08-19', 0, 0, 0, 0, '穗港澳蓉测试：在线学习平台', 28, 1, 1),
(597, '2016-09-03', '2016-09-03', 0, 0, 0, 0, 'A模块模拟测试', 20, 1, 0),
(588, '2016-08-25', '2016-08-25', 0, 0, 0, 0, 'Module A 测试：梁家俊、谢贵', 28, 1, 1),
(589, '2016-08-26', '2016-08-26', 0, 0, 0, 0, 'Module A 测试', 20, 0, 1),
(596, '2016-09-01', '2016-09-02', 0, 0, 0, 0, 'A模块代码优化', 20, 1, 0),
(595, '2016-08-29', '2016-08-29', 0, 0, 0, 0, '学习平台测试', 20, 1, 0),
(598, '2016-09-05', '2016-09-05', 0, 0, 0, 0, 'A模块测试', 20, 1, 0),
(616, '2016-09-05', '2016-09-11', 0, 0, 0, 0, '模块D代码优化', 20, 1, 0),
(612, '2016-09-06', '2016-09-17', 0, 0, 0, 0, '模块D重构', 20, 0, 0),
(613, '2016-09-15', '2016-09-15', 0, 0, 0, 0, '中秋', 20, 0, 0),
(614, '2016-09-17', '2016-09-17', 0, 0, 0, 0, '模块A和D测试', 20, 0, 0),
(658, '2016-09-26', '2016-09-30', 0, 0, 0, 0, '模块C重构', 20, 1, 0),
(605, '2016-09-19', '2016-09-24', 0, 0, 0, 0, '模块B布局', 20, 0, 0),
(663, '2016-09-21', '2016-09-21', 0, 0, 0, 0, '模块B优化及练习', 20, 2, 0),
(662, '2016-09-20', '2016-09-20', 0, 0, 0, 0, '模块B做效果特效', 20, 2, 0),
(661, '2016-09-19', '2016-09-19', 0, 0, 0, 0, '模块B布局', 20, 2, 0),
(660, '2016-09-24', '2016-09-24', 0, 0, 0, 0, '模块B测试结果优化改进', 20, 1, 0),
(659, '2016-09-23', '2016-09-23', 0, 0, 0, 0, '模块B测试', 20, 0, 0),
(617, '2016-09-12', '2016-09-14', 0, 0, 0, 0, '模块D速度练习', 20, 1, 0),
(692, '2016-10-02', '2016-10-02', 0, 0, 0, 0, '速度练习', 20, 1, 0),
(689, '2016-10-03', '2016-10-04', 0, 0, 0, 0, '模块B练习', 20, 1, 0),
(685, '2016-10-05', '2016-10-06', 0, 0, 0, 0, '穗港澳模拟测试', 20, 1, 0),
(686, '2016-09-30', '2016-10-02', 0, 0, 0, 0, '模块A练习', 20, 1, 0),
(687, '2016-10-01', '2016-10-01', 0, 0, 0, 0, 'BUG修复，并完善', 20, 1, 0),
(624, '2016-09-01', '2016-09-02', 0, 0, 0, 0, '解决导入问题（编码问题）', 15, 1, 0),
(625, '2016-09-02', '2016-09-02', 0, 0, 0, 0, '总结分享', 15, 1, 0),
(626, '2016-09-03', '2016-09-03', 0, 0, 0, 0, '考虑适量的用户体验和熟悉未掌握的代码', 15, 1, 0),
(627, '2016-09-05', '2016-09-05', 0, 0, 0, 0, 'Module A 测试', 15, 1, 0),
(628, '2016-09-06', '2016-09-06', 0, 0, 0, 0, 'JavaScript的设计模式（了解-入门）', 15, 2, 0),
(629, '2016-09-07', '2016-09-10', 0, 0, 0, 0, '设计模式运用实例，并尝试融入Module D里面(例子性测试)', 15, 1, 0),
(630, '2016-09-12', '2016-09-12', 0, 0, 0, 0, '原来代码的完整版Module D', 15, 1, 0),
(631, '2016-09-13', '2016-09-14', 0, 0, 0, 0, '设计模式版Module D', 15, 2, 0),
(632, '2016-09-17', '2016-09-17', 0, 0, 0, 0, 'Module D测试', 15, 1, 0),
(633, '2016-09-16', '2016-09-16', 0, 0, 0, 0, 'Module D完善，检查BUG', 15, 1, 0),
(634, '2016-09-19', '2016-09-24', 0, 0, 0, 0, 'ModuleA和Module D的测试', 15, 1, 0),
(635, '2016-09-19', '2016-09-21', 0, 0, 0, 0, 'ModuleA测试情况而定（继续完善）', 15, 1, 0),
(636, '2016-09-26', '2016-09-30', 0, 0, 0, 0, 'ModuleA和Module D的的测试之外，再加入Module C的设计思考', 15, 0, 0),
(637, '2016-10-10', '2016-10-15', 0, 0, 0, 0, '穗港澳四道题的综合类型测试', 15, 0, 0),
(638, '2016-10-03', '2016-10-08', 0, 0, 0, 0, 'Module B的熟练度测试', 15, 0, 0),
(639, '2016-10-03', '2016-10-04', 0, 0, 0, 0, 'Module B的制作，代码简练优化', 15, 0, 0),
(640, '2016-10-05', '2016-10-05', 0, 0, 0, 0, 'ModuleB的相似度', 15, 0, 0),
(644, '2016-09-30', '2016-09-30', 0, 0, 0, 0, 'Module C测试', 15, 0, 0),
(642, '2016-10-06', '2016-10-06', 0, 0, 0, 0, 'Module B测试', 15, 0, 0),
(643, '2016-09-28', '2016-09-30', 0, 0, 0, 0, 'ModuleC制作', 15, 0, 0),
(645, '2016-09-06', '2016-09-06', 0, 0, 0, 0, '模块A再测', 20, 2, 0),
(646, '2016-09-07', '2016-09-07', 0, 0, 0, 0, '模块A再测', 20, 1, 0),
(647, '2016-09-13', '2016-09-13', 0, 0, 0, 0, '模块D测试', 20, 1, 0),
(648, '2016-09-09', '2016-09-10', 0, 0, 0, 0, '模块D中介者模式套入', 20, 1, 0),
(649, '2016-09-08', '2016-09-08', 0, 0, 0, 0, '模块D中介者模式学习', 20, 1, 0),
(651, '2016-08-29', '2016-09-01', 0, 0, 0, 0, '完成往届比赛一套题', 43, 1, 0),
(652, '2016-09-02', '2016-09-02', 0, 0, 0, 0, '测试', 43, 1, 0),
(653, '2016-09-05', '2016-09-08', 0, 0, 0, 0, '完成往届比赛一套题', 43, 1, 0),
(654, '2016-09-09', '2016-09-09', 0, 0, 0, 0, '测试', 43, 1, 0),
(655, '2016-09-12', '2016-09-15', 0, 0, 0, 0, '完成往届比赛一套题', 43, 1, 0),
(656, '2016-09-16', '2016-09-16', 0, 0, 0, 0, '测试', 43, 1, 0),
(657, '2016-09-16', '2016-09-16', 0, 0, 0, 0, '模块A、D速度练习', 20, 0, 0),
(664, '2016-09-22', '2016-09-22', 0, 0, 0, 0, '模块B速度练习', 20, 0, 0),
(665, '2016-09-19', '2016-09-22', 0, 0, 0, 0, '完成往届比赛一套题', 43, 1, 0),
(666, '2016-09-23', '2016-09-23', 0, 0, 0, 0, '测试', 43, 1, 0),
(667, '2016-09-20', '2016-09-20', 0, 0, 0, 0, '模块B布局', 20, 1, 0),
(668, '2016-09-21', '2016-09-21', 0, 0, 0, 0, '模块B特效', 20, 2, 0),
(669, '2016-09-22', '2016-09-22', 0, 0, 0, 0, '分享', 14, 0, 1),
(670, '2016-09-21', '2016-09-21', 0, 0, 0, 0, '模块B布局', 20, 1, 0),
(671, '2016-09-29', '2016-09-30', 0, 0, 0, 0, '方：分享', 28, 0, 1),
(672, '2016-09-29', '2016-09-29', 0, 0, 0, 0, '分享', 43, 0, 1),
(673, '2016-09-30', '2016-09-30', 0, 0, 0, 0, '梁：分享', 28, 0, 1),
(674, '2016-09-30', '2016-09-30', 0, 0, 0, 0, '分享', 15, 0, 1),
(675, '2016-09-28', '2016-09-28', 0, 0, 0, 0, '分享', 14, 2, 1),
(676, '2016-10-12', '2016-10-13', 0, 0, 0, 0, '跨项目外游', 28, 0, 1),
(677, '2016-09-26', '2016-09-26', 0, 0, 0, 0, '模块D/C测试', 20, 1, 0),
(678, '2016-09-27', '2016-09-27', 0, 0, 0, 0, '模块Cpc出稿', 20, 1, 0),
(679, '2016-09-30', '2016-09-30', 0, 0, 0, 0, '模块C测试', 20, 0, 0),
(680, '2016-09-28', '2016-09-28', 0, 0, 0, 0, '模块C响应式出稿', 20, 0, 0),
(681, '2016-09-29', '2016-09-29', 0, 0, 0, 0, '模块C速度练习', 20, 1, 0),
(682, '2016-10-05', '2016-10-06', 0, 0, 0, 0, '穗港澳蓉2天模拟测试', 28, 0, 1),
(683, '2016-09-26', '2016-09-29', 0, 0, 0, 0, '完成往届比赛一套题', 43, 1, 0),
(684, '2016-09-30', '2016-09-30', 0, 0, 0, 0, '测试', 43, 1, 0),
(690, '2016-10-03', '2016-10-03', 0, 0, 0, 0, '效果完善', 20, 1, 0),
(691, '2016-10-04', '2016-10-04', 0, 0, 0, 0, '速度练习', 20, 1, 0),
(693, '2016-10-02', '2016-10-02', 0, 0, 0, 0, 'Yii2 重点难点梳理; Yii2 餐厅作品再次打分； Yii2 电影预定策划制作', 14, 2, 1),
(694, '2016-10-02', '2016-10-02', 0, 0, 0, 0, 'PHP 02 ，SQL 多表查询', 14, 1, 1),
(695, '2016-10-02', '2016-10-02', 0, 0, 0, 0, ' PHP OOP _call _get 魔术方法巩固', 14, 1, 1),
(697, '2016-10-05', '2016-10-04', 0, 0, 0, 0, '设计模块', 14, 0, 1),
(698, '2016-10-03', '2016-10-03', 0, 0, 0, 0, 'YII2 订餐重做一次，梳理YII2知识点', 14, 2, 1),
(699, '2016-10-03', '2016-10-03', 0, 0, 0, 0, 'YII2 电影预定做个大概', 14, 2, 1),
(700, '2016-10-05', '2016-10-05', 0, 0, 0, 0, '设计', 14, 1, 1),
(701, '2016-10-04', '2016-10-04', 0, 0, 0, 0, 'Yii2 订餐', 14, 2, 1),
(702, '2016-10-06', '2016-10-06', 0, 0, 0, 0, '方泽锋：分享', 28, 0, 1),
(703, '2016-10-05', '2016-10-05', 0, 0, 0, 0, 'YII2 订餐继续完整', 14, 2, 1),
(704, '2016-10-06', '2016-10-06', 0, 0, 0, 0, 'Yii2订餐 必须要完整', 14, 1, 1),
(705, '2016-10-06', '2016-10-06', 0, 0, 0, 0, '做一次穗港澳设计题', 14, 1, 1),
(706, '2016-10-03', '2016-10-06', 0, 0, 0, 0, '完成往届比赛一套题', 43, 1, 0),
(707, '2016-10-07', '2016-10-07', 0, 0, 0, 0, '测试', 43, 1, 0),
(708, '2016-10-07', '2016-10-07', 0, 0, 0, 0, '模块D优化BUG', 20, 0, 0),
(709, '2016-10-08', '2016-10-08', 0, 0, 0, 0, '模块B完整优化代码熟记', 20, 0, 0),
(710, '2016-10-10', '2016-10-11', 0, 0, 0, 0, '穗港澳测试', 20, 0, 0),
(711, '2016-10-14', '2016-10-15', 0, 0, 0, 0, '穗港澳最后测试', 20, 0, 0),
(712, '2016-10-09', '2016-10-09', 0, 0, 0, 0, '模块A速度练习', 20, 0, 0),
(713, '2016-10-08', '2016-10-08', 0, 0, 0, 0, 'yii 2.0 做一次在线学习平台，16：30分完成', 14, 2, 1),
(714, '2016-10-11', '2016-10-12', 0, 0, 0, 0, '模拟测试', 28, 0, 1),
(715, '2016-10-17', '2016-10-17', 0, 0, 0, 0, '搬电脑', 28, 0, 1),
(716, '2016-10-18', '2016-10-18', 0, 0, 0, 0, '赛前会议', 28, 0, 1),
(717, '2016-10-19', '2016-10-19', 0, 0, 0, 0, 'Day 1', 28, 0, 1),
(718, '2016-10-20', '2016-10-20', 0, 0, 0, 0, 'Day 2', 28, 0, 1),
(719, '2016-10-09', '2016-10-09', 0, 0, 0, 0, 'Yii 2.0在线学习平台（除了题目导入导出答题）', 14, 2, 1),
(720, '2016-10-10', '2016-10-10', 0, 0, 0, 0, 'Yii2.0 完成在线测试平台所有功能', 14, 0, 1),
(721, '2016-10-14', '2016-10-14', 0, 0, 0, 0, '脱产组分享', 28, 0, 1),
(722, '2016-10-15', '2016-10-16', 0, 0, 0, 0, '最后一次模拟测试', 28, 0, 1),
(723, '2016-10-22', '2016-10-22', 0, 0, 0, 0, ' 装Ubuntu系统，研究穗港澳其它选手好的技术点', 20, 0, 0),
(724, '2016-10-24', '2016-10-29', 0, 0, 0, 0, '小金库第二版', 20, 0, 0),
(725, '2016-10-23', '2016-10-23', 0, 0, 0, 0, '休息', 20, 0, 0),
(726, '2016-10-22', '2016-10-22', 0, 0, 0, 0, 'canvas学习', 15, 2, 0),
(727, '2016-10-23', '2016-10-25', 0, 0, 0, 0, '在线答题完善', 15, 0, 0),
(728, '2016-10-24', '2016-10-24', 0, 0, 0, 0, 'Grunt', 15, 2, 0),
(729, '2016-10-25', '2016-10-25', 0, 0, 0, 0, 'Json', 15, 2, 0),
(731, '2016-10-24', '2016-10-24', 0, 0, 0, 0, 'AngularJS基础入门学习', 20, 1, 0),
(732, '2016-10-25', '2016-10-25', 0, 0, 0, 0, 'Angular入门学习02', 20, 1, 0),
(733, '2016-10-10', '2016-10-13', 0, 0, 0, 0, '完成往届比赛一套题', 43, 1, 0),
(734, '2016-10-14', '2016-10-14', 0, 0, 0, 0, '测试', 43, 1, 0),
(735, '2016-10-24', '2016-10-27', 0, 0, 0, 0, '完成往届比赛一套题', 43, 1, 0),
(736, '2016-10-28', '2016-10-28', 0, 0, 0, 0, '测试', 43, 1, 0),
(737, '2016-10-26', '2016-10-26', 0, 0, 0, 0, '小金库加入AngularJs基础功能完善', 20, 1, 0),
(738, '2016-10-31', '2016-11-03', 0, 0, 0, 0, '完成往届比赛一套题', 43, 1, 0),
(739, '2016-11-04', '2016-11-04', 0, 0, 0, 0, '测试', 43, 1, 0),
(740, '2016-10-17', '2016-10-21', 0, 0, 0, 0, '穗港澳蓉比赛', 43, 1, 0),
(741, '2016-11-05', '2016-11-08', 0, 0, 0, 0, '北京', 20, 1, 0),
(742, '2016-11-03', '2016-11-04', 0, 0, 0, 0, '小金库第三版', 20, 1, 0),
(743, '2016-11-03', '2016-11-04', 0, 0, 0, 0, 'PHP数据库创建、代码优化', 20, 2, 0),
(744, '2016-11-03', '2016-11-03', 0, 0, 0, 0, '小金库表单功能完善', 20, 1, 0),
(745, '2016-11-05', '2016-11-08', 0, 0, 0, 0, '空余时间思考泡泡堂游戏结构', 20, 2, 0),
(746, '2016-11-04', '2016-11-04', 0, 0, 0, 0, '第三版出版', 20, 1, 0);
INSERT INTO `mark_plan` (`id`, `start_date`, `end_date`, `year`, `month`, `start`, `end`, `content`, `user_id`, `event`, `is_teacher`) VALUES
(747, '2016-11-05', '2016-11-09', 0, 0, 0, 0, '北京交流', 43, 1, 0),
(748, '2016-11-11', '2016-11-11', 0, 0, 0, 0, '测试', 43, 1, 0),
(749, '2016-11-14', '2016-11-17', 0, 0, 0, 0, '完成往届比赛一套题', 43, 0, 0),
(750, '2016-11-18', '2016-11-18', 0, 0, 0, 0, '测试', 43, 0, 0),
(768, '2016-11-16', '2016-11-19', 0, 0, 0, 0, '微信开发接口学习', 15, 0, 0),
(754, '2016-11-14', '2016-11-14', 0, 0, 0, 0, '成绩查询发布', 20, 1, 0),
(755, '2016-11-17', '2016-11-18', 0, 0, 0, 0, '一周计划项目开发', 20, 0, 0),
(756, '2016-11-23', '2016-11-24', 0, 0, 0, 0, '外出', 36, 0, 0),
(757, '2016-11-14', '2016-11-18', 0, 0, 0, 0, '打字排行优化、新增功能、修复BUG', 36, 1, 0),
(758, '2016-11-21', '2016-11-22', 0, 0, 0, 0, '文件分享对外权限优化', 36, 0, 0),
(759, '2016-11-24', '2016-11-27', 0, 0, 0, 0, '江西', 28, 0, 1),
(762, '2016-11-14', '2016-11-15', 0, 0, 0, 0, '将以前JS游戏用JQ重新做一遍', 43, 1, 0),
(764, '2016-11-16', '2016-11-17', 0, 0, 0, 0, '井字棋游戏', 43, 0, 0),
(765, '2016-11-18', '2016-11-19', 0, 0, 0, 0, '打地鼠游戏', 43, 1, 0),
(766, '2016-11-21', '2016-11-23', 0, 0, 0, 0, '拼图游戏', 43, 0, 0),
(767, '2016-11-15', '2016-11-15', 0, 0, 0, 0, 'echart模块化引入开发学习', 20, 1, 0),
(769, '2016-11-16', '2016-11-16', 0, 0, 0, 0, 'echart图表数据导入', 20, 1, 0),
(770, '2016-12-17', '2016-12-24', 0, 0, 0, 0, '工作室大房间被占用(军嫂培训)', 28, 0, 1),
(771, '2016-11-23', '2016-11-24', 0, 0, 0, 0, '精英班学员外出扩展活动', 28, 0, 1),
(772, '2016-12-17', '2016-12-17', 0, 0, 0, 0, 'CSS大会', 28, 0, 1),
(773, '2016-11-19', '2016-11-19', 0, 0, 0, 0, '手机版签到', 36, 0, 0);

-- --------------------------------------------------------

--
-- 表的结构 `messages`
--

CREATE TABLE IF NOT EXISTS `messages` (
  `id` int(111) NOT NULL AUTO_INCREMENT,
  `uid` int(11) NOT NULL,
  `content` text NOT NULL,
  `time` time NOT NULL,
  `share` int(11) NOT NULL,
  `reply` varchar(255) NOT NULL,
  PRIMARY KEY (`id`)
) ENGINE=MyISAM  DEFAULT CHARSET=utf8 AUTO_INCREMENT=31 ;

--
-- 转存表中的数据 `messages`
--

INSERT INTO `messages` (`id`, `uid`, `content`, `time`, `share`, `reply`) VALUES
(1, 0, '您好！', '00:00:00', 1, ''),
(2, 0, '测试一下', '00:00:00', 1, ''),
(25, 20, '我给大家分享一个炫酷的网站http://www.xuanfengge.com/', '00:00:00', 2, ''),
(4, 0, 'lorem', '00:00:00', 1, ''),
(7, 0, '怎么没有人在这里写东西啊？', '00:00:00', 1, ''),
(8, 0, '希望增加借书面板，有些东西想和你们一起分享，却又舍不得卖出去。。', '00:00:00', 1, ''),
(9, 0, '占楼', '00:00:00', 1, ''),
(10, 0, '天气冷了，大家要注意保暖啊', '00:00:00', 1, ''),
(11, 0, '有什么好的想法或者创意点子可以在留言哦！', '00:00:00', 1, ''),
(13, 0, '二货市场，发布东西后在我发布的东西里没有显示', '00:00:00', 1, ''),
(14, 0, '任务管理器中的【典雅主题】Logo有BUG', '00:00:00', 1, ''),
(15, 0, '需要个QQ五笔输入法', '00:00:00', 1, '已采纳'),
(16, 0, '有道云笔记 PC客户端\r\n 金山打字通 2003版\r\n  2货网上的 搜索的DIV  已经跑到LOGO上前面了（屏幕大小）\r\n软件仓库里的h3有问题 浏览器版本低一点的情况下（谷歌）', '00:00:00', 1, '已收到'),
(17, 0, '冬至快乐', '00:00:00', 1, '同乐'),
(18, 37, '祝老师和伙伴们有一个愉快的夜晚，平安快乐', '00:00:00', 1, '同乐'),
(28, 34, 'answer questions中ps部分题没有正\r\n确答案，多选题不能多选。', '00:00:00', 1, '已收到'),
(29, 18, 'HTML试题\r\n试题没有固定   如：（以上试题都对）跑到第1、2就不对了\r\n通常用html中的什么标签来构建导航条菜单？ 有bug\r\n网页制作中的结构是什么                   有bug\r\n', '00:00:00', 1, ''),
(30, 18, '伪类hover可以加在以下哪种标签\r\n里面写了《只能在a标签》和《以上标签都可以》有冲突', '00:00:00', 1, '');

-- --------------------------------------------------------

--
-- 表的结构 `sign`
--

CREATE TABLE IF NOT EXISTS `sign` (
  `id` int(11) NOT NULL AUTO_INCREMENT,
  `datetime1` int(11) NOT NULL,
  `datetime2` int(11) NOT NULL,
  `onetime` int(11) NOT NULL,
  `name` varchar(50) NOT NULL,
  `content` varchar(200) NOT NULL,
  `user_id` int(11) NOT NULL,
  PRIMARY KEY (`id`)
) ENGINE=MyISAM  DEFAULT CHARSET=utf8 AUTO_INCREMENT=2903 ;

--
-- 转存表中的数据 `sign`
--

INSERT INTO `sign` (`id`, `datetime1`, `datetime2`, `onetime`, `name`, `content`, `user_id`) VALUES
(73, 1446866098, 1446866114, 0, 'test', '123', 66),
(74, 1446866127, 1446866132, 0, '陈锦浩', '111', 16),
(75, 1446866139, 1446866140, 0, 'test', '', 66),
(87, 1446882358, 1446882366, 0, 'test', 'fdsfasd', 66),
(88, 1446882421, 1446882433, 0, 'test', '', 66),
(91, 1446884162, 1446884192, 0, 'test', 'dfasfd', 66),
(96, 1446884408, 1446884684, 0, 'test', '', 66),
(97, 1446884688, 1446884710, 0, 'test', '', 66),
(98, 1446884717, 1446895649, 0, 'test', '', 66),
(99, 1446895655, 0, 0, 'test', '', 66),
(100, 1447153710, 1447153717, 0, 'test', '', 66),
(101, 1447153876, 0, 0, '梁家俊', '', 15),
(102, 1447154167, 0, 0, '杨书明', '', 43),
(103, 1447154368, 1447161739, 0, '陆跃标', '', 19),
(104, 1447208657, 1447209088, 0, '魏子杰', '', 38),
(105, 1447238019, 0, 0, '杨书明', '', 43),
(106, 1447240639, 0, 0, '谢洪干', '', 18),
(107, 1447240829, 0, 0, 'huangxinyan', '', 29),
(108, 1447241286, 1447241336, 0, '陈冠全', '', 24),
(109, 1447242299, 1447242327, 0, '陈冠全', '', 24),
(110, 1447242395, 0, 0, '杨书明', '', 43),
(111, 1447242972, 1447242991, 0, '谢洪干', '', 18),
(112, 1447244792, 1447244934, 0, '谢洪干', '', 18),
(113, 1447245266, 0, 0, '谢洪干', '', 18),
(114, 1447247315, 0, 0, '谢洪干', '', 18),
(115, 1447324003, 1447327795, 0, '杨书明', '', 43),
(116, 1447372587, 0, 0, 'test', '', 66),
(117, 1447372856, 0, 0, 'chenlizhun', '', 28),
(118, 1447384104, 0, 0, 'chenlizhun', '', 28),
(119, 1447398708, 1447398764, 0, '梁家俊', '', 15),
(120, 1447398953, 1447398972, 0, '梁家俊', '', 15),
(121, 1447405362, 1447405713, 0, 'test', '', 66),
(122, 1447406026, 1447410332, 0, 'test', '', 66),
(123, 1447406507, 0, 0, 'chenlizhun', '', 28),
(124, 1447409593, 1447418301, 0, '陆跃标', '', 19),
(125, 1447410443, 1447410444, 0, '谢贵', '', 20),
(126, 1447410456, 0, 0, '谢贵', '', 20),
(127, 1447412279, 1447422592, 0, '谢洪干', '', 18),
(128, 1447418315, 0, 0, '陆跃标', '', 19),
(129, 1447421938, 0, 0, '陆跃标', '', 19),
(130, 1447462127, 1447749087, 0, 'yuqiuman', '', 34),
(131, 1447462661, 0, 0, '谢洪干', '', 18),
(132, 1447462809, 0, 0, '林海荣', '', 46),
(133, 1447462992, 0, 0, 'liangniguo', '', 39),
(134, 1447463254, 0, 0, '陈冠全', '', 24),
(135, 1447463259, 0, 0, 'HLB', '', 35),
(136, 1447463296, 1447463319, 0, '方泽锋', '1', 36),
(137, 1447463327, 0, 0, 'liangjianfei', '', 40),
(138, 1447463328, 0, 0, '微小念', '', 37),
(139, 1447463329, 0, 0, '方泽锋', '', 36),
(140, 1447463402, 0, 0, 'ZZS', '', 0),
(141, 1447463618, 0, 0, 'chenlizhun', '', 28),
(142, 1447470281, 0, 0, 'chenlizhun', '', 28),
(143, 1447474973, 0, 0, 'liangjianfei', '', 40),
(144, 1447477508, 1447477509, 0, 'liangjianfei', '', 40),
(145, 1447477660, 0, 0, '方泽锋', '', 36),
(146, 1447477684, 0, 0, '方泽锋', '', 36),
(147, 1447478072, 0, 0, '陈冠全', '', 24),
(148, 1447478574, 0, 0, 'huangxinyan', '', 29),
(149, 1447478640, 0, 0, '罗锐文', '', 25),
(150, 1447478662, 0, 0, '陈冠全', '', 24),
(151, 1447479024, 0, 0, '微小念', '', 37),
(152, 1447479586, 1447480236, 0, 'huangxinyan', '', 29),
(153, 1447479816, 1447482899, 0, '陈冠全', '', 24),
(154, 1447479959, 1447479983, 0, 'test', '', 66),
(155, 1447480078, 0, 0, 'zhuzhushuo', '', 31),
(156, 1447480146, 0, 0, 'zhuzhushuo', '', 31),
(157, 1447480828, 0, 0, 'huangxinyan', '', 29),
(158, 1447482508, 0, 0, '杨书明', '', 43),
(159, 1447482703, 0, 0, '杨书明', '', 43),
(160, 1447482913, 0, 0, '罗锐文', '', 25),
(161, 1447483747, 1447483942, 0, '罗锐文', '', 25),
(162, 1447483956, 0, 0, '罗锐文', '', 25),
(163, 1447484562, 1447484620, 0, '微小念', '', 37),
(164, 1447484636, 0, 0, '微小念', '', 37),
(165, 1447484800, 0, 0, '微小念', '', 37),
(166, 1447485213, 0, 0, '微小念', '', 37),
(167, 1447485808, 0, 0, '杨书明', '', 43),
(168, 1447485892, 0, 0, '罗锐文', '', 25),
(169, 1447486402, 0, 0, '杨书明', '', 43),
(170, 1447489015, 0, 0, '微小念', '', 37),
(171, 1447489424, 0, 0, 'yuqiuman', '', 34),
(172, 1447489766, 0, 0, 'liangniguo', '', 39),
(173, 1447489985, 0, 0, 'liangniguo', '', 39),
(174, 1447490794, 0, 0, 'zhuzhushuo', '', 31),
(175, 1447490946, 0, 0, 'zhuzhushuo', '', 31),
(176, 1447491259, 0, 0, '微小念', '', 37),
(177, 1447491412, 0, 0, '微小念', '', 37),
(178, 1447491950, 0, 0, 'zhuzhushuo', '', 31),
(179, 1447495349, 0, 0, 'HLB', '', 35),
(180, 1447495554, 0, 0, '谢洪干', '', 18),
(181, 1447495586, 0, 0, 'HLB', '', 35),
(182, 1447495673, 0, 0, '陆跃标', '', 19),
(183, 1447496349, 0, 0, '蔡茵茵', '', 54),
(184, 1447497199, 0, 0, 'HLB', '', 35),
(185, 1447498006, 0, 0, 'HLB', '', 35),
(186, 1447498673, 0, 0, '陆跃标', '', 19),
(187, 1447508677, 0, 0, '陆跃标', '', 19),
(188, 1447592401, 0, 0, 'yuqiuman', '', 34),
(189, 1447592633, 0, 0, 'yuqiuman', '', 34),
(190, 1447593050, 0, 0, 'yuqiuman', '', 34),
(191, 1447635147, 0, 0, 'chenlizhun', '', 28),
(192, 1447642777, 0, 0, 'chenlizhun', '', 28),
(193, 1447667710, 0, 0, '陈冠全', '', 24),
(194, 1447673054, 0, 0, '罗锐文', '', 25),
(195, 1447676019, 0, 0, 'yuqiuman', '', 34),
(196, 1447677863, 0, 0, 'yuqiuman', '', 34),
(197, 1447753759, 0, 0, '陈冠全', '', 24),
(198, 1447753778, 0, 0, '陈冠全', '', 24),
(199, 1447753818, 0, 0, '陈冠全', '', 24),
(200, 1447753834, 0, 0, '陈冠全', '', 24),
(201, 1447756624, 1447760188, 0, '杨书明', '', 43),
(202, 1447757767, 1447761257, 0, 'chenlizhun', '', 28),
(203, 1447758363, 0, 0, '陈冠全', '', 24),
(204, 1447763101, 1447763101, 0, 'huangxinyan', '', 29),
(205, 1447763935, 1447763944, 0, 'yuqiuman', '', 34),
(206, 1447763944, 1447763955, 0, 'yuqiuman', '', 34),
(207, 1447763955, 1447763962, 0, 'yuqiuman', '', 34),
(208, 1447763962, 1447763970, 0, 'yuqiuman', '', 34),
(209, 1447763970, 1447763979, 0, 'yuqiuman', '', 34),
(210, 1447763979, 1447763988, 0, 'yuqiuman', '', 34),
(211, 1447763988, 1447763993, 0, 'yuqiuman', '', 34),
(212, 1447763993, 1447764010, 0, 'yuqiuman', '', 34),
(213, 1447764010, 1447764021, 0, 'yuqiuman', '', 34),
(214, 1447764021, 1447764031, 0, 'yuqiuman', '', 34),
(215, 1447764031, 1447764042, 0, 'yuqiuman', '', 34),
(216, 1447764042, 1447764043, 0, 'yuqiuman', '', 34),
(217, 1447764043, 1447764051, 0, 'yuqiuman', '', 34),
(218, 1447764051, 1447764070, 0, 'yuqiuman', '', 34),
(219, 1447764070, 1447764088, 0, '余秋曼', '', 0),
(220, 1447764088, 1447764095, 0, '余秋曼', '', 0),
(221, 1447764095, 1447764107, 0, '余秋曼', '', 0),
(222, 1447764107, 1447764124, 0, '余秋曼', '', 0),
(223, 1447764124, 1447764124, 0, 'yuqiuman', '', 34),
(224, 1447764176, 1447764887, 0, 'yuqiuman', '', 34),
(225, 1447813781, 1447816338, 0, 'chenlizhun', '', 28),
(226, 1447825840, 1447826043, 0, '魏子杰', '', 38),
(227, 1447842669, 1447846623, 0, '杨书明', '', 43),
(228, 1447843038, 1447843047, 0, '梁家俊', '', 15),
(229, 1447843130, 1447843136, 0, '陈冠全', '', 24),
(230, 1447845517, 1447845517, 0, '罗锐文', '', 25),
(231, 1447849984, 1447850007, 0, 'yuqiuman', '', 34),
(232, 1447850007, 1447850014, 0, 'yuqiuman', '', 34),
(233, 1447850014, 1447850022, 0, 'yuqiuman', '', 34),
(234, 1447850022, 1447850735, 0, 'yuqiuman', '', 34),
(235, 1447896918, 1447896944, 0, 'yuqiuman', '', 34),
(236, 1447896944, 1447896978, 0, 'yuqiuman', '', 34),
(237, 1447899333, 1447899401, 0, '方泽锋', '', 36),
(238, 1447900313, 1447900346, 0, '方泽锋', '', 36),
(239, 1447926085, 1447993248, 0, '谢贵', '', 20),
(240, 1447928846, 1447928849, 0, '陈冠全', '', 24),
(241, 1447929784, 1447929784, 0, '杨书明', '', 43),
(242, 1447933094, 1447933094, 0, 'huangxinyan', '', 29),
(243, 1448008896, 1448010040, 0, 'chenlizhun', '', 28),
(244, 1448011812, 1448011826, 0, 'chenlizhun', '', 28),
(245, 1448014743, 1448014803, 0, '陈冠全', '', 24),
(246, 1448016120, 1448018094, 0, '陆跃标', '', 19),
(247, 1448018757, 1448018776, 0, '谢洪干', '', 18),
(248, 1448018776, 1448018793, 0, '谢洪干', '', 18),
(249, 1448018793, 1448027482, 0, '谢洪干', '', 18),
(250, 1448026833, 1448026869, 0, '陆跃标', '', 19),
(251, 1448026896, 1448026942, 0, '陆跃标', '', 19),
(252, 1448066508, 1448084988, 0, 'liangjianfei', '', 40),
(253, 1448066747, 1448066809, 0, 'chenlizhun', '', 28),
(254, 1448067398, 1448081735, 0, '杨书明', '', 43),
(255, 1448067840, 1448074568, 0, 'chenlizhun', '', 28),
(256, 1448067974, 1448082154, 0, 'zhuzhushuo', '', 31),
(257, 1448070409, 1448070409, 0, '微小念', '', 37),
(258, 1448070606, 1448070729, 0, '方泽锋', '', 36),
(259, 1448070666, 1448070677, 0, '谢洪干', '', 18),
(260, 1448070677, 1448070682, 0, '谢洪干', '', 18),
(261, 1448070682, 1448070719, 0, '谢洪干', '', 18),
(262, 1448070767, 1448071311, 0, 'huangxinyan', '', 29),
(263, 1448070906, 1448082356, 0, '谢洪干', '', 18),
(264, 1448071151, 1448079011, 0, '微小念', '', 37),
(265, 1448072385, 1448072385, 0, '罗锐文', '', 25),
(266, 1448073498, 1448078164, 0, 'liangniguo', '', 39),
(267, 1448074008, 1448074017, 0, '陈冠全', '', 24),
(268, 1448074054, 1448077283, 0, '陈冠全', '', 24),
(269, 1448074827, 1448074972, 0, 'chenlizhun', '', 28),
(270, 1448074833, 1448075632, 0, '方泽锋', '', 36),
(271, 1448075370, 1448075649, 0, 'chenlizhun', '', 28),
(272, 1448075700, 1448075777, 0, '方泽锋', '', 36),
(273, 1448075709, 1448082134, 0, 'chenlizhun', '', 28),
(274, 1448076022, 1448076267, 0, '魏子杰', '', 38),
(275, 1448077020, 1448077119, 0, '方泽锋', '', 36),
(276, 1448077879, 1448077883, 0, '谢贵', '', 20),
(277, 1448077883, 1448078021, 0, '谢贵', '', 20),
(278, 1448077980, 1448078073, 0, 'huangxinyan', '', 29),
(279, 1448078021, 1448078074, 0, '谢贵', '', 20),
(280, 1448078036, 1448078133, 0, '罗锐文', '', 25),
(281, 1448078224, 1448078232, 0, '梁家俊', '', 15),
(282, 1448078232, 1448078233, 0, '梁家俊', '', 15),
(283, 1448078233, 1448078244, 0, '梁家俊', '', 15),
(284, 1448078244, 1448078249, 0, '梁家俊', '', 15),
(285, 1448078249, 1448078326, 0, '梁家俊', '', 15),
(286, 1448078326, 1448078327, 0, '梁家俊', '', 15),
(287, 1448078327, 1448078328, 0, '梁家俊', '', 15),
(288, 1448078328, 1448078329, 0, '梁家俊', '', 15),
(289, 1448078329, 1448078338, 0, '梁家俊', '', 15),
(290, 1448078338, 1448078344, 0, '梁家俊', '', 15),
(291, 1448078344, 1448078353, 0, '梁家俊', '', 15),
(292, 1448078353, 1448078422, 0, '梁家俊', '', 15),
(293, 1448078422, 1448079398, 0, 'test', '', 66),
(294, 1448078489, 1448078761, 0, '游客', '', 0),
(295, 1448078991, 1448079021, 0, '谢贵', '', 20),
(296, 1448079021, 1448079025, 0, '谢贵', '', 20),
(297, 1448079025, 1448079034, 0, '谢贵', '', 20),
(298, 1448079440, 1448079453, 0, '谢贵', '', 20),
(299, 1448079471, 1448079500, 0, '谢贵', '', 20),
(300, 1448079509, 1448079579, 0, '谢贵', '', 20),
(301, 1448079592, 1448079596, 0, '谢贵', '', 20),
(302, 1448079605, 1448079622, 0, '谢贵', '', 20),
(303, 1448079608, 1448079692, 0, '罗锐文', '', 25),
(304, 1448079631, 1448079637, 0, '谢贵', '', 20),
(305, 1448079645, 1448079671, 0, '谢贵', '', 20),
(306, 1448079689, 1448079707, 0, '谢贵', '', 20),
(307, 1448080219, 1448080232, 0, '梁家俊', '', 15),
(308, 1448080248, 1448080267, 0, '梁家俊', '', 15),
(309, 1448080280, 1448080288, 0, '谢贵', '', 20),
(310, 1448082407, 0, 0, '陆跃标', '', 19),
(311, 1448085776, 1448085778, 0, 'liangjianfei', '', 40),
(312, 1448092713, 1448092894, 0, 'HLB', '', 35),
(313, 1448093084, 1448093194, 0, 'zhuzhushuo', '', 31),
(314, 1448093755, 1448093767, 0, 'yuqiuman', '', 34),
(315, 1448093767, 1448093773, 0, 'yuqiuman', '', 34),
(316, 1448093773, 1448093786, 0, 'yuqiuman', '', 34),
(317, 1448093786, 1448093788, 0, 'yuqiuman', '', 34),
(318, 1448093788, 1448093805, 0, 'yuqiuman', '', 34),
(319, 1448093805, 1448093842, 0, 'yuqiuman', '', 34),
(320, 1448093842, 1448095195, 0, 'yuqiuman', '', 34),
(321, 1448094698, 1448104537, 0, '谢洪干', '', 18),
(322, 1448099173, 1448099231, 0, '陆跃标', '', 19),
(323, 1448104337, 1448104487, 0, '蔡茵茵', '', 54),
(324, 1448109764, 1448109781, 0, '陆跃标', '', 19),
(325, 1448109781, 1448109792, 0, '陆跃标', '', 19),
(326, 1448109792, 1448109792, 0, '陆跃标', '', 19),
(327, 1448109821, 1448109865, 0, '陆跃标', '', 19),
(328, 1448153467, 1448328581, 0, 'chenlizhun', '', 28),
(329, 1448154421, 1448154443, 0, 'test', '', 66),
(330, 1448160823, 1448160826, 0, '梁家俊', '', 15),
(331, 1448160826, 1448160857, 0, '梁家俊', '', 15),
(332, 1448192508, 1448194348, 0, 'liangniguo', '', 39),
(333, 1448193245, 1448194453, 0, 'yuqiuman', '', 34),
(334, 1448274295, 1448274314, 0, '陈冠全', '', 24),
(335, 1448274314, 1448274327, 0, '陈冠全', '', 24),
(336, 1448274327, 1448274337, 0, '陈冠全', '', 24),
(337, 1448274376, 1448274387, 0, '陈冠全', '', 24),
(338, 1448275247, 1448278209, 0, '杨书明', '', 43),
(339, 1448278101, 1448278155, 0, 'huangxinyan', '', 29),
(340, 1448354469, 1448354511, 0, '陆跃标', '', 19),
(341, 1448360978, 1448364653, 0, '杨书明', '', 43),
(342, 1448362712, 1448362740, 0, 'huangxinyan', '', 29),
(343, 1448370132, 1448370373, 0, 'yuqiuman', '', 34),
(344, 1448447011, 1448447024, 0, '陈冠全', '', 24),
(345, 1448447024, 1448447042, 0, '陈冠全', '', 24),
(346, 1448447042, 1448447121, 0, '陈冠全', '', 24),
(347, 1448447755, 1448447755, 0, '杨书明', '', 43),
(348, 1448448214, 1448448214, 0, 'huangxinyan', '', 29),
(349, 1448450429, 1448450443, 0, '罗锐文', '', 25),
(350, 1448453771, 1448453793, 0, 'huangxinyan', '', 29),
(351, 1448505994, 1448589978, 0, 'chenlizhun', '', 28),
(352, 1448534017, 1448535950, 0, 'test', '', 66),
(353, 1448534032, 1448534102, 0, '陈冠全', '', 24),
(354, 1448534111, 1448534111, 0, '杨书明', '', 43),
(355, 1448536083, 1448542699, 0, '罗锐文', '', 25),
(356, 1448583391, 1448589978, 0, 'chenlizhun', '', 28),
(357, 1448589983, 1448592301, 0, 'chenlizhun', '', 28),
(358, 1448603950, 1448604516, 0, '梁家俊', '', 15),
(359, 1448604225, 1448604239, 0, 'chenlizhun', '', 28),
(360, 1448604252, 1448604252, 0, 'chenlizhun', '', 28),
(361, 1448625522, 1448625656, 0, '陈锦浩', '', 16),
(362, 1448626709, 1448797983, 0, '谢洪干', '', 18),
(363, 1448672482, 1448682440, 0, '陈冠全', '', 24),
(364, 1448672515, 1448672547, 0, '罗锐文', '', 25),
(365, 1448672551, 1448684219, 0, '杨书明', '', 43),
(366, 1448673057, 1448673727, 0, 'chenlizhun', '', 28),
(367, 1448675206, 1448688412, 0, 'liangjianfei', '', 40),
(368, 1448675352, 1448678927, 0, '方泽锋', '', 36),
(369, 1448675913, 1448677560, 0, 'liangniguo', '', 39),
(370, 1448675995, 1448680228, 0, '微小念', '', 37),
(371, 1448677585, 1448682860, 0, 'liangniguo', '', 39),
(372, 1448678927, 1448678943, 0, '方泽锋', '', 36),
(373, 1448678943, 1448679720, 0, '方泽锋', '', 36),
(374, 1448682451, 1448682695, 0, 'huangxinyan', '', 29),
(375, 1448683194, 1448683207, 0, '陈冠全', '', 24),
(376, 1448683235, 1448685208, 0, '陈冠全', '', 24),
(377, 1448685223, 1448685342, 0, '罗锐文', '', 25),
(378, 1448692247, 1448699492, 0, 'yuqiuman', '', 34),
(379, 1448696156, 1448696437, 0, 'HLB', '', 35),
(380, 1448704287, 1448704974, 0, '蔡茵茵', '', 54),
(381, 1448707442, 1448717650, 0, '陆跃标', '', 19),
(382, 1448708593, 1448717910, 0, 'liangniguo', '', 39),
(383, 1448799981, 1448800136, 0, 'liangniguo', '', 39),
(384, 1448800540, 1448802109, 0, 'liangniguo', '', 39),
(385, 1448801438, 1448801486, 0, '陆跃标', '', 19),
(386, 1448853061, 1448853125, 0, '魏子杰', '', 38),
(387, 1448856697, 1448856740, 0, 'chenlizhun', '', 28),
(388, 1448868432, 1448868641, 0, 'yuqiuman', '', 34),
(389, 1448872388, 1448873107, 0, 'chenlizhun', '', 28),
(390, 1448876937, 1448876963, 0, '陈冠全', '', 24),
(391, 1448880232, 1448883710, 0, '杨书明', '', 43),
(392, 1448880379, 1448883092, 0, 'chenlizhun', '', 28),
(393, 1448883422, 1448883433, 0, 'huangxinyan', '', 29),
(394, 1448883433, 1448883476, 0, 'huangxinyan', '', 29),
(395, 1448932484, 1448933390, 0, 'chenlizhun', '', 28),
(396, 1448954412, 1448954521, 0, 'yuqiuman', '', 34),
(397, 1448965463, 1448969600, 0, '杨书明', '', 43),
(398, 1448965614, 1448969244, 0, '陈冠全', '', 24),
(399, 1448972928, 1448973032, 0, '谢洪干', '', 18),
(400, 1449052348, 1449056017, 0, '杨书明', '', 43),
(401, 1449061887, 1449062091, 0, 'ljj', '', 0),
(402, 1449108339, 1449109020, 0, '微小念', '', 37),
(403, 1449109258, 1449109300, 0, 'chenlizhun', '', 28),
(404, 1449109300, 1449110333, 0, '陈锦浩', '', 16),
(405, 1449109344, 1449109767, 0, 'chenlizhun', '', 28),
(406, 1449109360, 1449109382, 0, '梁家俊', '', 15),
(407, 1449109399, 1449109656, 0, '梁家俊', '', 15),
(408, 1449109756, 1449110263, 0, 'liangjianfei', '', 40),
(409, 1449109776, 1449109801, 0, '谢贵', '', 20),
(410, 1449110003, 1449110424, 0, '谢贵', '', 20),
(411, 1449110294, 1449139003, 0, 'chenlizhun', '', 28),
(412, 1449112937, 1449124557, 0, 'JimMing', '', 14),
(413, 1449121933, 1449122214, 0, '方泽锋', '', 36),
(414, 1449122664, 1449122705, 0, '方泽锋', '', 36),
(415, 1449122752, 1449123228, 0, '方泽锋', '', 36),
(416, 1449123909, 1449123936, 0, '谢贵', '', 20),
(417, 1449138714, 1449146179, 0, '杨书明', '', 43),
(418, 1449140032, 1449141003, 0, 'yuqiuman', '', 34),
(419, 1449190340, 1449190365, 0, 'chenlizhun', '', 28),
(420, 1449275944, 1449302051, 0, 'yuqiuman', '', 34),
(421, 1449277361, 1449287076, 0, '杨书明', '', 43),
(422, 1449277647, 1449278294, 0, 'liangniguo', '', 39),
(423, 1449277711, 1449300319, 0, 'HLB', '', 35),
(424, 1449277797, 1449289090, 0, 'huangxinyan', '', 29),
(425, 1449278104, 1449284163, 0, 'zhuzhushuo', '', 31),
(426, 1449278164, 1449286507, 0, '微小念', '', 37),
(427, 1449278278, 1449284973, 0, '谢洪干', '', 18),
(428, 1449278636, 1449278644, 0, 'chenlizhun', '', 28),
(429, 1449278644, 1449283747, 0, 'chenlizhun', '', 28),
(430, 1449281194, 1449281194, 0, 'liangniguo', '', 39),
(431, 1449282342, 1449282568, 0, 'xin_zhang', '', 30),
(432, 1449284185, 1449284189, 0, 'chenlizhun', '', 28),
(433, 1449284193, 1449384772, 0, 'chenlizhun', '', 28),
(434, 1449284453, 1449284623, 0, '魏子杰', '', 38),
(435, 1449284609, 1449284897, 0, 'liangniguo', '', 39),
(436, 1449285159, 1449285170, 0, 'liangniguo', '', 39),
(437, 1449287135, 1449288545, 0, '杨书明', '', 43),
(438, 1449289082, 1449289135, 0, 'liangniguo', '', 39),
(439, 1449289101, 1449289191, 0, 'huangxinyan', '', 29),
(440, 1449289125, 1449294999, 0, '陆跃标', '', 19),
(441, 1449289235, 1449289431, 0, 'huangxinyan', '', 29),
(442, 1449291621, 1449298725, 0, '微小念', '', 37),
(443, 1449292964, 1449293198, 0, '蔡茵茵', '', 54),
(444, 1449293367, 1449293455, 0, '蔡茵茵', '', 54),
(445, 1449296551, 1449296554, 0, '谢洪干', '', 18),
(446, 1449296880, 1449307504, 0, '谢洪干', '', 18),
(447, 1449298833, 1449299330, 0, '微小念', '', 37),
(448, 1449305796, 1449305853, 0, 'zhuzhushuo', '', 31),
(449, 1449307305, 1449307488, 0, '蔡茵茵', '', 54),
(450, 1449311302, 1449311302, 0, '陆跃标', '', 19),
(451, 1449319385, 1449322503, 0, '陆跃标', '', 19),
(452, 1449323307, 1449323569, 0, '谢洪干', '', 18),
(453, 1449372420, 1449372433, 0, '谢贵', '', 20),
(454, 1449394070, 1449394693, 0, '谢洪干', '', 18),
(455, 1449397177, 1449400517, 0, 'yuqiuman', '', 34),
(456, 1449399608, 1449399608, 0, '陆跃标', '', 19),
(457, 1449460399, 1449651120, 0, 'chenlizhun', '', 28),
(458, 1449472975, 1449473150, 0, 'liangniguo', '', 39),
(459, 1449486869, 1449486877, 0, '杨书明', '', 43),
(460, 1449487020, 1449487028, 0, '杨书明', '', 43),
(461, 1449487249, 1449491723, 0, '杨书明', '', 43),
(462, 1449487699, 1449487775, 0, '谢洪干', '', 18),
(463, 1449488508, 1449489926, 0, '谢洪干', '', 18),
(464, 1449489587, 1449496101, 0, '陆跃标', '', 19),
(465, 1449552224, 1449552934, 0, '微小念', '', 37),
(466, 1449572152, 1449572391, 0, '杨书明', '', 43),
(467, 1449572223, 1449572962, 0, 'huangxinyan', '', 29),
(468, 1449574082, 1449574121, 0, '微小念', '', 37),
(469, 1449574879, 1449575315, 0, '陈冠全', '', 24),
(470, 1449575659, 1449576098, 0, '陈冠全', '', 24),
(471, 1449576334, 1449576334, 0, '谢洪干', '', 18),
(472, 1449576593, 1449576894, 0, '微小念', '', 37),
(473, 1449577549, 1449579383, 0, '杨书明', '', 43),
(474, 1449629249, 1449656129, 0, '谢贵', '', 20),
(475, 1449652432, 1449653843, 0, '谢洪干', '', 18),
(476, 1449657648, 1449657648, 0, '杨书明', '', 43),
(477, 1449661315, 1449661604, 0, '微小念', '', 37),
(478, 1449662006, 1449662006, 0, '谢洪干', '', 18),
(479, 1449667463, 1449667577, 0, 'yuqiuman', '', 34),
(480, 1449718778, 1449735884, 0, 'chenlizhun', '', 28),
(481, 1449744986, 1449745333, 0, '罗锐文', '', 25),
(482, 1449745090, 1449750143, 0, '杨书明', '', 43),
(483, 1449745493, 1449750782, 0, '罗锐文', '', 25),
(484, 1449747416, 1449747717, 0, '陈冠全', '', 24),
(485, 1449751374, 1449751864, 0, 'yuqiuman', '', 34),
(486, 1449816503, 1449820130, 0, 'chenlizhun', '', 28),
(487, 1449820133, 1449820226, 0, 'chenlizhun', '', 28),
(488, 1449820230, 1449825212, 0, 'chenlizhun', '', 28),
(489, 1449825228, 1449825256, 0, 'chenlizhun', '', 28),
(490, 1449827841, 1449827841, 0, '谢贵', '', 20),
(491, 1449831395, 1449834393, 0, '谢洪干', '', 18),
(492, 1449831744, 1449831744, 0, '陆跃标', '', 19),
(493, 1449832630, 1449832633, 0, 'huangxinyan', '', 29),
(494, 1449834224, 1449834500, 0, '陈锦浩', '', 16),
(495, 1449834357, 1449834357, 0, 'huangxinyan', '', 29),
(496, 1449834842, 1449834852, 0, '谢洪干', '', 18),
(497, 1449836115, 1449837973, 0, '梁家俊', '', 15),
(498, 1449836599, 1449837182, 0, 'liangniguo', '', 39),
(499, 1449840622, 1449840765, 0, '陆跃标', '', 19),
(500, 1449840810, 1449840835, 0, '谢洪干', '', 18),
(501, 1449880564, 1449884080, 0, '梁家俊', '', 15),
(502, 1449880912, 1449918138, 0, '陆跃标', '', 19),
(503, 1449881048, 1449881048, 0, '谢贵', '', 20),
(504, 1449881067, 1449881367, 0, '梁家俊', '', 15),
(505, 1449881285, 1449882635, 0, '谢贵', '', 20),
(506, 1449881288, 1449881539, 0, '微小念', '', 37),
(507, 1449881502, 1449881502, 0, 'huangxinyan', '', 29),
(508, 1449881775, 1449881807, 0, '罗锐文', '', 25),
(509, 1449881907, 1449902276, 0, '微小念', '', 37),
(510, 1449882007, 1449894427, 0, '杨书明', '', 43),
(511, 1449882036, 1449894569, 0, '陈冠全', '', 24),
(512, 1449882207, 1449889769, 0, 'liangniguo', '', 39),
(513, 1449882212, 1449882212, 0, 'huangxinyan', '', 29),
(514, 1449882264, 1449893753, 0, '罗锐文', '', 25),
(515, 1449882349, 1449893133, 0, 'huangxinyan', '', 29),
(516, 1449882657, 1449883007, 0, 'chenlizhun', '', 28),
(517, 1449882879, 1449884080, 0, '梁家俊', '', 15),
(518, 1449885136, 1449886682, 0, 'chenlizhun', '', 28),
(519, 1449886110, 1449892690, 0, '方泽锋', '', 36),
(520, 1449886233, 1449886233, 0, '魏子杰', '', 38),
(521, 1449886271, 1449886271, 0, '蔡茵茵', '', 54),
(522, 1449888607, 1449928140, 0, '谢洪干', '', 18),
(523, 1449892067, 1449893133, 0, 'huangxinyan', '', 29),
(524, 1449892215, 1449892377, 0, '魏子杰', '', 38),
(525, 1449893189, 1449894332, 0, 'huangxinyan', '', 29),
(526, 1449893780, 1449894332, 0, 'huangxinyan', '', 29),
(527, 1449894344, 1449894410, 0, 'huangxinyan', '', 29),
(528, 1449894618, 1449894686, 0, 'huangxinyan', '', 29),
(529, 1449900771, 1449900771, 0, '梁家俊', '', 15),
(530, 1449906050, 1449908853, 0, '陈冠全', '', 24),
(531, 1449907421, 1449912889, 0, 'yuqiuman', '', 34),
(532, 1449911318, 1449911318, 0, '陈冠全', '', 24),
(533, 1449916311, 1449916912, 0, 'HLB', '', 35),
(534, 1449916938, 1449917813, 0, 'HLB', '', 35),
(535, 1449988451, 1449988497, 0, '谢洪干', '', 18),
(536, 1450004266, 1450009019, 0, '杨书明', '', 43),
(537, 1450012247, 1450012247, 0, '陆跃标', '', 19),
(538, 1450053147, 1450528440, 0, 'JimMing', '', 14),
(539, 1450053193, 1450053193, 0, '梁家俊', '', 15),
(540, 1450053303, 1450053303, 0, '谢贵', '', 20),
(541, 1450053373, 1450053373, 0, 'huangxinyan', '', 29),
(542, 1450053590, 1450053779, 0, 'huangxinyan', '', 29),
(543, 1450054028, 1450054028, 0, '陈冠全', '', 24),
(544, 1450054123, 1450054394, 0, 'huangxinyan', '', 29),
(545, 1450054187, 1450054333, 0, '陈冠全', '', 24),
(546, 1450054356, 1450055403, 0, '罗锐文', '', 25),
(547, 1450061879, 1450062043, 0, 'yuqiuman', '', 34),
(548, 1450062678, 1450226955, 0, 'chenlizhun', '', 28),
(549, 1450062997, 1450142093, 0, '谢贵', '', 20),
(550, 1450072003, 1450072452, 0, '陈冠全', '', 24),
(551, 1450090730, 1450096265, 0, '杨书明', '', 43),
(552, 1450091630, 1450091630, 0, '陆跃标', '', 19),
(553, 1450092486, 1450092494, 0, '陈冠全', '', 24),
(554, 1450092880, 1450092884, 0, '陈冠全', '', 24),
(555, 1450093339, 1450093444, 0, '谢洪干', '', 18),
(556, 1450093563, 1450096133, 0, '陈冠全', '', 24),
(557, 1450094653, 1450094697, 0, '陆跃标', '', 19),
(558, 1450096133, 1450096191, 0, '陆跃标', '', 19),
(559, 1450096220, 1450096220, 0, '陆跃标', '', 19),
(560, 1450096289, 1450096289, 0, '陆跃标', '', 19),
(561, 1450096468, 1450096514, 0, '谢洪干', '', 18),
(562, 1450097295, 1450097325, 0, '谢洪干', '', 18),
(563, 1450141456, 1450141456, 0, '梁家俊', '', 15),
(564, 1450141816, 1450141823, 0, '梁家俊', '', 15),
(565, 1450141866, 1450148382, 0, '梁家俊', '', 15),
(566, 1450143203, 1450224057, 0, '梁家俊', '', 15),
(567, 1450143466, 1450498351, 0, '谢贵', '', 20),
(568, 1450175293, 1450175353, 0, 'yuqiuman', '', 34),
(569, 1450177413, 1450177413, 0, '陆跃标', '', 19),
(570, 1450178109, 1450178111, 0, '陆跃标', '', 19),
(571, 1450245181, 1450245209, 0, '魏子杰', '', 38),
(572, 1450248907, 1450249050, 0, 'liangjianfei', '', 40),
(573, 1450261182, 1450261376, 0, 'yuqiuman', '', 34),
(574, 1450262777, 1450262792, 0, '梁家俊', '', 15),
(575, 1450263542, 1450269409, 0, '杨书明', '', 43),
(576, 1450313399, 1450313514, 0, 'huangxinyan', '', 29),
(577, 1450349961, 1450349964, 0, '杨书明', '', 43),
(578, 1450351290, 1450351405, 0, 'yuqiuman', '', 34),
(579, 1450354458, 1450354458, 0, '陆跃标', '', 19),
(580, 1450354470, 1450354470, 0, '蔡茵茵', '', 54),
(581, 1450357055, 1450357634, 0, 'liangniguo', '', 39),
(582, 1450358269, 1450358671, 0, 'yuqiuman', '', 34),
(583, 1450398988, 1450398988, 0, '陈冠全', '', 24),
(584, 1450398988, 1450398988, 0, '陈冠全', '', 24),
(585, 1450404137, 1450419452, 0, 'chenlizhun', '', 28),
(586, 1450407200, 1450408449, 0, '陈锦浩', '', 16),
(587, 1450437477, 1450437607, 0, 'huangxinyan', '', 29),
(588, 1450443720, 1450446055, 0, '谢洪干', '', 18),
(589, 1450446181, 1450446665, 0, '谢洪干', '', 18),
(590, 1450486514, 1450486523, 0, 'yuqiuman', '', 34),
(591, 1450486588, 1450486588, 0, 'chenlizhun', '', 28),
(592, 1450486754, 1450500796, 0, 'huangxinyan', '', 29),
(593, 1450486836, 1450498078, 0, '杨书明', '', 43),
(594, 1450486845, 1450486845, 0, '蔡茵茵', '', 54),
(595, 1450486856, 1450498626, 0, 'HLB', '', 35),
(596, 1450486859, 1450502584, 0, 'zhuzhushuo', '', 31),
(597, 1450486862, 1450491772, 0, 'liangjianfei', '', 40),
(598, 1450486900, 1450501858, 0, '陆跃标', '', 19),
(599, 1450486951, 1450486951, 0, '微小念', '', 37),
(600, 1450486967, 1450486968, 0, 'liangniguo', '', 39),
(601, 1450487091, 1450495993, 0, '方泽锋', '', 36),
(602, 1450488056, 1450488056, 0, 'chenlizhun', '', 28),
(603, 1450491093, 1450491741, 0, 'chenlizhun', '', 28),
(604, 1450491390, 1450491390, 0, 'liangniguo', '', 39),
(605, 1450491417, 1450491417, 0, '微小念', '', 37),
(606, 1450491511, 1450491512, 0, '罗锐文', '', 25),
(607, 1450491523, 1450491748, 0, '微小念', '', 37),
(608, 1450491761, 1450491761, 0, '陈冠全', '', 24),
(609, 1450493041, 1450493059, 0, 'liangjianfei', '', 40),
(610, 1450496134, 1450496245, 0, '魏子杰', '', 38),
(611, 1450496961, 1450498778, 0, '陈冠全', '', 24),
(612, 1450497690, 1450512688, 0, '梁家俊', '', 15),
(613, 1450497701, 1450497887, 0, 'liangjianfei', '', 40),
(614, 1450498820, 1450498931, 0, '陈冠全', '', 24),
(615, 1450498950, 1450499089, 0, '罗锐文', '', 25),
(616, 1450500822, 1450500970, 0, 'huangxinyan', '', 29),
(617, 1450512821, 1450513230, 0, 'yuqiuman', '', 34),
(618, 1450513629, 1450513910, 0, '蔡茵茵', '', 54),
(619, 1450515362, 1450519119, 0, 'HLB', '', 35),
(620, 1450515805, 1450520514, 0, '谢洪干', '', 18),
(621, 1450519335, 1450519425, 0, '蔡茵茵', '', 54),
(622, 1450528514, 1450528849, 0, 'JimMing', '', 14),
(623, 1450606940, 1450607037, 0, 'liangniguo', '', 39),
(624, 1450609288, 1450614209, 0, '杨书明', '', 43),
(625, 1450656284, 1450657579, 0, 'JimMing', '', 14),
(626, 1450659055, 1450659055, 0, 'huangxinyan', '', 29),
(627, 1450661628, 1450661703, 0, '陈冠全', '', 24),
(628, 1450663319, 1450663495, 0, 'dash', '', 58),
(629, 1450663561, 1450663561, 0, 'dash', '', 58),
(630, 1450665135, 1450665158, 0, '陈冠全', '', 24),
(631, 1450678233, 1450681054, 0, 'dash', '', 58),
(632, 1450678875, 1450679400, 0, 'yuqiuman', '', 34),
(633, 1450679714, 1450682969, 0, 'chenlizhun', '', 28),
(634, 1450680518, 1450682751, 0, '梁家俊', '', 15),
(635, 1450680525, 1450695094, 0, '陈锦浩', '', 16),
(636, 1450680563, 1450682452, 0, '谢贵', '', 20),
(637, 1450681337, 1450682914, 0, 'dash', '', 58),
(638, 1450682973, 1450683941, 0, 'chenlizhun', '', 28),
(639, 1450683819, 1450686812, 0, 'dash', '', 58),
(640, 1450684012, 1450750179, 0, 'chenlizhun', '', 28),
(641, 1450684124, 1450684203, 0, '刘一鸣', '', 59),
(642, 1450684218, 1450687087, 0, '刘一鸣', '', 59),
(643, 1450686026, 1450686053, 0, '谢贵', '', 20),
(644, 1450687095, 1450754439, 0, '刘一鸣', '', 59),
(645, 1450687840, 1450744650, 0, 'dash', '', 58),
(646, 1450695276, 1450702036, 0, '杨书明', '', 43),
(647, 1450697955, 1450702534, 0, '陈冠全', '', 24),
(648, 1450699001, 1450699053, 0, '陆跃标', '', 19),
(649, 1450702729, 1450702729, 0, '陈冠全', '', 24),
(650, 1450702795, 1450702795, 0, '陈冠全', '', 24),
(651, 1450746640, 1450748380, 0, '谢洪干', '', 18),
(652, 1450749343, 1450749652, 0, 'JimMing', '', 14),
(653, 1450752108, 1450767240, 0, 'JimMing', '', 14),
(654, 1450752133, 1450752147, 0, '梁家俊', '', 15),
(655, 1450754710, 1450754805, 0, '刘一鸣', '', 59),
(656, 1450766512, 1450773331, 0, 'chenlizhun', '', 28),
(657, 1450766642, 1450772281, 0, '刘一鸣', '', 59),
(658, 1450767960, 1450768061, 0, 'JimMing', '', 14),
(659, 1450768069, 1450768128, 0, 'JimMing', '', 14),
(660, 1450768136, 1450768163, 0, '游客(未登录用户)', '', 0),
(661, 1450768170, 1450768223, 0, 'JimMing', '', 14),
(662, 1450768257, 1450771010, 0, '游客(未登录用户)', '', 0),
(663, 1450769041, 1450774714, 0, '梁家俊', '', 15),
(664, 1450771022, 1450773299, 0, 'JimMing', '', 14),
(665, 1450773302, 1450774981, 0, '谢贵', '', 20),
(666, 1450773335, 1450776576, 0, 'chenlizhun', '', 28),
(667, 1450773345, 1450865474, 0, '陈锦浩', '', 16),
(668, 1450773386, 1450776186, 0, '游客(未登录用户)', '', 0),
(669, 1450773448, 1450774696, 0, 'dash', '', 58),
(670, 1450776200, 1450776384, 0, 'JimMing', '', 14),
(671, 1450776402, 1450776994, 0, '游客(未登录用户)', '', 0),
(672, 1450776617, 1450865052, 0, 'chenlizhun', '', 28),
(673, 1450777005, 1450783146, 0, 'JimMing', '', 14),
(674, 1450780379, 1450780603, 0, 'yuqiuman', '', 34),
(675, 1450781854, 1450781986, 0, '杨书明', '', 43),
(676, 1450782015, 1450787852, 0, '杨书明', '', 43),
(677, 1450783204, 1450829675, 0, '游客(未登录用户)', '', 0),
(678, 1450829717, 1450856454, 0, 'JimMing', '', 14),
(679, 1450836418, 1450857633, 0, 'dash', '', 58),
(680, 1450838365, 1450838732, 0, 'liangjianfei', '', 40),
(681, 1450856530, 1450858046, 0, '游客(未登录用户)', '', 0),
(682, 1450857644, 1450861426, 0, 'dash', '', 58),
(683, 1450858064, 1450858144, 0, 'JimMing', '', 14),
(684, 1450858160, 1450859947, 0, '游客(未登录用户)', '', 0),
(685, 1450859954, 1450862371, 0, 'JimMing', '', 14),
(686, 1450861866, 1450861930, 0, '刘一鸣', '', 59),
(687, 1450862392, 1450862913, 0, '游客(未登录用户)', '', 0),
(688, 1450862939, 1450866671, 0, 'JimMing', '', 14),
(689, 1450864782, 1450864785, 0, '梁家俊', '', 15),
(690, 1450867463, 1450867638, 0, 'yuqiuman', '', 34),
(691, 1450868622, 1450868748, 0, '杨书明', '', 43),
(692, 1450871042, 1450871659, 0, '游客(未登录用户)', '', 0),
(693, 1450871890, 1450872105, 0, 'JimMing', '', 14),
(694, 1450873863, 1450874199, 0, '杨书明', '', 43),
(695, 1450915652, 1450916063, 0, '微小念', '', 37),
(696, 1450915816, 1450917605, 0, 'chenlizhun', '', 28),
(697, 1450916246, 1450917815, 0, '陈锦浩', '', 16),
(698, 1450916273, 1450920275, 0, '梁家俊', '', 15),
(699, 1450917387, 1450917387, 0, 'liangjianfei', '', 40),
(700, 1450917977, 1450918056, 0, 'huangxinyan', '', 29),
(701, 1450918698, 1450918755, 0, '方泽锋', '', 36),
(702, 1450918947, 1450920303, 0, 'chenlizhun', '', 28),
(703, 1450920531, 1450920598, 0, '陆跃标', '', 19),
(704, 1450920606, 1450921132, 0, '梁家俊', '', 15),
(705, 1450920872, 1450924203, 0, 'JimMing', '', 14),
(706, 1450921147, 1450921181, 0, '杨书明', '', 43),
(707, 1450921190, 1450921290, 0, '梁家俊', '', 15),
(708, 1450921309, 1450921706, 0, '魏子杰', '', 38),
(709, 1450921379, 1450921444, 0, '陈锦浩', '', 16),
(710, 1450921444, 1450923080, 0, 'dash', '', 58),
(711, 1450921470, 1450921509, 0, '陈锦浩', '', 16),
(712, 1450922288, 1450922330, 0, '陈锦浩', '', 16),
(713, 1450923101, 1450925058, 0, 'dash', '', 58),
(714, 1450923311, 1450939191, 0, 'chenlizhun', '', 28),
(715, 1450926594, 1450926657, 0, 'yuqiuman', '', 34),
(716, 1450926767, 1450926891, 0, '陈锦浩', '', 16),
(717, 1450927029, 1450945745, 0, '陈锦浩', '', 16),
(718, 1450954377, 1450960835, 0, '杨书明', '', 43),
(719, 1450955253, 1450955345, 0, 'JimMing', '', 14),
(720, 1450955279, 1450964727, 0, '陆跃标', '', 19),
(721, 1450955420, 1450955513, 0, '梁家俊', '', 15),
(722, 1450955623, 1450955664, 0, '游客(未登录用户)', '', 0),
(723, 1450955679, 1450955711, 0, '林海荣', '', 46),
(724, 1450955718, 1450955771, 0, '梁家俊', '', 15),
(725, 1451002264, 1451002264, 0, 'huangxinyan', '', 29),
(726, 1451002762, 1451002762, 0, '梁家俊', '', 15),
(727, 1451004030, 1451004058, 0, '谢贵', '', 20),
(728, 1451004330, 1451005018, 0, 'dash', '', 58),
(729, 1451004416, 1451004422, 0, 'chenlizhun', '', 28),
(730, 1451005729, 1451015517, 0, 'dash', '', 58),
(731, 1451009667, 1451013395, 0, '陈冠全', '', 24),
(732, 1451010172, 1451010505, 0, 'huangxinyan', '', 29),
(733, 1451010656, 1451010658, 0, '陈锦浩', '', 16),
(734, 1451010757, 1451026784, 0, 'JimMing', '', 14),
(735, 1451012448, 1451034673, 0, '谢贵', '', 20),
(736, 1451012473, 1451014853, 0, '刘一鸣', '', 59),
(737, 1451014941, 1451014952, 0, '刘一鸣', '', 59),
(738, 1451024771, 1451024844, 0, 'chenlizhun', '', 28),
(739, 1451024806, 1451029297, 0, '陈锦浩', '', 16),
(740, 1451029457, 1451029463, 0, '梁家俊', '', 15),
(741, 1451031602, 1451031651, 0, 'JimMing', '', 14),
(742, 1451032315, 1451033642, 0, '梁家俊', '', 15),
(743, 1451032711, 1451032795, 0, '陆跃标', '', 19),
(744, 1451032813, 1451032842, 0, '陆跃标', '', 19),
(745, 1451033002, 1451039323, 0, '陆跃标', '', 19),
(746, 1451036233, 1451036240, 0, '陈锦浩', '', 16),
(747, 1451036255, 1451036306, 0, '陈锦浩', '', 16),
(748, 1451036531, 1451050260, 0, '梁家俊', '', 15),
(749, 1451039071, 1451039833, 0, 'chenlizhun', '', 28),
(750, 1451039860, 1451040035, 0, 'testa', '', 0),
(751, 1451040043, 1451040498, 0, 'chenlizhun', '', 28),
(752, 1451040187, 1451040219, 0, 'testa', '', 0),
(753, 1451040232, 1451040269, 0, 'chenlizhun', '', 28),
(754, 1451040278, 1451040301, 0, 'testb', '', 0),
(755, 1451040309, 1451045036, 0, 'chenlizhun', '', 28),
(756, 1451040514, 1451093227, 0, 'testa', '', 0),
(757, 1451044544, 1451044544, 0, '陆跃标', '', 19),
(758, 1451045235, 1451045769, 0, 'testa', '', 0),
(759, 1451045408, 1451045611, 0, 'chenlizhun', '', 28),
(760, 1451045781, 1451047328, 0, 'chenlizhun', '', 28),
(761, 1451047425, 1451093227, 0, 'testa', '', 0),
(762, 1451047540, 1451091846, 0, 'chenlizhun', '', 28),
(763, 1451090710, 1451090710, 0, 'yuqiuman', '', 34),
(764, 1451091172, 1451105616, 0, 'huangxinyan', '', 29),
(765, 1451091232, 1451091232, 0, '蔡茵茵', '', 54),
(766, 1451091329, 1451125703, 0, '陆跃标', '', 19),
(767, 1451091333, 1451103778, 0, '杨书明', '', 43),
(768, 1451091380, 1451105162, 0, '陈冠全', '', 24),
(769, 1451091438, 1451091475, 0, '微小念', '', 37),
(770, 1451091458, 1451104434, 0, '罗锐文', '', 25),
(771, 1451091599, 1451091599, 0, '谢贵', '', 20),
(772, 1451091641, 1451091641, 0, 'zhuzhushuo', '', 31),
(773, 1451091664, 1451092307, 0, 'chenlizhun', '', 28),
(774, 1451091708, 1451091760, 0, 'liangjianfei', '', 40),
(775, 1451091794, 1451099158, 0, 'liangjianfei', '', 40),
(776, 1451091813, 1451092151, 0, '方泽锋', '', 36),
(777, 1451092315, 1451095544, 0, '谢贵', '', 20),
(778, 1451092363, 1451114318, 0, '谢洪干', '', 18),
(779, 1451093233, 1451098405, 0, '谢贵', '', 20),
(780, 1451095634, 1451095664, 0, 'testa', '', 0),
(781, 1451095682, 1451096066, 0, 'chenlizhun', '', 28),
(782, 1451096011, 1451096011, 0, '梁家俊', '', 15),
(783, 1451096094, 1451096177, 0, 'testa', '', 0),
(784, 1451096185, 1451096326, 0, 'chenlizhun', '', 28),
(785, 1451096358, 1451096504, 0, '梁家俊', '', 15),
(786, 1451096525, 1451098897, 0, '梁家俊', '', 15),
(787, 1451097757, 1451098208, 0, '陈锦浩', '', 16),
(788, 1451098441, 1451098790, 0, 'chenlizhun', '', 28),
(789, 1451098563, 1451098922, 0, 'liangniguo', '', 39),
(790, 1451098943, 1451099007, 0, '方泽锋', '', 36),
(791, 1451099584, 1451099652, 0, '方泽锋', '', 36),
(792, 1451099688, 1451099840, 0, '方泽锋', '', 36),
(793, 1451100454, 1451100521, 0, '魏子杰', '', 38),
(794, 1451107222, 1451107533, 0, 'liangjianfei', '', 40),
(795, 1451114905, 1451114905, 0, 'HLB', '', 35),
(796, 1451116059, 1451117244, 0, '微小念', '', 37),
(797, 1451116895, 1451117214, 0, 'yuqiuman', '', 34),
(798, 1451117355, 1451117433, 0, 'zhuzhushuo', '', 31),
(799, 1451124888, 1451124996, 0, '蔡茵茵', '', 54),
(800, 1451125051, 1451125375, 0, '蔡茵茵', '', 54),
(801, 1451126227, 1451126493, 0, 'HLB', '', 35),
(802, 1451126601, 1451126906, 0, 'HLB', '', 35),
(803, 1451127054, 1451127054, 0, 'HLB', '', 35),
(804, 1451135396, 1451135895, 0, '陆跃标', '', 19),
(805, 1451207307, 1451207325, 0, '梁家俊', '', 15),
(806, 1451213989, 1451219567, 0, '杨书明', '', 43),
(807, 1451222821, 1451222879, 0, 'liangniguo', '', 39),
(808, 1451223316, 1451223330, 0, 'liangniguo', '', 39),
(809, 1451261446, 1451261677, 0, '陈锦浩', '', 16),
(810, 1451263177, 1451264069, 0, 'huangxinyan', '', 29),
(811, 1451263921, 1451264177, 0, '陈冠全', '', 24),
(812, 1451264161, 1451268903, 0, 'huangxinyan', '', 29),
(813, 1451264657, 1451265199, 0, 'chenlizhun', '', 28),
(814, 1451271634, 1451271639, 0, '陆跃标', '', 19),
(815, 1451272388, 1451273978, 0, 'chenlizhun', '', 28),
(816, 1451273865, 1451273978, 0, 'chenlizhun', '', 28),
(817, 1451273991, 1451290176, 0, '谢贵', '', 20),
(818, 1451274498, 1451276830, 0, 'JimMing', '', 14),
(819, 1451274548, 1451377812, 0, 'chenlizhun', '', 28),
(820, 1451274906, 1451307720, 0, '陈锦浩', '', 16),
(821, 1451274948, 1451289877, 0, '梁家俊', '', 15),
(822, 1451284027, 1451285070, 0, 'yuqiuman', '', 34),
(823, 1451291408, 1451291418, 0, '陆跃标', '', 19),
(824, 1451302135, 1451306732, 0, '杨书明', '', 43),
(825, 1451303472, 1451303515, 0, '陆跃标', '', 19),
(826, 1451304978, 1451304978, 0, '陆跃标', '', 19),
(827, 1451352207, 1451352209, 0, 'JimMing', '', 14),
(828, 1451352207, 1451470580, 0, '陈锦浩', '', 16),
(829, 1451352910, 1451352930, 0, 'dash', '', 58),
(830, 1451353062, 1451353063, 0, 'dash', '', 58),
(831, 1451353068, 1451355693, 0, 'dash', '', 58),
(832, 1451353788, 1451433966, 0, '谢贵', '', 20),
(833, 1451373672, 1451373676, 0, '梁家俊', '', 15),
(834, 1451384359, 1451384776, 0, 'yuqiuman', '', 34),
(835, 1451386419, 1451392509, 0, '杨书明', '', 43),
(836, 1451438685, 1451440551, 0, 'chenlizhun', '', 28),
(837, 1451444173, 1451444184, 0, 'liangjianfei', '', 40),
(838, 1451447801, 1451449401, 0, 'chenlizhun', '', 28),
(839, 1451464857, 1451464857, 0, '陆跃标', '', 19),
(840, 1451472377, 1451478918, 0, '杨书明', '', 43),
(841, 1451481633, 1451481635, 0, '梁家俊', '', 15),
(842, 1451522420, 1451533939, 0, 'huangxinyan', '', 29),
(843, 1451522461, 1451565467, 0, '梁家俊', '', 15),
(844, 1451545908, 1451570275, 0, 'JimMing', '', 14),
(845, 1451709054, 1451800043, 0, '陈锦浩', '', 16),
(846, 1451805307, 1451866541, 0, 'chenlizhun', '', 28),
(847, 1451811573, 1451811958, 0, '梁家俊', '', 15),
(848, 1451818852, 1451824317, 0, '杨书明', '', 43),
(849, 1451866052, 1451881696, 0, '梁家俊', '', 15),
(850, 1451866286, 1452048885, 0, '谢贵', '', 20),
(851, 1451866550, 1451866777, 0, 'JimMing', '', 14),
(852, 1451867259, 1451867319, 0, 'testA', '', 0),
(853, 1451867326, 1451867408, 0, 'testB', '', 0),
(854, 1451867422, 1451867449, 0, 'testA', '', 0),
(855, 1451867431, 1451875923, 0, 'huangxinyan', '', 29),
(856, 1451867463, 1451881112, 0, 'chenlizhun', '', 28),
(857, 1451879664, 1451912206, 0, '陈锦浩', '', 16),
(858, 1451881839, 1451881959, 0, 'testA', '', 0),
(859, 1451881971, 1451888795, 0, 'chenlizhun', '', 28),
(860, 1451882348, 1451882534, 0, '陈冠全', '', 24),
(861, 1451891391, 1451895545, 0, 'yuqiuman', '', 34),
(862, 1451905513, 1451914145, 0, '杨书明', '', 43),
(863, 1451908654, 1451909761, 0, 'JimMing', '', 14),
(864, 1451910309, 1451914145, 0, '杨书明', '', 43),
(865, 1451911460, 1451911521, 0, '梁家俊', '', 15),
(866, 1451913063, 1451913143, 0, '微小念', '', 37),
(867, 1451958169, 1451958557, 0, '谢洪干', '', 18),
(868, 1451978347, 1452000936, 0, '陈锦浩', '', 16),
(869, 1451981998, 1452063263, 0, 'chenlizhun', '', 28),
(870, 1451991372, 1451997100, 0, '杨书明', '', 43),
(871, 1451995287, 1451995294, 0, 'JimMing', '', 14),
(872, 1452000685, 1452048905, 0, '梁家俊', '', 15),
(873, 1452001239, 1452001295, 0, '微小念', '', 37),
(874, 1452039500, 1452048932, 0, '陈锦浩', '', 16),
(875, 1452040582, 1452047572, 0, 'JimMing', '', 14),
(876, 1452043868, 1452043871, 0, 'dash', '', 58),
(877, 1452050240, 1452050461, 0, 'yuqiuman', '', 34),
(878, 1452053914, 1452053928, 0, 'JimMing', '', 14),
(879, 1452054187, 1452054227, 0, '梁家俊', '', 15),
(880, 1452062229, 1452062249, 0, '梁家俊', '', 15),
(881, 1452077470, 1452083531, 0, '杨书明', '', 43),
(882, 1452083876, 1452083890, 0, '微小念', '', 37),
(883, 1452125783, 1452125785, 0, '陈锦浩', '', 16),
(884, 1452127308, 1452133005, 0, 'huangxinyan', '', 29),
(885, 1452132129, 1452132129, 0, '谢贵', '', 20),
(886, 1452136414, 1452136414, 0, '谢贵', '', 20),
(887, 1452148879, 1452212328, 0, 'chenlizhun', '', 28),
(888, 1452164462, 1452169884, 0, '杨书明', '', 43),
(889, 1452172995, 1452173229, 0, 'yuqiuman', '', 34),
(890, 1452222552, 1452222718, 0, '蔡茵茵', '', 54),
(891, 1452222711, 1452311720, 0, 'JimMing', '', 14),
(892, 1452233136, 1452492991, 0, '刘一鸣', '', 59),
(893, 1452234628, 1452579814, 0, '谢贵', '', 20),
(894, 1452238034, 1452238171, 0, '梁家俊', '', 15),
(895, 1452301196, 1452310128, 0, 'chenlizhun', '', 28),
(896, 1452309630, 1452309632, 0, '梁家俊', '', 15),
(897, 1452319970, 1452320345, 0, 'chenlizhun', '', 28),
(898, 1452475203, 1452481670, 0, 'chenlizhun', '', 28),
(899, 1452475227, 1452569326, 0, '陈锦浩', '', 16),
(900, 1452475237, 1452496592, 0, 'JimMing', '', 14),
(901, 1452495577, 1452495728, 0, 'yuqiuman', '', 34),
(902, 1452509848, 1452515351, 0, '杨书明', '', 43),
(903, 1452560975, 1452561067, 0, '梁家俊', '', 15),
(904, 1452570785, 1452571072, 0, 'chenlizhun', '', 28),
(905, 1452595786, 1452603638, 0, '杨书明', '', 43),
(906, 1452643833, 1452643833, 0, '谢贵', '', 20),
(907, 1452645868, 1452645875, 0, 'liangjianfei', '', 40),
(908, 1452658288, 1452658288, 0, 'liangjianfei', '', 40),
(909, 1452663255, 1452663340, 0, '方泽锋', '', 36),
(910, 1452686145, 1452686147, 0, '梁家俊', '', 15),
(911, 1452730290, 1452730290, 0, 'chenlizhun', '', 28),
(912, 1452731374, 1452760243, 0, 'chenlizhun', '', 28),
(913, 1452731464, 1452764730, 0, '杨书明', '', 43),
(914, 1452736403, 1452736403, 0, 'liangjianfei', '', 40),
(915, 1452736406, 1452736406, 0, '魏子杰', '', 38),
(916, 1452736427, 1452736427, 0, '方泽锋', '', 36),
(917, 1452736540, 1452736540, 0, 'yuqiuman', '', 34),
(918, 1452736639, 1452763362, 0, 'HLB', '', 35),
(919, 1452737919, 1452737922, 0, 'JimMing', '', 14),
(920, 1452761035, 1452761074, 0, '方泽锋', '', 36),
(921, 1452762834, 1452762834, 0, '陈锦浩', '', 16),
(922, 1452762908, 1452815840, 0, '陈锦浩', '', 16),
(923, 1452762924, 1452764040, 0, 'yuqiuman', '', 34),
(924, 1452764959, 1452764959, 0, 'chenlizhun', '', 28),
(925, 1452771503, 1452771503, 0, '谢贵', '', 20),
(926, 1452772021, 1452772021, 0, '谢贵', '', 20),
(927, 1452772294, 1452773855, 0, 'JimMing', '', 14),
(928, 1452773888, 1452777049, 0, 'JimMing', '', 14),
(929, 1452816318, 1452816332, 0, 'chenlizhun', '', 28),
(930, 1452817699, 1452817699, 0, 'HLB', '', 35),
(931, 1452817816, 1452849377, 0, '杨书明', '', 43),
(932, 1452817849, 1452821632, 0, 'chenlizhun', '', 28),
(933, 1452820120, 1452820346, 0, 'JimMing', '', 14),
(934, 1452820321, 1452820327, 0, '方泽锋', '', 36),
(935, 1452820340, 1452820340, 0, '魏子杰', '', 38),
(936, 1452823030, 1452823030, 0, '方泽锋', '', 36),
(937, 1452825510, 1452825510, 0, '谢贵', '', 20),
(938, 1452827580, 1452827580, 0, 'HLB', '', 35),
(939, 1452831696, 1452831696, 0, 'liangjianfei', '', 40),
(940, 1452831948, 1452831948, 0, 'liangjianfei', '', 40),
(941, 1452843691, 1452843691, 0, 'chenlizhun', '', 28),
(942, 1452844411, 1452844814, 0, 'chenlizhun', '', 28),
(943, 1452845246, 1452846102, 0, '方泽锋', '', 36),
(944, 1452846119, 1452846119, 0, '魏子杰', '', 38),
(945, 1452846544, 1452846544, 0, '方泽锋', '', 36),
(946, 1452847417, 1452847426, 0, 'HLB', '', 35),
(947, 1452847868, 1452848058, 0, '方泽锋', '', 36),
(948, 1452850111, 1452859086, 0, 'yuqiuman', '', 34),
(949, 1452850747, 1452850815, 0, 'HLB', '', 35),
(950, 1452856470, 1452857953, 0, '梁家俊', '', 15),
(951, 1452862818, 1452862818, 0, 'yuqiuman', '', 34),
(952, 1452902986, 1452902986, 0, 'chenlizhun', '', 28),
(953, 1452903309, 1452906281, 0, 'chenlizhun', '', 28),
(954, 1452903836, 1452926770, 0, 'yuqiuman', '', 34),
(955, 1452903880, 1452903880, 0, '魏子杰', '', 38),
(956, 1452903981, 1452903981, 0, 'HLB', '', 35),
(957, 1452903995, 1452905894, 0, '陈锦浩', '', 16),
(958, 1452904187, 1452904187, 0, 'HLB', '', 35),
(959, 1452904303, 1452904779, 0, '杨书明', '', 43),
(960, 1452904736, 1452905151, 0, '方泽锋', '', 36),
(961, 1452904835, 1452908562, 0, 'liangjianfei', '', 40),
(962, 1452904854, 1452904862, 0, '杨书明', '', 43),
(963, 1452904948, 1452919631, 0, '杨书明', '', 43),
(964, 1452904959, 1452905041, 0, '谢贵', '', 20),
(965, 1452905049, 1452907502, 0, 'HLB', '', 35),
(966, 1452905391, 1452909329, 0, '魏子杰', '', 38),
(967, 1452906299, 1452909126, 0, '方泽锋', '', 36),
(968, 1452907870, 1452936223, 0, 'HLB', '', 35),
(969, 1452907958, 1452908237, 0, '梁家俊', '', 15),
(970, 1452913447, 1452913751, 0, 'chenlizhun', '', 28),
(971, 1452924867, 1452927180, 0, '魏子杰', '', 38),
(972, 1452928829, 1452949001, 0, 'yuqiuman', '', 34),
(973, 1452930525, 1452931834, 0, '魏子杰', '', 38),
(974, 1452932523, 1452933007, 0, '魏子杰', '', 38),
(975, 1452933216, 1452934698, 0, '方泽锋', '', 36),
(976, 1452933723, 1452933723, 0, '魏子杰', '', 38),
(977, 1452934496, 1452934496, 0, '魏子杰', '', 38),
(978, 1452938101, 1452938101, 0, 'HLB', '', 35),
(979, 1452944826, 1452948386, 0, 'JimMing', '', 14),
(980, 1452945023, 1452945028, 0, '梁家俊', '', 15),
(981, 1452946832, 1452948200, 0, '梁家俊', '', 15),
(982, 1453011079, 1453021191, 0, 'yuqiuman', '', 34),
(983, 1453022413, 1453037096, 0, '陈锦浩', '', 16),
(984, 1453023966, 1453032823, 0, '梁家俊', '', 15),
(985, 1453024975, 1453030142, 0, 'yuqiuman', '', 34),
(986, 1453027330, 1453037591, 0, '杨书明', '', 43),
(987, 1453075726, 1453078406, 0, 'HLB', '', 35),
(988, 1453075771, 1453075771, 0, '谢贵', '', 20),
(989, 1453075802, 1453084874, 0, 'yuqiuman', '', 34),
(990, 1453076777, 1453106916, 0, '杨书明', '', 43),
(991, 1453076857, 1453076858, 0, 'chenlizhun', '', 28),
(992, 1453076953, 1453076957, 0, 'chenlizhun', '', 28),
(993, 1453076997, 1453076997, 0, '魏子杰', '', 38),
(994, 1453078226, 1453078226, 0, '方泽锋', '', 36),
(995, 1453085283, 1453085283, 0, '魏子杰', '', 38),
(996, 1453085668, 1453085668, 0, 'HLB', '', 35),
(997, 1453085820, 1453085823, 0, '梁家俊', '', 15),
(998, 1453085964, 1453088221, 0, '方泽锋', '', 36),
(999, 1453088547, 1453088547, 0, '方泽锋', '', 36),
(1000, 1453088694, 1453096990, 0, '魏子杰', '', 38),
(1001, 1453090549, 1453090549, 0, 'HLB', '', 35),
(1002, 1453097375, 1453097375, 0, '魏子杰', '', 38),
(1003, 1453097382, 1453097465, 0, 'yuqiuman', '', 34),
(1004, 1453097810, 1453097810, 0, '方泽锋', '', 36),
(1005, 1453097918, 1453097918, 0, 'HLB', '', 35),
(1006, 1453103381, 1453273405, 0, '谢贵', '', 20),
(1007, 1453113276, 1453113276, 0, 'HLB', '', 35),
(1008, 1453114167, 1453114167, 0, 'chenlizhun', '', 28),
(1009, 1453192724, 1453249121, 0, 'chenlizhun', '', 28),
(1010, 1453192801, 1453192801, 0, 'liangjianfei', '', 40),
(1011, 1453193272, 1453193272, 0, '魏子杰', '', 38),
(1012, 1453193291, 1453195249, 0, '杨书明', '', 43),
(1013, 1453193505, 1453193505, 0, 'yuqiuman', '', 34),
(1014, 1453193567, 1453193567, 0, '方泽锋', '', 36),
(1015, 1453193573, 1453193573, 0, 'HLB', '', 35),
(1016, 1453193754, 1453193754, 0, '方泽锋', '', 36),
(1017, 1453248621, 1453249013, 0, 'liangjianfei', '', 40),
(1018, 1453249028, 1453249042, 0, 'yuqiuman', '', 34),
(1019, 1453249679, 1453279560, 0, '杨书明', '', 43),
(1020, 1453249757, 1453278193, 0, 'chenlizhun', '', 28),
(1021, 1453250515, 1453250515, 0, '方泽锋', '', 36),
(1022, 1453252746, 1453270057, 0, 'yuqiuman', '', 34),
(1023, 1453253669, 1453253669, 0, '方泽锋', '', 36),
(1024, 1453255672, 1453260378, 0, '方泽锋', '', 36),
(1025, 1453260384, 1453260384, 0, '魏子杰', '', 38),
(1026, 1453265566, 1453270222, 0, 'liangjianfei', '', 40),
(1027, 1453274123, 1453274123, 0, '方泽锋', '', 36),
(1028, 1453278683, 1453278683, 0, '魏子杰', '', 38),
(1029, 1453279592, 1453279592, 0, 'HLB', '', 35),
(1030, 1453279864, 1453279922, 0, '杨书明', '', 43),
(1031, 1453282487, 1453282535, 0, 'chenlizhun', '', 28),
(1032, 1453283551, 1453287393, 0, 'yuqiuman', '', 34),
(1033, 1453335009, 1453335744, 0, 'yuqiuman', '', 34),
(1034, 1453335487, 1453335487, 0, 'chenlizhun', '', 28),
(1035, 1453335964, 1453363979, 0, 'liangjianfei', '', 40),
(1036, 1453336009, 1453339738, 0, 'chenlizhun', '', 28),
(1037, 1453336468, 1453337479, 0, '杨书明', '', 43),
(1038, 1453337454, 1453337454, 0, '魏子杰', '', 38),
(1039, 1453337454, 1453337590, 0, 'yuqiuman', '', 34),
(1040, 1453337457, 1453337457, 0, '方泽锋', '', 36),
(1041, 1453339398, 1453339466, 0, '魏子杰', '', 38),
(1042, 1453340544, 1453367004, 0, '杨书明', '', 43),
(1043, 1453346425, 1453346425, 0, '方泽锋', '', 36),
(1044, 1453346509, 1453346509, 0, '方泽锋', '', 36),
(1045, 1453346970, 1453367399, 0, 'yuqiuman', '', 34),
(1046, 1453356704, 1453366215, 0, '方泽锋', '', 36),
(1047, 1453364666, 1453364666, 0, '梁家俊', '', 15),
(1048, 1453365272, 1453365272, 0, 'liangjianfei', '', 40);
INSERT INTO `sign` (`id`, `datetime1`, `datetime2`, `onetime`, `name`, `content`, `user_id`) VALUES
(1049, 1453365797, 1453365797, 0, '魏子杰', '', 38),
(1050, 1453366097, 1453366097, 0, 'chenlizhun', '', 28),
(1051, 1453366518, 1453366556, 0, 'HLB', '', 35),
(1052, 1453367284, 1453367284, 0, 'chenlizhun', '', 28),
(1053, 1453367416, 1453381502, 0, 'yuqiuman', '', 34),
(1054, 1453369746, 1453369746, 0, 'HLB', '', 35),
(1055, 1453381794, 1453381794, 0, '谢贵', '', 20),
(1056, 1453420756, 1453420756, 0, '梁家俊', '', 15),
(1057, 1453422065, 1453422065, 0, 'chenlizhun', '', 28),
(1058, 1453422406, 1453422461, 0, 'liangjianfei', '', 40),
(1059, 1453422559, 1453422559, 0, 'liangjianfei', '', 40),
(1060, 1453422617, 1453457225, 0, 'yuqiuman', '', 34),
(1061, 1453422679, 1453422679, 0, 'liangjianfei', '', 40),
(1062, 1453422770, 1453434846, 0, '杨书明', '', 43),
(1063, 1453424366, 1453424366, 0, '魏子杰', '', 38),
(1064, 1453426482, 1453426482, 0, 'HLB', '', 35),
(1065, 1453443595, 1453448032, 0, '方泽锋', '', 36),
(1066, 1453452539, 1453452539, 0, '魏子杰', '', 38),
(1067, 1453453148, 1453453148, 0, '方泽锋', '', 36),
(1068, 1453457106, 1453457106, 0, 'HLB', '', 35),
(1069, 1453457240, 1453457240, 0, 'HLB', '', 35),
(1070, 1453508404, 1453508782, 0, 'chenlizhun', '', 28),
(1071, 1453508477, 1453545374, 0, 'yuqiuman', '', 34),
(1072, 1453511840, 1453539314, 0, '杨书明', '', 43),
(1073, 1453512422, 1453512422, 0, 'liangjianfei', '', 40),
(1074, 1453512943, 1453512943, 0, '方泽锋', '', 36),
(1075, 1453518580, 1453518668, 0, '梁家俊', '', 15),
(1076, 1453538061, 1453538589, 0, 'JimMing', '', 14),
(1077, 1453539180, 1453539180, 0, '魏子杰', '', 38),
(1078, 1453539612, 1453539612, 0, '方泽锋', '', 36),
(1079, 1453539780, 1453539780, 0, '方泽锋', '', 36),
(1080, 1453541893, 1453541893, 0, 'HLB', '', 35),
(1081, 1453542057, 1453542057, 0, 'HLB', '', 35),
(1082, 1453546841, 1453546867, 0, 'yuqiuman', '', 34),
(1083, 1453639425, 1453639425, 0, '梁家俊', '', 15),
(1084, 1453681534, 1453713167, 0, '杨书明', '', 43),
(1085, 1453681748, 1453690137, 0, 'chenlizhun', '', 28),
(1086, 1453682012, 1453691765, 0, 'liangjianfei', '', 40),
(1087, 1453691760, 1453717633, 0, 'yuqiuman', '', 34),
(1088, 1453691774, 1453691778, 0, '魏子杰', '', 38),
(1089, 1453691800, 1453691811, 0, '方泽锋', '', 36),
(1090, 1453691834, 1453691834, 0, 'HLB', '', 35),
(1091, 1453691908, 1453691908, 0, 'JimMing', '', 14),
(1092, 1453691911, 1453691911, 0, '梁家俊', '', 15),
(1093, 1453692008, 1453692099, 0, '陈锦浩', '', 16),
(1094, 1453692142, 1453692142, 0, '谢贵', '', 20),
(1095, 1453710779, 1453710779, 0, 'liangjianfei', '', 40),
(1096, 1453710972, 1453710972, 0, 'liangjianfei', '', 40),
(1097, 1453712845, 1453712846, 0, '魏子杰', '', 38),
(1098, 1453713269, 1453713269, 0, '方泽锋', '', 36),
(1099, 1453726370, 1453796695, 0, '梁家俊', '', 15),
(1100, 1453767508, 1453767538, 0, 'chenlizhun', '', 28),
(1101, 1453768192, 1453768192, 0, 'HLB', '', 35),
(1102, 1453768265, 1453790580, 0, '杨书明', '', 43),
(1103, 1453771611, 1453771611, 0, 'chenlizhun', '', 28),
(1104, 1453772241, 1453772241, 0, 'HLB', '', 35),
(1105, 1453772257, 1453781522, 0, 'liangjianfei', '', 40),
(1106, 1453790381, 1453790381, 0, 'yuqiuman', '', 34),
(1107, 1453796756, 1453796756, 0, 'HLB', '', 35),
(1108, 1453796858, 1453797775, 0, '杨书明', '', 43),
(1109, 1453796872, 1453796872, 0, 'HLB', '', 35),
(1110, 1453797168, 1453800616, 0, 'yuqiuman', '', 34),
(1111, 1453797233, 1453797233, 0, 'liangjianfei', '', 40),
(1112, 1453797403, 1453797403, 0, '魏子杰', '', 38),
(1113, 1453798452, 1453798452, 0, '方泽锋', '', 36),
(1114, 1453853803, 1453854067, 0, 'chenlizhun', '', 28),
(1115, 1453854191, 1453861218, 0, 'chenlizhun', '', 28),
(1116, 1453854785, 1453862027, 0, '杨书明', '', 43),
(1117, 1453854812, 1453854812, 0, 'HLB', '', 35),
(1118, 1453862478, 1453862478, 0, 'liangjianfei', '', 40),
(1119, 1453862491, 1453883733, 0, '杨书明', '', 43),
(1120, 1453867072, 1453867072, 0, 'yuqiuman', '', 34),
(1121, 1453878166, 1453878166, 0, '方泽锋', '', 36),
(1122, 1453878173, 1453878173, 0, '魏子杰', '', 38),
(1123, 1453878354, 1453878354, 0, '方泽锋', '', 36),
(1124, 1453878996, 1453878996, 0, '方泽锋', '', 36),
(1125, 1453880984, 1453881095, 0, 'chenlizhun', '', 28),
(1126, 1453881149, 1453881149, 0, '方泽锋', '', 36),
(1127, 1453883114, 1453883114, 0, '方泽锋', '', 36),
(1128, 1453883695, 1453883695, 0, 'liangjianfei', '', 40),
(1129, 1453883700, 1453883700, 0, '方泽锋', '', 36),
(1130, 1453883742, 1453883742, 0, 'liangjianfei', '', 40),
(1131, 1453883939, 1453884986, 0, '杨书明', '', 43),
(1132, 1453884312, 1453884312, 0, '方泽锋', '', 36),
(1133, 1453884395, 1453884395, 0, '魏子杰', '', 38),
(1134, 1453888736, 1453890574, 0, 'yuqiuman', '', 34),
(1135, 1453942908, 1453942908, 0, 'chenlizhun', '', 28),
(1136, 1453942928, 1453971294, 0, '杨书明', '', 43),
(1137, 1453944257, 1453944257, 0, '方泽锋', '', 36),
(1138, 1453944620, 1453965513, 0, 'liangjianfei', '', 40),
(1139, 1453945065, 1453945065, 0, '方泽锋', '', 36),
(1140, 1453961562, 1453961562, 0, 'JimMing', '', 14),
(1141, 1453969680, 1453969680, 0, 'chenlizhun', '', 28),
(1142, 1453969727, 1453969727, 0, '方泽锋', '', 36),
(1143, 1453969962, 1453969962, 0, 'liangjianfei', '', 40),
(1144, 1453970116, 1453970116, 0, 'liangjianfei', '', 40),
(1145, 1453970298, 1453970298, 0, '魏子杰', '', 38),
(1146, 1453970394, 1453970394, 0, '方泽锋', '', 36),
(1147, 1453970480, 1453970480, 0, '方泽锋', '', 36),
(1148, 1453971599, 1453971599, 0, 'HLB', '', 35),
(1149, 1453973512, 1453973512, 0, 'yuqiuman', '', 34),
(1150, 1453974607, 1453974607, 0, 'HLB', '', 35),
(1151, 1453975100, 1453975100, 0, 'HLB', '', 35),
(1152, 1454027646, 1454113821, 0, 'yuqiuman', '', 34),
(1153, 1454038336, 1454113795, 0, 'chenlizhun', '', 28),
(1154, 1454039538, 1454052636, 0, '杨书明', '', 43),
(1155, 1454039546, 1454039546, 0, 'HLB', '', 35),
(1156, 1454039565, 1454039565, 0, '魏子杰', '', 38),
(1157, 1454039568, 1454039568, 0, '方泽锋', '', 36),
(1158, 1454039575, 1454039575, 0, '陈锦浩', '', 16),
(1159, 1454039579, 1454039579, 0, 'liangjianfei', '', 40),
(1160, 1454039588, 1454039588, 0, 'JimMing', '', 14),
(1161, 1454039611, 1454039611, 0, '谢贵', '', 20),
(1162, 1454039652, 1454039652, 0, 'HLB', '', 35),
(1163, 1454039678, 1454039678, 0, '陈锦浩', '', 16),
(1164, 1454048012, 1454048012, 0, 'HLB', '', 35),
(1165, 1454052254, 1454052254, 0, '魏子杰', '', 38),
(1166, 1454052271, 1454052271, 0, '方泽锋', '', 36),
(1167, 1454052320, 1454052320, 0, 'JimMing', '', 14),
(1168, 1454052345, 1454052345, 0, '梁家俊', '', 15),
(1169, 1454052422, 1454052422, 0, '谢贵', '', 20),
(1170, 1454053678, 1454053678, 0, '方泽锋', '', 36),
(1171, 1454053772, 1454053772, 0, '方泽锋', '', 36),
(1172, 1454055171, 1454055171, 0, '方泽锋', '', 36),
(1173, 1454113792, 1454134518, 0, '杨书明', '', 43),
(1174, 1454114488, 1454114488, 0, 'HLB', '', 35),
(1175, 1454114933, 1454133812, 0, 'chenlizhun', '', 28),
(1176, 1454115344, 1454134518, 0, '杨书明', '', 43),
(1177, 1454115360, 1454115364, 0, 'HLB', '', 35),
(1178, 1454124287, 1454124287, 0, 'JimMing', '', 14),
(1179, 1454124693, 1454124693, 0, '梁家俊', '', 15),
(1180, 1454124710, 1454124710, 0, '魏子杰', '', 38),
(1181, 1454124735, 1454132247, 0, 'yuqiuman', '', 34),
(1182, 1454124762, 1454124762, 0, '谢贵', '', 20),
(1183, 1454124811, 1454124811, 0, 'HLB', '', 35),
(1184, 1454124893, 1454124893, 0, 'HLB', '', 35),
(1185, 1454125018, 1454125296, 0, '梁家俊', '', 15),
(1186, 1454125140, 1454125144, 0, '谢贵', '', 20),
(1187, 1454133609, 1454133609, 0, 'HLB', '', 35),
(1188, 1454134448, 1454134448, 0, '魏子杰', '', 38),
(1189, 1454146121, 1454146121, 0, 'HLB', '', 35),
(1190, 1454146372, 1454146372, 0, 'HLB', '', 35),
(1191, 1454148613, 1454148613, 0, 'chenlizhun', '', 28),
(1192, 1454222029, 1454222033, 0, 'chenlizhun', '', 28),
(1193, 1455501031, 1455505875, 0, '谢贵', '', 20),
(1194, 1455501231, 1455526584, 0, 'chenlizhun', '', 28),
(1195, 1455501548, 1455526419, 0, '杨书明', '', 43),
(1196, 1455501556, 1455517136, 0, '陈锦浩', '', 16),
(1197, 1455501573, 1455507640, 0, 'JimMing', '', 14),
(1198, 1455502604, 1455502702, 0, '梁家俊', '', 15),
(1199, 1455521746, 1455521746, 0, 'yuqiuman', '', 34),
(1200, 1455524414, 1455536679, 0, 'HLB', '', 35),
(1201, 1455527344, 1455527344, 0, '方泽锋', '', 36),
(1202, 1455528646, 1455528646, 0, '魏子杰', '', 38),
(1203, 1455537282, 1455537282, 0, 'HLB', '', 35),
(1204, 1455538047, 1455583216, 0, '陈锦浩', '', 16),
(1205, 1455581037, 1455581037, 0, '谢贵', '', 20),
(1206, 1455581126, 1455581126, 0, '梁家俊', '', 15),
(1207, 1455581521, 1455581521, 0, 'chenlizhun', '', 28),
(1208, 1455581642, 1455586276, 0, 'JimMing', '', 14),
(1209, 1455582241, 1455582241, 0, 'yuqiuman', '', 34),
(1210, 1455582253, 1455611275, 0, '杨书明', '', 43),
(1211, 1455583076, 1455585690, 0, 'yuqiuman', '', 34),
(1212, 1455584855, 1455588198, 0, '陈锦浩', '', 16),
(1213, 1455585361, 1455585361, 0, 'HLB', '', 35),
(1214, 1455585540, 1455587941, 0, '梁家俊', '', 15),
(1215, 1455585573, 1455585573, 0, '方泽锋', '', 36),
(1216, 1455586049, 1455586049, 0, '谢贵', '', 20),
(1217, 1455604722, 1455604722, 0, '方泽锋', '', 36),
(1218, 1455611780, 1455611780, 0, 'HLB', '', 35),
(1219, 1455613869, 1455613869, 0, '魏子杰', '', 38),
(1220, 1455614126, 1455614126, 0, 'chenlizhun', '', 28),
(1221, 1455616507, 1455616507, 0, 'yuqiuman', '', 34),
(1222, 1455625723, 1455625723, 0, 'HLB', '', 35),
(1223, 1455667964, 1455669203, 0, 'chenlizhun', '', 28),
(1224, 1455668279, 1455668379, 0, '谢贵', '', 20),
(1225, 1455668655, 1455696662, 0, '杨书明', '', 43),
(1226, 1455668737, 1455668737, 0, '梁家俊', '', 15),
(1227, 1455668764, 1455668764, 0, '陈锦浩', '', 16),
(1228, 1455668765, 1455668765, 0, 'yuqiuman', '', 34),
(1229, 1455668834, 1455778856, 0, '陈锦浩', '', 16),
(1230, 1455668919, 1455668919, 0, 'JimMing', '', 14),
(1231, 1455669519, 1455669519, 0, 'HLB', '', 35),
(1232, 1455675529, 1455675543, 0, 'HLB', '', 35),
(1233, 1455675575, 1455700054, 0, 'HLB', '', 35),
(1234, 1455675900, 1455696751, 0, '梁家俊', '', 15),
(1235, 1455697071, 1455697290, 0, '杨书明', '', 43),
(1236, 1455697464, 1455699510, 0, '杨书明', '', 43),
(1237, 1455700503, 1455700503, 0, '方泽锋', '', 36),
(1238, 1455704748, 1455704748, 0, 'HLB', '', 35),
(1239, 1455716243, 1455716243, 0, 'JimMing', '', 14),
(1240, 1455754031, 1455761831, 0, 'HLB', '', 35),
(1241, 1455754917, 1455754927, 0, 'yuqiuman', '', 34),
(1242, 1455755480, 1455787282, 0, '杨书明', '', 43),
(1243, 1455759685, 1455759685, 0, 'yuqiuman', '', 34),
(1244, 1455776286, 1455776286, 0, 'chenlizhun', '', 28),
(1245, 1455780669, 1455780669, 0, '方泽锋', '', 36),
(1246, 1455784028, 1455863208, 0, 'chenlizhun', '', 28),
(1247, 1455784186, 1455784186, 0, 'yuqiuman', '', 34),
(1248, 1455787072, 1455949267, 0, 'JimMing', '', 14),
(1249, 1455793140, 1455793140, 0, 'HLB', '', 35),
(1250, 1455847561, 1455874562, 0, '杨书明', '', 43),
(1251, 1455848730, 1455876803, 0, 'yuqiuman', '', 34),
(1252, 1455850725, 1455850996, 0, '陈锦浩', '', 16),
(1253, 1455851621, 1455851621, 0, '方泽锋', '', 36),
(1254, 1455874139, 1455874139, 0, '方泽锋', '', 36),
(1255, 1455877473, 1455884783, 0, '梁家俊', '', 15),
(1256, 1455878058, 1455878058, 0, 'HLB', '', 35),
(1257, 1455878142, 1455947164, 0, '谢贵', '', 20),
(1258, 1455927770, 1455958414, 0, '杨书明', '', 43),
(1259, 1455929856, 1455929856, 0, 'yuqiuman', '', 34),
(1260, 1455931917, 1455931917, 0, 'yuqiuman', '', 34),
(1261, 1455959750, 1455959750, 0, 'HLB', '', 35),
(1262, 1455962569, 1455962569, 0, 'HLB', '', 35),
(1263, 1455963234, 1455963234, 0, 'HLB', '', 35),
(1264, 1456017148, 1456017148, 0, 'yuqiuman', '', 34),
(1265, 1456053766, 1456054186, 0, '梁家俊', '', 15),
(1266, 1456099711, 1456099842, 0, 'yuqiuman', '', 34),
(1267, 1456100811, 1456101090, 0, '杨书明', '', 43),
(1268, 1456100834, 1456100835, 0, '方泽锋', '', 36),
(1269, 1456102137, 1456102137, 0, 'yuqiuman', '', 34),
(1270, 1456108808, 1456108808, 0, 'chenlizhun', '', 28),
(1271, 1456121997, 1456134034, 0, '杨书明', '', 43),
(1272, 1456129510, 1456129512, 0, '梁家俊', '', 15),
(1273, 1456130502, 1456130502, 0, '方泽锋', '', 36),
(1274, 1456131322, 1456131322, 0, '方泽锋', '', 36),
(1275, 1456134040, 1456134116, 0, '杨书明', '', 43),
(1276, 1456134466, 1456134499, 0, '杨书明', '', 43),
(1277, 1456135645, 1456135645, 0, 'HLB', '', 35),
(1278, 1456144509, 1456144509, 0, '梁家俊', '', 15),
(1279, 1456148005, 1456148005, 0, 'yuqiuman', '', 34),
(1280, 1456186743, 1456186743, 0, 'yuqiuman', '', 34),
(1281, 1456187372, 1456218329, 0, '杨书明', '', 43),
(1282, 1456187693, 1456217257, 0, 'yuqiuman', '', 34),
(1283, 1456211569, 1456211569, 0, '梁家俊', '', 15),
(1284, 1456212822, 1456212822, 0, '陈锦浩', '', 16),
(1285, 1456215054, 1456215054, 0, 'HLB', '', 35),
(1286, 1456221643, 1456221643, 0, '方泽锋', '', 36),
(1287, 1456223509, 1456223509, 0, 'HLB', '', 35),
(1288, 1456272469, 1456272469, 0, 'yuqiuman', '', 34),
(1289, 1456272842, 1456274029, 0, 'chenlizhun', '', 28),
(1290, 1456273535, 1456305424, 0, '杨书明', '', 43),
(1291, 1456304913, 1456304913, 0, '方泽锋', '', 36),
(1292, 1456359549, 1456359549, 0, 'yuqiuman', '', 34),
(1293, 1456359850, 1456391770, 0, '杨书明', '', 43),
(1294, 1456360701, 1456360701, 0, 'yuqiuman', '', 34),
(1295, 1456382264, 1456382264, 0, '方泽锋', '', 36),
(1296, 1456388640, 1456390308, 0, 'chenlizhun', '', 28),
(1297, 1456392122, 1456392122, 0, '方泽锋', '', 36),
(1298, 1456392166, 1456392232, 0, '方泽锋', '', 36),
(1299, 1456393620, 1456393659, 0, '杨书明', '', 43),
(1300, 1456445956, 1456478321, 0, 'yuqiuman', '', 34),
(1301, 1456446313, 1456475443, 0, '杨书明', '', 43),
(1302, 1456447246, 1456476637, 0, 'chenlizhun', '', 28),
(1303, 1456451822, 1456471585, 0, 'HLB', '', 35),
(1304, 1456455391, 1456455391, 0, '方泽锋', '', 36),
(1305, 1456455440, 1456455440, 0, '方泽锋', '', 36),
(1306, 1456455648, 1456455704, 0, 'JimMing', '', 14),
(1307, 1456459377, 1456459428, 0, '梁家俊', '', 15),
(1308, 1456473093, 1456480590, 0, 'HLB', '', 35),
(1309, 1456477439, 1456477796, 0, '陈锦浩', '', 16),
(1310, 1456477941, 1456478485, 0, 'chenlizhun', '', 28),
(1311, 1456480188, 1456480188, 0, 'chenlizhun', '', 28),
(1312, 1456531294, 1456546288, 0, 'yuqiuman', '', 34),
(1313, 1456531765, 1456531770, 0, 'HLB', '', 35),
(1314, 1456532546, 1456545286, 0, '杨书明', '', 43),
(1315, 1456537690, 1456537776, 0, 'HLB', '', 35),
(1316, 1456539370, 1456656660, 0, '梁家俊', '', 15),
(1317, 1456539704, 1456554272, 0, '谢贵', '', 20),
(1318, 1456555290, 1456567811, 0, '谢贵', '', 20),
(1319, 1456661363, 1456663123, 0, 'yuqiuman', '', 34),
(1320, 1456710104, 1456838996, 0, '梁家俊', '', 15),
(1321, 1456803261, 1456890228, 0, '陈锦浩', '', 16),
(1322, 1456803940, 1456804047, 0, 'chenlizhun', '', 28),
(1323, 1456813927, 1456814010, 0, 'liangjianfei', '', 40),
(1324, 1456814813, 1456814813, 0, 'liangjianfei', '', 40),
(1325, 1456829223, 1456829254, 0, 'yuqiuman', '', 34),
(1326, 1456829514, 1456835815, 0, '杨书明', '', 43),
(1327, 1456839011, 1456839025, 0, '魏子杰', '', 38),
(1328, 1456839055, 1456839079, 0, '游客(未登录用户)', '', 0),
(1329, 1456839089, 1456839144, 0, '陈冠全', '', 24),
(1330, 1456839153, 1456839169, 0, '林海荣', '', 46),
(1331, 1456839178, 1456839190, 0, 'dash', '', 58),
(1332, 1456839200, 1456839219, 0, '刘一鸣', '', 59),
(1333, 1456839222, 1456964745, 0, '梁家俊', '', 15),
(1334, 1456878248, 1456888992, 0, 'chenlizhun', '', 28),
(1335, 1456879508, 1456879508, 0, 'liangjianfei', '', 40),
(1336, 1456889002, 1456889026, 0, 'chenlizhun', '', 28),
(1337, 1456889482, 1456889925, 0, 'JimMing', '', 14),
(1338, 1456889892, 1456889892, 0, 'chenlizhun', '', 28),
(1339, 1456892627, 1456892944, 0, 'huangxinyan', '', 29),
(1340, 1456897251, 1456897560, 0, 'liangjianfei', '', 40),
(1341, 1456904502, 1456904502, 0, 'JimMing', '', 14),
(1342, 1456904555, 1456906630, 0, 'yuqiuman', '', 34),
(1343, 1456910303, 1456910303, 0, '陆跃标', '', 19),
(1344, 1456914700, 1456914700, 0, '陆跃标', '', 19),
(1345, 1456916228, 1456922339, 0, '杨书明', '', 43),
(1346, 1456924548, 1456924599, 0, 'yuqiuman', '', 34),
(1347, 1456963474, 1457000518, 0, 'chenlizhun', '', 28),
(1348, 1456964584, 1456964595, 0, '谢贵', '', 20),
(1349, 1456964814, 1456964814, 0, '陈锦浩', '', 16),
(1350, 1457002441, 1457080636, 0, 'JimMing', '', 14),
(1351, 1457003736, 1457008650, 0, '杨书明', '', 43),
(1352, 1457011442, 1457011447, 0, '谢洪干', '', 18),
(1353, 1457052010, 1457081202, 0, 'chenlizhun', '', 28),
(1354, 1457057521, 1457059340, 0, 'yuqiuman', '', 34),
(1355, 1457136842, 1457138484, 0, 'chenlizhun', '', 28),
(1356, 1457138668, 1457139167, 0, 'yuqiuman', '', 34),
(1357, 1457138810, 1457138823, 0, 'HLB', '', 35),
(1358, 1457139056, 1457139127, 0, '谢洪干', '', 18),
(1359, 1457139057, 1457139057, 0, 'huangxinyan', '', 29),
(1360, 1457139135, 1457139135, 0, '陆跃标', '', 19),
(1361, 1457139373, 1457143937, 0, '方泽锋', '', 36),
(1362, 1457139404, 1457152562, 0, '蔡茵茵', '', 54),
(1363, 1457139454, 1457139454, 0, '杨书明', '', 43),
(1364, 1457139468, 1457139468, 0, 'liangjianfei', '', 40),
(1365, 1457139889, 1457149349, 0, 'liangjianfei', '', 40),
(1366, 1457139974, 1457140025, 0, '陈冠全', '', 24),
(1367, 1457139976, 1457151958, 0, '陆跃标', '', 19),
(1368, 1457139993, 1457140036, 0, '罗锐文', '', 25),
(1369, 1457140017, 1457151630, 0, '杨书明', '', 43),
(1370, 1457140040, 1457150197, 0, 'huangxinyan', '', 29),
(1371, 1457140053, 1457147917, 0, '微小念', '', 37),
(1372, 1457140100, 1457140107, 0, '陈冠全', '', 24),
(1373, 1457140161, 1457147339, 0, '罗锐文', '', 25),
(1374, 1457140188, 1457147328, 0, 'chenlizhun', '', 28),
(1375, 1457140239, 1457159384, 0, 'yuqiuman', '', 34),
(1376, 1457140331, 1457147777, 0, '谢洪干', '', 18),
(1377, 1457140419, 1457144528, 0, 'liangniguo', '', 39),
(1378, 1457140444, 1457172395, 0, 'HLB', '', 35),
(1379, 1457141992, 1457142096, 0, '陈冠全', '', 24),
(1380, 1457142310, 1457142543, 0, 'zhuzhushuo', '', 31),
(1381, 1457142610, 1457151090, 0, '魏子杰', '', 38),
(1382, 1457145696, 1457145732, 0, '陈冠全', '', 24),
(1383, 1457145759, 1457146552, 0, '陈冠全', '', 24),
(1384, 1457146162, 1457152064, 0, 'zhuzhushuo', '', 31),
(1385, 1457148038, 1457148278, 0, '微小念', '', 37),
(1386, 1457148039, 1457148491, 0, 'chenlizhun', '', 28),
(1387, 1457148749, 1457150997, 0, '微小念', '', 37),
(1388, 1457150253, 1457150261, 0, 'huangxinyan', '', 29),
(1389, 1457150275, 1457150310, 0, 'liangniguo', '', 39),
(1390, 1457150391, 1457150420, 0, '陈冠全', '', 24),
(1391, 1457150435, 1457150569, 0, 'huangxinyan', '', 29),
(1392, 1457150601, 1457151413, 0, 'huangxinyan', '', 29),
(1393, 1457150909, 1457158380, 0, '方泽锋', '', 36),
(1394, 1457151478, 1457151478, 0, 'huangxinyan', '', 29),
(1395, 1457151503, 1457151507, 0, '罗锐文', '', 25),
(1396, 1457151661, 1457151719, 0, 'huangxinyan', '', 29),
(1397, 1457151933, 1457151959, 0, '罗锐文', '', 25),
(1398, 1457151986, 1457152004, 0, '罗锐文', '', 25),
(1399, 1457152084, 1457154578, 0, '谢洪干', '', 18),
(1400, 1457152614, 1457152618, 0, 'dash', '', 58),
(1401, 1457152961, 1457160800, 0, '蔡茵茵', '', 54),
(1402, 1457154591, 1457154605, 0, 'zhuzhushuo', '', 31),
(1403, 1457155183, 1457155805, 0, '微小念', '', 37),
(1404, 1457155820, 1457156114, 0, 'zhuzhushuo', '', 31),
(1405, 1457158027, 1457158061, 0, '魏子杰', '', 38),
(1406, 1457158221, 1457158263, 0, '魏子杰', '', 38),
(1407, 1457158581, 1457160475, 0, 'chenlizhun', '', 28),
(1408, 1457158693, 1457158838, 0, '梁家俊', '', 15),
(1409, 1457158874, 1457169523, 0, '梁家俊', '', 15),
(1410, 1457161541, 1457168915, 0, 'chenlizhun', '', 28),
(1411, 1457164200, 1457164200, 0, '陆跃标', '', 19),
(1412, 1457164463, 1457164463, 0, '陆跃标', '', 19),
(1413, 1457164602, 1457164602, 0, '谢洪干', '', 18),
(1414, 1457164670, 1457164721, 0, '方泽锋', '', 36),
(1415, 1457165134, 1457165134, 0, '陆跃标', '', 19),
(1416, 1457166735, 1457166741, 0, '陆跃标', '', 19),
(1417, 1457167859, 1457172278, 0, '微小念', '', 37),
(1418, 1457169062, 1457169062, 0, '陆跃标', '', 19),
(1419, 1457171614, 1457171780, 0, '梁家俊', '', 15),
(1420, 1457172482, 1457172513, 0, '陆跃标', '', 19),
(1421, 1457180375, 1457180375, 0, '陆跃标', '', 19),
(1422, 1457180843, 1457180851, 0, '陆跃标', '', 19),
(1423, 1457262441, 1457268031, 0, '杨书明', '', 43),
(1424, 1457270143, 1457270176, 0, '方泽锋', '', 36),
(1425, 1457311905, 1457316846, 0, 'chenlizhun', '', 28),
(1426, 1457315335, 1457315339, 0, 'dash', '', 58),
(1427, 1457329718, 1457342796, 0, 'huangxinyan', '', 29),
(1428, 1457330315, 1457330323, 0, '陈冠全', '', 24),
(1429, 1457340589, 1457340593, 0, '陈冠全', '', 24),
(1430, 1457340658, 1457340753, 0, '谢贵', '', 20),
(1431, 1457342853, 1457408137, 0, '梁家俊', '', 15),
(1432, 1457348325, 1457348402, 0, '杨书明', '', 43),
(1433, 1457349979, 1457354839, 0, '杨书明', '', 43),
(1434, 1457351803, 1457351854, 0, '谢洪干', '', 18),
(1435, 1457352183, 1457355867, 0, 'liangniguo', '', 39),
(1436, 1457353883, 1457357534, 0, 'yuqiuman', '', 34),
(1437, 1457356154, 1457356172, 0, 'liangniguo', '', 39),
(1438, 1457395934, 1457408669, 0, 'chenlizhun', '', 28),
(1439, 1457398077, 1457398191, 0, 'yuqiuman', '', 34),
(1440, 1457400954, 1457401023, 0, '刘一鸣', '', 59),
(1441, 1457408312, 1457408377, 0, '陈锦浩', '', 16),
(1442, 1457410434, 1457410434, 0, 'liangjianfei', '', 40),
(1443, 1457415642, 1457425694, 0, '方泽锋', '', 36),
(1444, 1457424418, 1457424418, 0, '谢洪干', '', 18),
(1445, 1457426560, 1457426703, 0, 'yuqiuman', '', 34),
(1446, 1457434978, 1457440563, 0, '杨书明', '', 43),
(1447, 1457481717, 1457481771, 0, 'yuqiuman', '', 34),
(1448, 1457483952, 1457496174, 0, 'chenlizhun', '', 28),
(1449, 1457489610, 1457493172, 0, 'liangjianfei', '', 40),
(1450, 1457508764, 1457509538, 0, 'chenlizhun', '', 28),
(1451, 1457510004, 1457510007, 0, 'chenlizhun', '', 28),
(1452, 1457510010, 1457513568, 0, 'chenlizhun', '', 28),
(1453, 1457520931, 1457527111, 0, '杨书明', '', 43),
(1454, 1457521039, 1457521039, 0, '蔡茵茵', '', 54),
(1455, 1457521183, 1457521183, 0, '蔡茵茵', '', 54),
(1456, 1457569302, 1457580170, 0, 'chenlizhun', '', 28),
(1457, 1457570542, 1457570572, 0, '陈冠全', '', 24),
(1458, 1457572056, 1457575550, 0, '谢贵', '', 20),
(1459, 1457583518, 1457586159, 0, '微小念', '', 37),
(1460, 1457585986, 1457668152, 0, '陈锦浩', '', 16),
(1461, 1457586001, 1457592657, 0, 'JimMing', '', 14),
(1462, 1457594339, 1457594339, 0, '梁家俊', '', 15),
(1463, 1457606315, 1457681437, 0, 'chenlizhun', '', 28),
(1464, 1457606361, 1457606507, 0, 'yuqiuman', '', 34),
(1465, 1457607297, 1457613300, 0, '杨书明', '', 43),
(1466, 1457613040, 1457616663, 0, '微小念', '', 37),
(1467, 1457671819, 1457671819, 0, 'liangjianfei', '', 40),
(1468, 1457675464, 1457675464, 0, 'liangjianfei', '', 40),
(1469, 1457685058, 1457686135, 0, '方泽锋', '', 36),
(1470, 1457685556, 1457688170, 0, 'JimMing', '', 14),
(1471, 1457686378, 1457688490, 0, '梁家俊', '', 15),
(1472, 1457687669, 1457687714, 0, 'chenlizhun', '', 28),
(1473, 1457687744, 1457687748, 0, 'dash', '', 58),
(1474, 1457687864, 1457689431, 0, 'dash', '', 58),
(1475, 1457688250, 1457688411, 0, 'JimMing', '', 14),
(1476, 1457688503, 1457689316, 0, '方泽锋', '', 36),
(1477, 1457688926, 1457689355, 0, 'JimMing', '', 14),
(1478, 1457689447, 1457689523, 0, 'dash', '', 58),
(1479, 1457699493, 1457699634, 0, '谢洪干', '', 18),
(1480, 1457742183, 1457746453, 0, 'chenlizhun', '', 28),
(1481, 1457743466, 1457747624, 0, 'yuqiuman', '', 34),
(1482, 1457744015, 1457746895, 0, 'liangjianfei', '', 40),
(1483, 1457744154, 1457753755, 0, '杨书明', '', 43),
(1484, 1457744161, 1457746510, 0, '陈冠全', '', 24),
(1485, 1457744229, 1457746248, 0, 'huangxinyan', '', 29),
(1486, 1457744233, 1457748955, 0, '罗锐文', '', 25),
(1487, 1457744243, 1457748801, 0, 'zhuzhushuo', '', 31),
(1488, 1457744306, 1457746567, 0, '微小念', '', 37),
(1489, 1457746251, 1457746318, 0, '陆跃标', '', 19),
(1490, 1457746328, 1457746557, 0, '蔡茵茵', '', 54),
(1491, 1457746331, 1457748291, 0, 'huangxinyan', '', 29),
(1492, 1457746354, 1457748936, 0, '魏子杰', '', 38),
(1493, 1457746458, 1457747515, 0, '方泽锋', '', 36),
(1494, 1457746461, 1457750554, 0, 'liangniguo', '', 39),
(1495, 1457746585, 1457754287, 0, '微小念', '', 37),
(1496, 1457746594, 1457748955, 0, '陈冠全', '', 24),
(1497, 1457746740, 1457746740, 0, '陆跃标', '', 19),
(1498, 1457746895, 1457746895, 0, '谢洪干', '', 18),
(1499, 1457747033, 1457754265, 0, 'chenlizhun', '', 28),
(1500, 1457747467, 1457747467, 0, '陆跃标', '', 19),
(1501, 1457748085, 1457748086, 0, '陆跃标', '', 19),
(1502, 1457748137, 1457750563, 0, 'HLB', '', 35),
(1503, 1457749024, 1457749024, 0, '陈冠全', '', 24),
(1504, 1457751514, 1457753139, 0, '谢贵', '', 20),
(1505, 1457753278, 1457754531, 0, 'liangniguo', '', 39),
(1506, 1457754348, 1457754500, 0, 'liangjianfei', '', 40),
(1507, 1457754579, 1457926458, 0, 'chenlizhun', '', 28),
(1508, 1457754972, 1457772513, 0, 'HLB', '', 35),
(1509, 1457755412, 1457755603, 0, '罗锐文', '', 25),
(1510, 1457755523, 1457755535, 0, '陈冠全', '', 24),
(1511, 1457756153, 1457756167, 0, '陆跃标', '', 19),
(1512, 1457756435, 1457756453, 0, '方泽锋', '', 36),
(1513, 1457758661, 1457758793, 0, 'huangxinyan', '', 29),
(1514, 1457763950, 1457765863, 0, 'yuqiuman', '', 34),
(1515, 1457764480, 1457764480, 0, '陆跃标', '', 19),
(1516, 1457764483, 1457765016, 0, '谢洪干', '', 18),
(1517, 1457766266, 1457766315, 0, '陆跃标', '', 19),
(1518, 1457767640, 1457772430, 0, 'yuqiuman', '', 34),
(1519, 1457768363, 1457768449, 0, '陆跃标', '', 19),
(1520, 1457768650, 1457768771, 0, '微小念', '', 37),
(1521, 1457768771, 1457769973, 0, '微小念', '', 37),
(1522, 1457768827, 1457935792, 0, '梁家俊', '', 15),
(1523, 1457768893, 1457768930, 0, 'zhuzhushuo', '', 31),
(1524, 1457769726, 1457770472, 0, '蔡茵茵', '', 54),
(1525, 1457770461, 1457770491, 0, '谢洪干', '', 18),
(1526, 1457780674, 1457780674, 0, '陆跃标', '', 19),
(1527, 1457785257, 1457785368, 0, '陆跃标', '', 19),
(1528, 1457863339, 1457863347, 0, 'JimMing', '', 14),
(1529, 1457866082, 1457872786, 0, '杨书明', '', 43),
(1530, 1457867497, 1457867614, 0, '微小念', '', 37),
(1531, 1457868147, 1457869530, 0, 'liangniguo', '', 39),
(1532, 1457869570, 1457869907, 0, 'liangniguo', '', 39),
(1533, 1457916035, 1457917052, 0, '微小念', '', 37),
(1534, 1457916289, 1457916312, 0, 'liangniguo', '', 39),
(1535, 1457917805, 1457917805, 0, '谢洪干', '', 18),
(1536, 1457921019, 1457921019, 0, 'liangniguo', '', 39),
(1537, 1457924271, 1457924271, 0, 'zhuzhushuo', '', 31),
(1538, 1457934547, 1457934612, 0, 'huangxinyan', '', 29),
(1539, 1457936534, 1457936534, 0, '微小念', '', 37),
(1540, 1457939029, 1457939034, 0, 'zhuzhushuo', '', 31),
(1541, 1457952015, 1457952069, 0, 'yuqiuman', '', 34),
(1542, 1457952979, 1457958979, 0, '杨书明', '', 43),
(1543, 1457959113, 1457962136, 0, '微小念', '', 37),
(1544, 1458004232, 1458004232, 0, 'huangxinyan', '', 29),
(1545, 1458004922, 1458004943, 0, 'chenlizhun', '', 28),
(1546, 1458005866, 1458013585, 0, 'chenlizhun', '', 28),
(1547, 1458024302, 1458024368, 0, 'liangjianfei', '', 40),
(1548, 1458035741, 1458044536, 0, 'yuqiuman', '', 34),
(1549, 1458039364, 1458045982, 0, '杨书明', '', 43),
(1550, 1458039507, 1458042230, 0, '微小念', '', 37),
(1551, 1458040627, 1458040865, 0, '蔡茵茵', '', 54),
(1552, 1458043719, 1458049043, 0, 'liangniguo', '', 39),
(1553, 1458088224, 1458126182, 0, 'chenlizhun', '', 28),
(1554, 1458100243, 1458100364, 0, '方泽锋', '', 36),
(1555, 1458100260, 1458100443, 0, '魏子杰', '', 38),
(1556, 1458102300, 1458102598, 0, '陈冠全', '', 24),
(1557, 1458106949, 1458107024, 0, 'huangxinyan', '', 29),
(1558, 1458110870, 1458110873, 0, '陈冠全', '', 24),
(1559, 1458123625, 1458130408, 0, 'yuqiuman', '', 34),
(1560, 1458125379, 1458134376, 0, '杨书明', '', 43),
(1561, 1458126064, 1458126064, 0, '陆跃标', '', 19),
(1562, 1458176581, 1458176581, 0, 'huangxinyan', '', 29),
(1563, 1458177600, 1458212567, 0, 'chenlizhun', '', 28),
(1564, 1458180925, 1458296123, 0, '谢洪干', '', 18),
(1565, 1458198128, 1458198242, 0, 'yuqiuman', '', 34),
(1566, 1458211510, 1458221324, 0, '杨书明', '', 43),
(1567, 1458214803, 1458216055, 0, '微小念', '', 37),
(1568, 1458215393, 1458215393, 0, '蔡茵茵', '', 54),
(1569, 1458217616, 1458221917, 0, '微小念', '', 37),
(1570, 1458219923, 1458219936, 0, 'yuqiuman', '', 34),
(1571, 1458259407, 1458259934, 0, '微小念', '', 37),
(1572, 1458260509, 1458260509, 0, 'chenlizhun', '', 28),
(1573, 1458266862, 1458266986, 0, '陆跃标', '', 19),
(1574, 1458275002, 1458275002, 0, 'HLB', '', 35),
(1575, 1458276090, 1458276090, 0, 'HLB', '', 35),
(1576, 1458277309, 1458279828, 0, 'HLB', '', 35),
(1577, 1458283980, 1458284083, 0, 'liangniguo', '', 39),
(1578, 1458285885, 1458293306, 0, '杨书明', '', 43),
(1579, 1458285955, 1458287300, 0, 'liangjianfei', '', 40),
(1580, 1458290638, 1458290943, 0, '梁家俊', '', 15),
(1581, 1458307656, 1458307677, 0, '陆跃标', '', 19),
(1582, 1458393512, 1458393512, 0, '陆跃标', '', 19),
(1583, 1458471645, 1458477819, 0, '杨书明', '', 43),
(1584, 1458475676, 1458475785, 0, 'yuqiuman', '', 34),
(1585, 1458476135, 1458476213, 0, '陆跃标', '', 19),
(1586, 1458477335, 1458479117, 0, 'yuqiuman', '', 34),
(1587, 1458519771, 1458556545, 0, 'chenlizhun', '', 28),
(1588, 1458520091, 1458641268, 0, '陈锦浩', '', 16),
(1589, 1458520436, 1458553792, 0, '梁家俊', '', 15),
(1590, 1458532049, 1458532049, 0, '陆跃标', '', 19),
(1591, 1458532830, 1458553787, 0, '谢贵', '', 20),
(1592, 1458538750, 1458538750, 0, 'huangxinyan', '', 29),
(1593, 1458539140, 1458539486, 0, 'huangxinyan', '', 29),
(1594, 1458543167, 1458543167, 0, '陆跃标', '', 19),
(1595, 1458544177, 1458544177, 0, 'liangjianfei', '', 40),
(1596, 1458544289, 1458553788, 0, 'JimMing', '', 14),
(1597, 1458545940, 1458545942, 0, '刘一鸣', '', 59),
(1598, 1458545949, 1458545963, 0, '刘一鸣', '', 59),
(1599, 1458554009, 1458554009, 0, '梁家俊', '', 15),
(1600, 1458556161, 1458557536, 0, 'yuqiuman', '', 34),
(1601, 1458557040, 1458564252, 0, '杨书明', '', 43),
(1602, 1458607820, 1458607820, 0, 'huangxinyan', '', 29),
(1603, 1458615866, 1458616035, 0, '罗锐文', '', 25),
(1604, 1458624761, 1458624761, 0, 'liangjianfei', '', 40),
(1605, 1458636558, 1458636687, 0, 'HLB', '', 35),
(1606, 1458640049, 1458651132, 0, 'yuqiuman', '', 34),
(1607, 1458644159, 1458651359, 0, '杨书明', '', 43),
(1608, 1458645692, 1458645692, 0, '蔡茵茵', '', 54),
(1609, 1458691783, 1458705417, 0, 'yuqiuman', '', 34),
(1610, 1458692513, 1458692513, 0, 'liangjianfei', '', 40),
(1611, 1458707666, 1458708073, 0, 'huangxinyan', '', 29),
(1612, 1458715844, 1458715844, 0, '陈冠全', '', 24),
(1613, 1458726907, 1458738702, 0, '杨书明', '', 43),
(1614, 1458739098, 1458739126, 0, 'yuqiuman', '', 34),
(1615, 1458780727, 1458780727, 0, 'huangxinyan', '', 29),
(1616, 1458780891, 1458780891, 0, 'liangjianfei', '', 40),
(1617, 1458781634, 1458781634, 0, '陆跃标', '', 19),
(1618, 1458781659, 1458781749, 0, 'liangjianfei', '', 40),
(1619, 1458782031, 1458782031, 0, 'liangjianfei', '', 40),
(1620, 1458784017, 1458784017, 0, 'liangjianfei', '', 40),
(1621, 1458793384, 1458793542, 0, '微小念', '', 37),
(1622, 1458799689, 1458799780, 0, 'zhuzhushuo', '', 31),
(1623, 1458808025, 1458808042, 0, '谢洪干', '', 18),
(1624, 1458817105, 1458824815, 0, '杨书明', '', 43),
(1625, 1458818083, 1458818083, 0, '蔡茵茵', '', 54),
(1626, 1458820147, 1458820770, 0, 'liangniguo', '', 39),
(1627, 1458823677, 1458823823, 0, 'yuqiuman', '', 34),
(1628, 1458864852, 1458877647, 0, 'chenlizhun', '', 28),
(1629, 1458880304, 1458880304, 0, 'liangjianfei', '', 40),
(1630, 1458889107, 1458889167, 0, '方泽锋', '', 36),
(1631, 1458890508, 1458890525, 0, 'yuqiuman', '', 34),
(1632, 1458892365, 1458895908, 0, 'huangxinyan', '', 29),
(1633, 1459040358, 1459041786, 0, '梁家俊', '', 15),
(1634, 1459041486, 1459042490, 0, 'chenlizhun', '', 28),
(1635, 1459072154, 1459072154, 0, '梁家俊', '', 15),
(1636, 1459075286, 1459077622, 0, 'yuqiuman', '', 34),
(1637, 1459076993, 1459082575, 0, '杨书明', '', 43),
(1638, 1459127370, 1459299305, 0, '谢贵', '', 20),
(1639, 1459143789, 1459147023, 0, 'huangxinyan', '', 29),
(1640, 1459143886, 1459144172, 0, '陈冠全', '', 24),
(1641, 1459145512, 1459145512, 0, 'liangjianfei', '', 40),
(1642, 1459150679, 1459150693, 0, '微小念', '', 37),
(1643, 1459151606, 1459151954, 0, '微小念', '', 37),
(1644, 1459163229, 1459163229, 0, '蔡茵茵', '', 54),
(1645, 1459163299, 1459168950, 0, '杨书明', '', 43),
(1646, 1459165302, 1459165343, 0, '谢洪干', '', 18),
(1647, 1459170018, 1459171020, 0, 'yuqiuman', '', 34),
(1648, 1459211111, 1459211113, 0, 'JimMing', '', 14),
(1649, 1459212212, 1459212529, 0, 'yuqiuman', '', 34),
(1650, 1459212363, 1459212363, 0, 'huangxinyan', '', 29),
(1651, 1459212530, 1459220820, 0, 'huangxinyan', '', 29),
(1652, 1459237708, 1459237716, 0, 'chenlizhun', '', 28),
(1653, 1459295823, 1459296173, 0, 'yuqiuman', '', 34),
(1654, 1459298003, 1459303407, 0, 'liangjianfei', '', 40),
(1655, 1459299296, 1459408803, 0, '梁家俊', '', 15),
(1656, 1459299297, 1459299297, 0, 'JimMing', '', 14),
(1657, 1459299319, 1459392752, 0, '陈锦浩', '', 16),
(1658, 1459311866, 1459311941, 0, 'huangxinyan', '', 29),
(1659, 1459312969, 1459313125, 0, '陈冠全', '', 24),
(1660, 1459324217, 1459324305, 0, 'yuqiuman', '', 34),
(1661, 1459335625, 1459345363, 0, '杨书明', '', 43),
(1662, 1459335912, 1459335912, 0, '蔡茵茵', '', 54),
(1663, 1459336407, 1459345363, 0, '杨书明', '', 43),
(1664, 1459385478, 1459385478, 0, 'huangxinyan', '', 29),
(1665, 1459386119, 1459386119, 0, 'huangxinyan', '', 29),
(1666, 1459389898, 1459391976, 0, 'huangxinyan', '', 29),
(1667, 1459390469, 1459390490, 0, 'chenlizhun', '', 28),
(1668, 1459408832, 1459408832, 0, 'liangjianfei', '', 40),
(1669, 1459422059, 1459430862, 0, '杨书明', '', 43),
(1670, 1459475900, 1459475969, 0, '微小念', '', 37),
(1671, 1459478680, 1459478854, 0, '陈锦浩', '', 16),
(1672, 1459504182, 1459504183, 0, '梁家俊', '', 15),
(1673, 1459645097, 1459686279, 0, '杨书明', '', 43),
(1674, 1459736236, 1459765961, 0, '杨书明', '', 43),
(1675, 1459765073, 1459765073, 0, '谢洪干', '', 18),
(1676, 1459775371, 1459775371, 0, '陈锦浩', '', 16),
(1677, 1459817515, 1459817566, 0, 'yuqiuman', '', 34),
(1678, 1459819450, 1459819454, 0, 'dash', '', 58),
(1679, 1459943170, 1459943248, 0, 'yuqiuman', '', 34),
(1680, 1459990566, 1459990566, 0, 'huangxinyan', '', 29),
(1681, 1459997723, 1459997757, 0, '陈冠全', '', 24),
(1682, 1459999454, 1459999524, 0, '陈锦浩', '', 16),
(1683, 1460007986, 1460007986, 0, 'huangxinyan', '', 29),
(1684, 1460094434, 1460094434, 0, 'huangxinyan', '', 29),
(1685, 1460101447, 1460101640, 0, 'yuqiuman', '', 34),
(1686, 1460360381, 1460369908, 0, 'chenlizhun', '', 28),
(1687, 1460360604, 1460360665, 0, '方泽锋', '', 36),
(1688, 1460360691, 1460360723, 0, '魏子杰', '', 38),
(1689, 1460369958, 1460370005, 0, 'yuqiuman', '', 34),
(1690, 1460371900, 1460378207, 0, '杨书明', '', 43),
(1691, 1460374279, 1460374288, 0, '梁家俊', '', 15),
(1692, 1460422032, 1460422032, 0, 'huangxinyan', '', 29),
(1693, 1460422741, 1460422741, 0, '陈冠全', '', 24),
(1694, 1460444748, 1460445000, 0, 'chenlizhun', '', 28),
(1695, 1460452188, 1460456603, 0, '杨书明', '', 43),
(1696, 1460453255, 1460455626, 0, 'chenlizhun', '', 28),
(1697, 1460456403, 1460456472, 0, 'huangxinyan', '', 29),
(1698, 1460456756, 1460464754, 0, '杨书明', '', 43),
(1699, 1460516263, 1460516395, 0, 'dash', '', 58),
(1700, 1460518277, 1460626661, 0, 'chenlizhun', '', 28),
(1701, 1460518625, 1460518630, 0, '梁家俊', '', 15),
(1702, 1460521245, 1460521245, 0, 'huangxinyan', '', 29),
(1703, 1460545404, 1460550948, 0, '杨书明', '', 43),
(1704, 1460592945, 1460592950, 0, '梁家俊', '', 15),
(1705, 1460594626, 1460594704, 0, 'yuqiuman', '', 34),
(1706, 1460599110, 1461235658, 0, '陈锦浩', '', 16),
(1707, 1460599390, 1460599841, 0, '陆跃标', '', 19),
(1708, 1460600548, 1460600548, 0, 'liangjianfei', '', 40),
(1709, 1460604100, 1460604104, 0, '陆跃标', '', 19),
(1710, 1460605040, 1460605040, 0, '梁家俊', '', 15),
(1711, 1460626811, 1460626814, 0, 'chenlizhun', '', 28),
(1712, 1460631187, 1460637466, 0, '杨书明', '', 43),
(1713, 1460636337, 1460636381, 0, 'liangniguo', '', 39),
(1714, 1460692301, 1460710500, 0, 'chenlizhun', '', 28),
(1715, 1460700627, 1460700653, 0, '杨书明', '', 43),
(1716, 1460771076, 1460771076, 0, '蔡茵茵', '', 54),
(1717, 1460773225, 1460773278, 0, 'JimMing', '', 14),
(1718, 1460774849, 1460787046, 0, '杨书明', '', 43),
(1719, 1460892790, 1460892790, 0, '蔡茵茵', '', 54),
(1720, 1460937662, 1460937667, 0, '梁家俊', '', 15),
(1721, 1460938644, 1460963280, 0, 'chenlizhun', '', 28),
(1722, 1460938754, 1460985358, 0, '杨书明', '', 43),
(1723, 1460945485, 1460945507, 0, 'JimMing', '', 14),
(1724, 1460974430, 1460980052, 0, 'yuqiuman', '', 34),
(1725, 1460977420, 1460977424, 0, 'chenlizhun', '', 28),
(1726, 1460980339, 1460980967, 0, 'yuqiuman', '', 34),
(1727, 1461024982, 1461048903, 0, 'chenlizhun', '', 28),
(1728, 1461025180, 1461049227, 0, '杨书明', '', 43),
(1729, 1461058879, 1461067649, 0, 'yuqiuman', '', 34),
(1730, 1461071331, 1461071583, 0, '杨书明', '', 43),
(1731, 1461071827, 1461071833, 0, '梁家俊', '', 15),
(1732, 1461111480, 1461113485, 0, '杨书明', '', 43),
(1733, 1461111552, 1461146080, 0, 'chenlizhun', '', 28),
(1734, 1461115466, 1461158670, 0, '杨书明', '', 43),
(1735, 1461122929, 1461122933, 0, 'JimMing', '', 14),
(1736, 1461150213, 1461150263, 0, '方泽锋', '', 36),
(1737, 1461158273, 1461158273, 0, '蔡茵茵', '', 54),
(1738, 1461197925, 1461314658, 0, 'chenlizhun', '', 28),
(1739, 1461199704, 1461243656, 0, '杨书明', '', 43),
(1740, 1461227439, 1461227439, 0, 'huangxinyan', '', 29),
(1741, 1461239922, 1461241553, 0, 'yuqiuman', '', 34),
(1742, 1461283749, 1461318803, 0, '杨书明', '', 43),
(1743, 1461320395, 1461322459, 0, '杨书明', '', 43),
(1744, 1461370478, 1461388488, 0, '杨书明', '', 43),
(1745, 1461370585, 1461395554, 0, 'HLB', '', 35),
(1746, 1461370840, 1461381233, 0, 'chenlizhun', '', 28),
(1747, 1461371070, 1461395665, 0, 'yuqiuman', '', 34),
(1748, 1461371253, 1461379268, 0, '梁家俊', '', 15),
(1749, 1461371846, 1461371854, 0, '微小念', '', 37),
(1750, 1461371900, 1461384837, 0, '微小念', '', 37),
(1751, 1461372791, 1461381974, 0, 'liangjianfei', '', 40),
(1752, 1461372910, 1461373043, 0, '陈冠全', '', 24),
(1753, 1461373079, 1461384881, 0, '谢洪干', '', 18),
(1754, 1461373140, 1461373234, 0, '陆跃标', '', 19),
(1755, 1461373489, 1461373489, 0, '蔡茵茵', '', 54),
(1756, 1461373532, 1461373532, 0, '陈冠全', '', 24),
(1757, 1461373592, 1461376110, 0, 'huangxinyan', '', 29),
(1758, 1461375664, 1461383616, 0, '方泽锋', '', 36),
(1759, 1461375918, 1461383253, 0, '魏子杰', '', 38),
(1760, 1461375952, 1461383174, 0, 'liangniguo', '', 39),
(1761, 1461375972, 1461377737, 0, '陆跃标', '', 19),
(1762, 1461377478, 1461379716, 0, 'zhuzhushuo', '', 31),
(1763, 1461378165, 1461383453, 0, '陈冠全', '', 24),
(1764, 1461378357, 1461378381, 0, '陆跃标', '', 19),
(1765, 1461379047, 1461381233, 0, 'chenlizhun', '', 28),
(1766, 1461379957, 1461379973, 0, '陆跃标', '', 19),
(1767, 1461384701, 1461384757, 0, '陆跃标', '', 19),
(1768, 1461384883, 1461384896, 0, '谢洪干', '', 18),
(1769, 1461384996, 1461385079, 0, '蔡茵茵', '', 54),
(1770, 1461385069, 1461385885, 0, 'huangxinyan', '', 29),
(1771, 1461387136, 1461387208, 0, '陆跃标', '', 19),
(1772, 1461391882, 1461393924, 0, 'chenlizhun', '', 28),
(1773, 1461394288, 1461394339, 0, '微小念', '', 37),
(1774, 1461394411, 1461566377, 0, 'chenlizhun', '', 28),
(1775, 1461395171, 1461396079, 0, '杨书明', '', 43),
(1776, 1461397144, 1461417863, 0, '杨书明', '', 43),
(1777, 1461467057, 1461467077, 0, '陆跃标', '', 19),
(1778, 1461469512, 1461469732, 0, '梁家俊', '', 15),
(1779, 1461498364, 1461498405, 0, '谢洪干', '', 18),
(1780, 1461542782, 1461565788, 0, '杨书明', '', 43),
(1781, 1461559861, 1461559907, 0, '方泽锋', '', 36),
(1782, 1461575606, 1461575606, 0, '方泽锋', '', 36),
(1783, 1461579050, 1461579588, 0, 'yuqiuman', '', 34),
(1784, 1461584997, 1461584997, 0, '蔡茵茵', '', 54),
(1785, 1461629740, 1461673098, 0, '杨书明', '', 43),
(1786, 1461630268, 1461642796, 0, 'chenlizhun', '', 28),
(1787, 1461660010, 1461660041, 0, 'liangjianfei', '', 40),
(1788, 1461677013, 1461677013, 0, '蔡茵茵', '', 54),
(1789, 1461715334, 1461715880, 0, 'yuqiuman', '', 34),
(1790, 1461715979, 1461743415, 0, 'chenlizhun', '', 28),
(1791, 1461716226, 1461716226, 0, '杨书明', '', 43),
(1792, 1461716267, 1461738178, 0, '杨书明', '', 43),
(1793, 1461730997, 1461731013, 0, '陈冠全', '', 24),
(1794, 1461734870, 1461734903, 0, '陈冠全', '', 24),
(1795, 1461743427, 1461748360, 0, 'chenlizhun', '', 28),
(1796, 1461744914, 1461759680, 0, '杨书明', '', 43),
(1797, 1461752169, 1461758194, 0, 'yuqiuman', '', 34),
(1798, 1461801770, 1461845986, 0, '杨书明', '', 43),
(1799, 1461827901, 1461828031, 0, '微小念', '', 37),
(1800, 1461828031, 1461828045, 0, '微小念', '', 37),
(1801, 1461888239, 1461935075, 0, '杨书明', '', 43),
(1802, 1461896051, 1461910342, 0, 'chenlizhun', '', 28),
(1803, 1462234885, 1462234887, 0, 'JimMing', '', 14),
(1804, 1462234895, 1462237959, 0, 'chenlizhun', '', 28),
(1805, 1462234966, 1462282099, 0, '杨书明', '', 43),
(1806, 1462238690, 1462238735, 0, '陈锦浩', '', 16),
(1807, 1462243022, 1462269571, 0, 'chenlizhun', '', 28),
(1808, 1462254861, 1462254861, 0, 'liangjianfei', '', 40),
(1809, 1462320325, 1462364108, 0, '杨书明', '', 43),
(1810, 1462320823, 1462321347, 0, 'yuqiuman', '', 34),
(1811, 1462321052, 1462351582, 0, 'chenlizhun', '', 28),
(1812, 1462329669, 1462329678, 0, 'dash', '', 58),
(1813, 1462329716, 1462330103, 0, 'dash', '', 58),
(1814, 1462341691, 1462341691, 0, '魏子杰', '', 38),
(1815, 1462368594, 1462368630, 0, '杨书明', '', 43),
(1816, 1462407447, 1462450789, 0, '杨书明', '', 43),
(1817, 1462407543, 1462456620, 0, 'chenlizhun', '', 28),
(1818, 1462442980, 1462443154, 0, 'yuqiuman', '', 34),
(1819, 1462493250, 1462536812, 0, '杨书明', '', 43),
(1820, 1462529549, 1462529626, 0, '陆跃标', '', 19),
(1821, 1462580868, 1462581025, 0, 'chenlizhun', '', 28),
(1822, 1462581157, 1462584563, 0, 'chenlizhun', '', 28),
(1823, 1462581422, 1462623420, 0, '杨书明', '', 43),
(1824, 1462582134, 1462598318, 0, '微小念', '', 37),
(1825, 1462582427, 1462601444, 0, 'yuqiuman', '', 34),
(1826, 1462582526, 1462594810, 0, '谢洪干', '', 18),
(1827, 1462582531, 1462582531, 0, '蔡茵茵', '', 54),
(1828, 1462582557, 1462592876, 0, 'liangjianfei', '', 40),
(1829, 1462582604, 1462601312, 0, 'HLB', '', 35),
(1830, 1462584601, 1462590941, 0, '魏子杰', '', 38),
(1831, 1462584621, 1462584785, 0, '陆跃标', '', 19),
(1832, 1462584621, 1462592820, 0, 'liangniguo', '', 39),
(1833, 1462584628, 1462584676, 0, '陈冠全', '', 24),
(1834, 1462584641, 1462601440, 0, '蔡茵茵', '', 54),
(1835, 1462584647, 1462596242, 0, 'huangxinyan', '', 29),
(1836, 1462584734, 1462584841, 0, '罗锐文', '', 25),
(1837, 1462584927, 1462593039, 0, '陈冠全', '', 24),
(1838, 1462584938, 1462594596, 0, '罗锐文', '', 25),
(1839, 1462587399, 1462590889, 0, '方泽锋', '', 36),
(1840, 1462607787, 1462607847, 0, 'chenlizhun', '', 28),
(1841, 1462623999, 1462624600, 0, '杨书明', '', 43),
(1842, 1462752236, 1462800961, 0, '杨书明', '', 43),
(1843, 1462753877, 1463037725, 0, 'chenlizhun', '', 28),
(1844, 1462754930, 1462760499, 0, '梁家俊', '', 15),
(1845, 1462761185, 1462761519, 0, 'zhuzhushuo', '', 31),
(1846, 1462761300, 1462761537, 0, '谢洪干', '', 18),
(1847, 1462761549, 1462761574, 0, 'zhuzhushuo', '', 31),
(1848, 1462761663, 1462761680, 0, 'zhuzhushuo', '', 31),
(1849, 1462773062, 1462773727, 0, '陈冠全', '', 24),
(1850, 1462779686, 1462779932, 0, '微小念', '', 37),
(1851, 1462780559, 1462780575, 0, 'liangjianfei', '', 40),
(1852, 1462790298, 1462790782, 0, 'yuqiuman', '', 34),
(1853, 1462800098, 1462800102, 0, 'yuqiuman', '', 34),
(1854, 1462839010, 1462887740, 0, '杨书明', '', 43),
(1855, 1462874739, 1462886124, 0, 'yuqiuman', '', 34),
(1856, 1462880584, 1462880641, 0, 'huangxinyan', '', 29),
(1857, 1462881903, 1462882091, 0, '蔡茵茵', '', 54),
(1858, 1462925042, 1462972658, 0, '杨书明', '', 43),
(1859, 1462925231, 1462926641, 0, '梁家俊', '', 15),
(1860, 1462925327, 1462938824, 0, 'JimMing', '', 14),
(1861, 1462925790, 1463379367, 0, '陈锦浩', '', 16),
(1862, 1462926706, 1462926711, 0, '谢贵', '', 20),
(1863, 1462964986, 1462964990, 0, '蔡茵茵', '', 54),
(1864, 1462966745, 1462966745, 0, '蔡茵茵', '', 54),
(1865, 1463011611, 1463047502, 0, '杨书明', '', 43),
(1866, 1463013847, 1463013847, 0, 'huangxinyan', '', 29),
(1867, 1463037920, 1463037949, 0, 'liangjianfei', '', 40),
(1868, 1463047805, 1463047805, 0, 'yuqiuman', '', 34),
(1869, 1463098633, 1463102045, 0, 'chenlizhun', '', 28),
(1870, 1463099657, 1463143731, 0, '杨书明', '', 43),
(1871, 1463102580, 1463129856, 0, 'chenlizhun', '', 28),
(1872, 1463122915, 1463122915, 0, 'liangjianfei', '', 40),
(1873, 1463145780, 1463145803, 0, '陆跃标', '', 19),
(1874, 1463147321, 1463147368, 0, '陆跃标', '', 19),
(1875, 1463184915, 1463186772, 0, '杨书明', '', 43),
(1876, 1463193583, 1463233732, 0, '杨书明', '', 43),
(1877, 1463227333, 1463227400, 0, 'liangniguo', '', 39),
(1878, 1463227844, 1463366785, 0, '谢洪干', '', 18),
(1879, 1463310946, 1463316690, 0, '微小念', '', 37),
(1880, 1463357083, 1463392245, 0, '杨书明', '', 43),
(1881, 1463360836, 1463363893, 0, 'chenlizhun', '', 28),
(1882, 1463363923, 1463394654, 0, 'chenlizhun', '', 28),
(1883, 1463367487, 1463367488, 0, '谢洪干', '', 18),
(1884, 1463367488, 1463367492, 0, '谢洪干', '', 18),
(1885, 1463367492, 1463381156, 0, '谢洪干', '', 18),
(1886, 1463377661, 1463377661, 0, 'huangxinyan', '', 29),
(1887, 1463381181, 1463383869, 0, 'zhuzhushuo', '', 31),
(1888, 1463383877, 1463383892, 0, '谢洪干', '', 18),
(1889, 1463390319, 1463396722, 0, '微小念', '', 37),
(1890, 1463395561, 1463404200, 0, 'yuqiuman', '', 34),
(1891, 1463397634, 1463404475, 0, '蔡茵茵', '', 54),
(1892, 1463399552, 1463405295, 0, 'liangniguo', '', 39),
(1893, 1463402825, 1463404565, 0, '杨书明', '', 43),
(1894, 1463402919, 1463403063, 0, '方泽锋', '', 36),
(1895, 1463443366, 1463443556, 0, '杨书明', '', 43),
(1896, 1463443591, 1463443591, 0, '蔡茵茵', '', 54),
(1897, 1463445087, 1463491359, 0, '杨书明', '', 43),
(1898, 1463445865, 1463445890, 0, 'huangxinyan', '', 29),
(1899, 1463456204, 1463618988, 0, 'chenlizhun', '', 28),
(1900, 1463456411, 1463456439, 0, '陈冠全', '', 24),
(1901, 1463466556, 1463466782, 0, 'liangniguo', '', 39),
(1902, 1463484712, 1463484712, 0, 'huangxinyan', '', 29),
(1903, 1463485501, 1463485966, 0, 'huangxinyan', '', 29),
(1904, 1463491903, 1463492404, 0, '谢洪干', '', 18),
(1905, 1463529557, 1463532979, 0, 'yuqiuman', '', 34),
(1906, 1463529726, 1463578036, 0, '杨书明', '', 43),
(1907, 1463545482, 1463545508, 0, 'huangxinyan', '', 29),
(1908, 1463545974, 1463545974, 0, '陈冠全', '', 24),
(1909, 1463545979, 1463545979, 0, 'huangxinyan', '', 29),
(1910, 1463559100, 1463559132, 0, '陈冠全', '', 24),
(1911, 1463559191, 1463559223, 0, '陈冠全', '', 24),
(1912, 1463570117, 1463576384, 0, '蔡茵茵', '', 54),
(1913, 1463616699, 1463664547, 0, '杨书明', '', 43),
(1914, 1463619043, 1463619199, 0, 'huangxinyan', '', 29),
(1915, 1463619264, 1463624707, 0, 'huangxinyan', '', 29),
(1916, 1463619482, 1463619482, 0, '陈冠全', '', 24),
(1917, 1463620665, 1463620667, 0, '陈冠全', '', 24),
(1918, 1463628907, 1463628939, 0, '陈冠全', '', 24),
(1919, 1463636562, 1463636562, 0, 'huangxinyan', '', 29),
(1920, 1463657055, 1463657282, 0, '蔡茵茵', '', 54),
(1921, 1463703061, 1463743114, 0, '杨书明', '', 43),
(1922, 1463712647, 1463713142, 0, '陆跃标', '', 19),
(1923, 1463726850, 1463727262, 0, '方泽锋', '', 36),
(1924, 1463729477, 1463729522, 0, '魏子杰', '', 38),
(1925, 1463732975, 1463733061, 0, '魏子杰', '', 38),
(1926, 1463740310, 1463740360, 0, '陆跃标', '', 19),
(1927, 1463748241, 1463748256, 0, '陆跃标', '', 19),
(1928, 1463790163, 1463966779, 0, '陈锦浩', '', 16),
(1929, 1463790591, 1463813268, 0, 'yuqiuman', '', 34),
(1930, 1463790885, 1463822978, 0, '杨书明', '', 43),
(1931, 1463791425, 1463804332, 0, 'liangjianfei', '', 40),
(1932, 1463791653, 1463795454, 0, 'JimMing', '', 14),
(1933, 1463791956, 1463791972, 0, '陈冠全', '', 24),
(1934, 1463792026, 1463810326, 0, '蔡茵茵', '', 54),
(1935, 1463792054, 1463804592, 0, '罗锐文', '', 25),
(1936, 1463792134, 1463792814, 0, '陈冠全', '', 24),
(1937, 1463792441, 1463804219, 0, 'huangxinyan', '', 29),
(1938, 1463792496, 1463792499, 0, '陆跃标', '', 19),
(1939, 1463792591, 1463811641, 0, 'HLB', '', 35),
(1940, 1463792646, 1463792915, 0, '谢贵', '', 20),
(1941, 1463792697, 1463792705, 0, 'liangniguo', '', 39),
(1942, 1463792931, 1463792931, 0, '方泽锋', '', 36),
(1943, 1463795459, 1463966008, 0, 'test', '', 66),
(1944, 1463796063, 1463966008, 0, 'test', '', 66),
(1945, 1463796506, 1463796631, 0, 'chenlizhun', '', 28),
(1946, 1463798001, 1463798035, 0, '谢贵', '', 20),
(1947, 1463798046, 1463798978, 0, 'chenlizhun', '', 28),
(1948, 1463799008, 1463799626, 0, '梁家俊', '', 15),
(1949, 1463804174, 1463804174, 0, '魏子杰', '', 38),
(1950, 1463810372, 1463810405, 0, '蔡茵茵', '', 54),
(1951, 1463811792, 1463811792, 0, '陆跃标', '', 19),
(1952, 1463812763, 1463815907, 0, 'chenlizhun', '', 28),
(1953, 1463921559, 1463921580, 0, 'liangniguo', '', 39),
(1954, 1463921925, 1463921948, 0, '陆跃标', '', 19),
(1955, 1463962117, 1464009377, 0, '杨书明', '', 43),
(1956, 1463963386, 1463966897, 0, 'chenlizhun', '', 28),
(1957, 1463966016, 1463966021, 0, 'JimMing', '', 14),
(1958, 1463981667, 1463981667, 0, 'huangxinyan', '', 29),
(1959, 1463982184, 1463982202, 0, 'huangxinyan', '', 29),
(1960, 1463987600, 1463990988, 0, 'yuqiuman', '', 34),
(1961, 1464002491, 1464002491, 0, '蔡茵茵', '', 54),
(1962, 1464047999, 1464096714, 0, '杨书明', '', 43),
(1963, 1464049374, 1464049374, 0, '蔡茵茵', '', 54),
(1964, 1464050637, 1464050637, 0, 'huangxinyan', '', 29),
(1965, 1464056844, 1464056844, 0, '陈冠全', '', 24),
(1966, 1464057752, 1464057763, 0, 'chenlizhun', '', 28),
(1967, 1464057810, 1464057874, 0, 'chenlizhun', '', 28),
(1968, 1464079948, 1464079948, 0, '方泽锋', '', 36),
(1969, 1464089081, 1464089081, 0, '蔡茵茵', '', 54),
(1970, 1464092028, 1464092561, 0, 'liangniguo', '', 39),
(1971, 1464134399, 1464137402, 0, '杨书明', '', 43),
(1972, 1464135423, 1464136246, 0, 'yuqiuman', '', 34),
(1973, 1464139750, 1464141140, 0, '杨书明', '', 43),
(1974, 1464149837, 1464149837, 0, '陈冠全', '', 24),
(1975, 1464149914, 1464149914, 0, 'huangxinyan', '', 29),
(1976, 1464150009, 1464150014, 0, 'huangxinyan', '', 29);
INSERT INTO `sign` (`id`, `datetime1`, `datetime2`, `onetime`, `name`, `content`, `user_id`) VALUES
(1977, 1464163677, 1464163677, 0, '陈冠全', '', 24),
(1978, 1464573293, 1464573300, 0, 'JimMing', '', 14),
(1979, 1464587449, 1464588313, 0, 'liangjianfei', '', 40),
(1980, 1464590184, 1464597622, 0, 'chenlizhun', '', 28),
(1981, 1464653107, 1464699468, 0, '杨书明', '', 43),
(1982, 1464654566, 1464661138, 0, 'chenlizhun', '', 28),
(1983, 1464663120, 1464663158, 0, 'huangxinyan', '', 29),
(1984, 1464678523, 1464678570, 0, 'yuqiuman', '', 34),
(1985, 1464740417, 1464745129, 0, '杨书明', '', 43),
(1986, 1464746349, 1464769171, 0, 'chenlizhun', '', 28),
(1987, 1464755512, 1464755512, 0, 'huangxinyan', '', 29),
(1988, 1464776314, 1464776314, 0, 'huangxinyan', '', 29),
(1989, 1464783443, 1464787819, 0, '杨书明', '', 43),
(1990, 1464825785, 1464844230, 0, '杨书明', '', 43),
(1991, 1464829152, 1464829152, 0, 'huangxinyan', '', 29),
(1992, 1464831617, 1464839798, 0, 'chenlizhun', '', 28),
(1993, 1464838515, 1464838523, 0, 'JimMing', '', 14),
(1994, 1464839049, 1464839867, 0, '陈锦浩', '', 16),
(1995, 1464840085, 1464840126, 0, 'yuqiuman', '', 34),
(1996, 1464848164, 1464848256, 0, 'yuqiuman', '', 34),
(1997, 1464850536, 1464851281, 0, 'yuqiuman', '', 34),
(1998, 1464852380, 1464852380, 0, '陈冠全', '', 24),
(1999, 1464863968, 1464865796, 0, 'yuqiuman', '', 34),
(2000, 1464864252, 1464866790, 0, '梁家俊', '', 15),
(2001, 1464912329, 1464912332, 0, '杨书明', '', 43),
(2002, 1464915486, 1464915777, 0, 'JimMing', '', 14),
(2003, 1464916885, 1464920967, 0, 'JimMing', '', 14),
(2004, 1464957452, 1464957459, 0, '陆跃标', '', 19),
(2005, 1464957715, 1464957729, 0, 'yuqiuman', '', 34),
(2006, 1464998831, 1465004793, 0, '杨书明', '', 43),
(2007, 1464999408, 1465014321, 0, 'HLB', '', 35),
(2008, 1465001154, 1465019739, 0, 'yuqiuman', '', 34),
(2009, 1465001501, 1465001501, 0, 'chenlizhun', '', 28),
(2010, 1465001572, 1465005351, 0, '方泽锋', '', 36),
(2011, 1465001639, 1465002911, 0, 'liangjianfei', '', 40),
(2012, 1465001652, 1465001877, 0, '蔡茵茵', '', 54),
(2013, 1465001682, 1465001747, 0, '陈冠全', '', 24),
(2014, 1465001697, 1465001931, 0, '罗锐文', '', 25),
(2015, 1465001902, 1465006573, 0, 'huangxinyan', '', 29),
(2016, 1465002959, 1465002964, 0, 'liangniguo', '', 39),
(2017, 1465004750, 1465010943, 0, 'liangniguo', '', 39),
(2018, 1465004831, 1465007673, 0, '陈冠全', '', 24),
(2019, 1465005583, 1465005803, 0, 'liangjianfei', '', 40),
(2020, 1465005757, 1465006233, 0, 'chenlizhun', '', 28),
(2021, 1465006144, 1465013795, 0, 'liangjianfei', '', 40),
(2022, 1465006439, 1465006444, 0, '陈锦浩', '', 16),
(2023, 1465008088, 1465008098, 0, '陈冠全', '', 24),
(2024, 1465008918, 1465011427, 0, '罗锐文', '', 25),
(2025, 1465014053, 1465014080, 0, '陆跃标', '', 19),
(2026, 1465014347, 1465014365, 0, '方泽锋', '', 36),
(2027, 1465014424, 1465014460, 0, '魏子杰', '', 38),
(2028, 1465019175, 1465019643, 0, '蔡茵茵', '', 54),
(2029, 1465120340, 1465120620, 0, 'liangniguo', '', 39),
(2030, 1465171336, 1465171336, 0, '杨书明', '', 43),
(2031, 1465194645, 1465201760, 0, 'chenlizhun', '', 28),
(2032, 1465279466, 1465279492, 0, 'liangjianfei', '', 40),
(2033, 1465282505, 1465283252, 0, '陆跃标', '', 19),
(2034, 1465301033, 1465301072, 0, 'liangniguo', '', 39),
(2035, 1465306312, 1465306319, 0, 'liangniguo', '', 39),
(2036, 1465348172, 1465348172, 0, '方泽锋', '', 36),
(2037, 1465349492, 1465355065, 0, 'yuqiuman', '', 34),
(2038, 1465353521, 1465377066, 0, 'chenlizhun', '', 28),
(2039, 1465360226, 1465360231, 0, '陈冠全', '', 24),
(2040, 1465360941, 1465360947, 0, '陈冠全', '', 24),
(2041, 1465362534, 1465362534, 0, '陈冠全', '', 24),
(2042, 1465362801, 1465362815, 0, 'huangxinyan', '', 29),
(2043, 1465372054, 1465372054, 0, '陈冠全', '', 24),
(2044, 1465386839, 1465386844, 0, 'JimMing', '', 14),
(2045, 1465795378, 1465795378, 0, 'liangjianfei', '', 40),
(2046, 1465803009, 1465803009, 0, '蔡茵茵', '', 54),
(2047, 1465863063, 1465863063, 0, '蔡茵茵', '', 54),
(2048, 1465868200, 1465868200, 0, '陈冠全', '', 24),
(2049, 1465869160, 1465869160, 0, '陈冠全', '', 24),
(2050, 1465904523, 1465904523, 0, '蔡茵茵', '', 54),
(2051, 1465909914, 1465909920, 0, '梁家俊', '', 15),
(2052, 1465948735, 1465949796, 0, 'yuqiuman', '', 34),
(2053, 1465949077, 1465950779, 0, 'liangjianfei', '', 40),
(2054, 1465970403, 1465970416, 0, '陈冠全', '', 24),
(2055, 1465990572, 1465995188, 0, '蔡茵茵', '', 54),
(2056, 1465997807, 1465997836, 0, '陆跃标', '', 19),
(2057, 1466052988, 1466052998, 0, '谢洪干', '', 18),
(2058, 1466647933, 1466647970, 0, 'yuqiuman', '', 34),
(2059, 1466988615, 1466995350, 0, 'yuqiuman', '', 34),
(2060, 1466990950, 1467164882, 0, '陈锦浩', '', 16),
(2061, 1467025773, 1467025800, 0, '陆跃标', '', 19),
(2062, 1467078245, 1467078245, 0, '陈冠全', '', 24),
(2063, 1467080876, 1467081083, 0, 'yuqiuman', '', 34),
(2064, 1467158552, 1467160463, 0, 'yuqiuman', '', 34),
(2065, 1467175031, 1467175031, 0, '陈冠全', '', 24),
(2066, 1467261803, 1467261803, 0, '谢洪干', '', 18),
(2067, 1467355358, 1467355569, 0, 'yuqiuman', '', 34),
(2068, 1467594406, 1467594554, 0, '谢洪干', '', 18),
(2069, 1467595590, 1467595676, 0, 'chenlizhun', '', 28),
(2070, 1468674479, 1468674504, 0, '梁家俊', '', 15),
(2071, 1468727130, 1468727130, 0, '梁家俊', '', 15),
(2072, 1468729605, 1468729693, 0, 'JimMing', '', 14),
(2073, 1468734258, 1468735193, 0, 'chenlizhun', '', 28),
(2074, 1468802501, 1468887593, 0, 'JimMing', '', 14),
(2075, 1468803423, 1468803439, 0, '梁家俊', '', 15),
(2076, 1468827090, 1468832246, 0, '杨书明', '', 43),
(2077, 1468827134, 1469179599, 0, '谢贵', '', 20),
(2078, 1468827251, 1468893506, 0, '梁家俊', '', 15),
(2079, 1468827315, 1468828908, 0, 'chenlizhun', '', 28),
(2080, 1468829144, 1468834226, 0, 'chenlizhun', '', 28),
(2081, 1468835154, 1468835161, 0, '杨书明', '', 43),
(2082, 1468887642, 1468921870, 0, '陈锦浩', '', 16),
(2083, 1468889731, 1468889968, 0, '杨书明', '', 43),
(2084, 1468890990, 1469004431, 0, 'chenlizhun', '', 28),
(2085, 1468893509, 1468983862, 0, '梁家俊', '', 15),
(2086, 1468899719, 1468899719, 0, 'liangniguo', '', 39),
(2087, 1468988400, 1469000714, 0, 'JimMing', '', 14),
(2088, 1469069524, 1469069542, 0, 'chenlizhun', '', 28),
(2089, 1469070543, 1469107799, 0, 'liangniguo', '', 39),
(2090, 1469158453, 1469158453, 0, 'liangniguo', '', 39),
(2091, 1469158492, 1469158495, 0, 'liangniguo', '', 39),
(2092, 1469511815, 1469519351, 0, 'chenlizhun', '', 28),
(2093, 1469513187, 1469605769, 0, '梁家俊', '', 15),
(2094, 1469525198, 1469527381, 0, '杨书明', '', 43),
(2095, 1469586431, 1469690556, 0, 'JimMing', '', 14),
(2096, 1469605903, 1469666398, 0, '谢贵', '', 20),
(2097, 1469608294, 1469608531, 0, '杨书明', '', 43),
(2098, 1469698697, 1469698700, 0, '梁家俊', '', 15),
(2099, 1469750711, 1469750714, 0, '杨书明', '', 43),
(2100, 1469842962, 1469868289, 0, 'chenlizhun', '', 28),
(2101, 1469844245, 1469844247, 0, '杨书明', '', 43),
(2102, 1469845228, 1469845230, 0, '梁家俊', '', 15),
(2103, 1469927750, 1469927750, 0, 'chenlizhun', '', 28),
(2104, 1469930235, 1469942196, 0, 'chenlizhun', '', 28),
(2105, 1470013400, 1470013619, 0, '梁家俊', '', 15),
(2106, 1470014164, 1470377699, 0, '谢贵', '', 20),
(2107, 1470105408, 1470127201, 0, '梁家俊', '', 15),
(2108, 1470105651, 1470112382, 0, 'chenlizhun', '', 28),
(2109, 1470105722, 1470107535, 0, '杨书明', '', 43),
(2110, 1470184001, 1470186073, 0, 'chenlizhun', '', 28),
(2111, 1470186076, 1470186079, 0, 'chenlizhun', '', 28),
(2112, 1470186232, 1470186420, 0, 'chenlizhun', '', 28),
(2113, 1470186519, 1470188090, 0, 'chenlizhun', '', 28),
(2114, 1470188093, 1470188693, 0, 'chenlizhun', '', 28),
(2115, 1470188719, 1470190890, 0, 'chenlizhun', '', 28),
(2116, 1470206550, 1470206933, 0, 'dash', '', 58),
(2117, 1470206940, 1470206963, 0, 'dash', '', 58),
(2118, 1470280134, 1470280233, 0, 'JimMing', '', 14),
(2119, 1470280697, 1470280746, 0, '杨书明', '', 43),
(2120, 1470316458, 1470316460, 0, '梁家俊', '', 15),
(2121, 1470388863, 1470388865, 0, 'JimMing', '', 14),
(2122, 1470444752, 1470444756, 0, '杨书明', '', 43),
(2123, 1470454586, 1470454588, 0, 'JimMing', '', 14),
(2124, 1470466342, 1470471592, 0, 'dash', '', 58),
(2125, 1470478717, 1470478717, 0, '梁家俊', '', 15),
(2126, 1470530299, 1470532263, 0, 'dash', '', 58),
(2127, 1470533884, 1470556179, 0, 'dash', '', 58),
(2128, 1470578759, 1470578768, 0, 'dash', '', 58),
(2129, 1470580521, 1470583078, 0, 'dash', '', 58),
(2130, 1471308767, 1471308769, 0, '梁家俊', '', 15),
(2131, 1471308858, 1471308860, 0, 'JimMing', '', 14),
(2132, 1471335696, 1471335705, 0, 'chenlizhun', '', 28),
(2133, 1471424377, 1471424377, 0, 'liangniguo', '', 39),
(2134, 1471571661, 1471572246, 0, '梁家俊', '', 15),
(2135, 1471829176, 1471829303, 0, '杨书明', '', 43),
(2136, 1471865381, 1471866043, 0, '梁家俊', '', 15),
(2137, 1471914089, 1471941625, 0, 'dash', '', 58),
(2138, 1471917255, 1471917255, 0, 'liangniguo', '', 39),
(2139, 1471917273, 1471917276, 0, '杨书明', '', 43),
(2140, 1471917287, 1471917287, 0, '谢贵', '', 20),
(2141, 1471918907, 1471920163, 0, 'ming', '', 68),
(2142, 1471923625, 1471923631, 0, 'chenlizhun', '', 28),
(2143, 1471941653, 1471941662, 0, 'dash', '', 58),
(2144, 1471956260, 1471956507, 0, 'ming', '', 68),
(2145, 1471956601, 1471997217, 0, '梁家俊', '', 15),
(2146, 1471997219, 1471997223, 0, '梁家俊', '', 15),
(2147, 1471998205, 1472042677, 0, 'JimMing', '', 14),
(2148, 1471998310, 1471998310, 0, '杨书明', '', 43),
(2149, 1472000689, 1472031088, 0, 'liangniguo', '', 39),
(2150, 1472029125, 1472029157, 0, 'dash', '', 58),
(2151, 1472029163, 1472029312, 0, 'dash', '', 58),
(2152, 1472029328, 1472029397, 0, 'ming', '', 68),
(2153, 1472029404, 1472029886, 0, 'dash', '', 58),
(2154, 1472031172, 1472031172, 0, 'ming', '', 68),
(2155, 1472086002, 1472095706, 0, 'chenlizhun', '', 28),
(2156, 1472086030, 1472086063, 0, 'ming', '', 68),
(2157, 1472086442, 1472095706, 0, 'chenlizhun', '', 28),
(2158, 1472088097, 1472088137, 0, '杨书明', '', 43),
(2159, 1472095721, 1472095732, 0, 'ming', '', 68),
(2160, 1472095735, 1472096024, 0, 'chenlizhun', '', 28),
(2161, 1472121736, 1472121740, 0, 'chenlizhun', '', 28),
(2162, 1472171421, 1472171464, 0, 'liangniguo', '', 39),
(2163, 1472171603, 1472171662, 0, 'ming', '', 68),
(2164, 1472173047, 1472173134, 0, 'chenlizhun', '', 28),
(2165, 1472218870, 1472256953, 0, '梁家俊', '', 15),
(2166, 1472256099, 1472256115, 0, 'liangniguo', '', 39),
(2167, 1472256962, 1472256966, 0, '谢贵', '', 20),
(2168, 1472257666, 1472257795, 0, 'chenlizhun', '', 28),
(2169, 1472264330, 1472298750, 0, '梁家俊', '', 15),
(2170, 1472264345, 1472264345, 0, 'JimMing', '', 14),
(2171, 1472264347, 1472302143, 0, '杨书明', '', 43),
(2172, 1472264354, 1472264354, 0, 'ming', '', 68),
(2173, 1472264366, 1472264375, 0, 'liangniguo', '', 39),
(2174, 1472264499, 1472280739, 0, 'chenlizhun', '', 28),
(2175, 1472298677, 1472298677, 0, 'JimMing', '', 14),
(2176, 1472298678, 1472298678, 0, '谢贵', '', 20),
(2177, 1472298744, 1472298746, 0, '谢贵', '', 20),
(2178, 1472298758, 1472298761, 0, 'ming', '', 68),
(2179, 1472298761, 1472298787, 0, 'JimMing', '', 14),
(2180, 1472298764, 1472298766, 0, 'ming', '', 68),
(2181, 1472298770, 1472298772, 0, 'ming', '', 68),
(2182, 1472302155, 1472302160, 0, '杨书明', '', 43),
(2183, 1472304895, 1472304898, 0, 'liangniguo', '', 39),
(2184, 1472386918, 1472391670, 0, 'liangniguo', '', 39),
(2185, 1472428804, 1472428804, 0, 'ming', '', 68),
(2186, 1472429248, 1472429344, 0, 'liangniguo', '', 39),
(2187, 1472429684, 1472429690, 0, 'JimMing', '', 14),
(2188, 1472429698, 1472429698, 0, '谢贵', '', 20),
(2189, 1472429758, 1472554842, 0, '杨书明', '', 43),
(2190, 1472429766, 1472429769, 0, '梁家俊', '', 15),
(2191, 1472477432, 1472477436, 0, 'JimMing', '', 14),
(2192, 1472478300, 1472478301, 0, '杨书明', '', 43),
(2193, 1472478384, 1472478386, 0, '梁家俊', '', 15),
(2194, 1472478455, 1472478460, 0, 'liangniguo', '', 39),
(2195, 1472478480, 1472478481, 0, 'liangniguo', '', 39),
(2196, 1472515322, 1472515323, 0, 'JimMing', '', 14),
(2197, 1472515370, 1472515370, 0, 'ming', '', 68),
(2198, 1472515387, 1472554842, 0, '杨书明', '', 43),
(2199, 1472515401, 1472519329, 0, '梁家俊', '', 15),
(2200, 1472515440, 1472564557, 0, '谢贵', '', 20),
(2201, 1472515596, 1472515605, 0, 'liangniguo', '', 39),
(2202, 1472520907, 1472602799, 0, 'JimMing', '', 14),
(2203, 1472538782, 1472540126, 0, 'chenlizhun', '', 28),
(2204, 1472540390, 1472540391, 0, 'dash', '', 58),
(2205, 1472545440, 1472545553, 0, '梁家俊', '', 15),
(2206, 1472562755, 1472562867, 0, '杨书明', '', 43),
(2207, 1472563070, 1472563071, 0, 'ming', '', 68),
(2208, 1472563074, 1472563075, 0, 'ming', '', 68),
(2209, 1472564554, 1472564556, 0, '杨书明', '', 43),
(2210, 1472564868, 1472564869, 0, 'liangniguo', '', 39),
(2211, 1472601507, 1472601516, 0, '杨书明', '', 43),
(2212, 1472601522, 1472602318, 0, '梁家俊', '', 15),
(2213, 1472601646, 1472601649, 0, 'liangniguo', '', 39),
(2214, 1472601755, 1472651226, 0, '谢贵', '', 20),
(2215, 1472601937, 1472601937, 0, 'ming', '', 68),
(2216, 1472602812, 1472602873, 0, 'JimMing', '', 14),
(2217, 1472606741, 1472608735, 0, '梁家俊', '', 15),
(2218, 1472646965, 1472646969, 0, '杨书明', '', 43),
(2219, 1472651325, 1472651326, 0, '梁家俊', '', 15),
(2220, 1472651529, 1472651531, 0, 'JimMing', '', 14),
(2221, 1472687911, 1472688328, 0, '梁家俊', '', 15),
(2222, 1472687968, 1472688639, 0, 'liangniguo', '', 39),
(2223, 1472688083, 1472688086, 0, '谢贵', '', 20),
(2224, 1472688463, 1472689300, 0, '杨书明', '', 43),
(2225, 1472688846, 1472688846, 0, 'ming', '', 68),
(2226, 1472689634, 1472717076, 0, 'JimMing', '', 14),
(2227, 1472716854, 1472716862, 0, 'chenlizhun', '', 28),
(2228, 1472731626, 1472731661, 0, '杨书明', '', 43),
(2229, 1472737032, 1472737034, 0, 'JimMing', '', 14),
(2230, 1472737114, 1472737119, 0, '梁家俊', '', 15),
(2231, 1472737966, 1472737968, 0, '谢贵', '', 20),
(2232, 1472774530, 1472774530, 0, 'liangniguo', '', 39),
(2233, 1472774851, 1472774851, 0, '杨书明', '', 43),
(2234, 1472774865, 1472774866, 0, 'ming', '', 68),
(2235, 1472774878, 1472774879, 0, 'JimMing', '', 14),
(2236, 1472775973, 1472775977, 0, '梁家俊', '', 15),
(2237, 1472776012, 1472776095, 0, '梁家俊', '', 15),
(2238, 1472776215, 1472776254, 0, '梁家俊', '', 15),
(2239, 1472777776, 1472777778, 0, '谢贵', '', 20),
(2240, 1472778518, 1472791739, 0, '梁家俊', '', 15),
(2241, 1472822278, 1472822319, 0, '杨书明', '', 43),
(2242, 1472822772, 1472822800, 0, '杨书明', '', 43),
(2243, 1472822876, 1472822878, 0, 'liangniguo', '', 39),
(2244, 1472822905, 1472822907, 0, 'ming', '', 68),
(2245, 1472822910, 1472822911, 0, 'ming', '', 68),
(2246, 1472823000, 1472823002, 0, '梁家俊', '', 15),
(2247, 1472823029, 1472823031, 0, 'JimMing', '', 14),
(2248, 1472823893, 1472823895, 0, '谢贵', '', 20),
(2249, 1472860995, 1472860995, 0, '杨书明', '', 43),
(2250, 1472861104, 1472861127, 0, 'liangniguo', '', 39),
(2251, 1472861196, 1472861196, 0, 'ming', '', 68),
(2252, 1472861270, 1472864421, 0, '梁家俊', '', 15),
(2253, 1472861381, 1472861381, 0, 'JimMing', '', 14),
(2254, 1472861801, 1472908899, 0, '谢贵', '', 20),
(2255, 1472893644, 1472893646, 0, 'liangniguo', '', 39),
(2256, 1472908883, 1472908885, 0, '梁家俊', '', 15),
(2257, 1472908907, 1472908909, 0, 'JimMing', '', 14),
(2258, 1472908925, 1472908926, 0, 'ming', '', 68),
(2259, 1472908929, 1472908930, 0, 'ming', '', 68),
(2260, 1472979625, 1472979627, 0, 'liangniguo', '', 39),
(2261, 1472981360, 1472981382, 0, '杨书明', '', 43),
(2262, 1472993463, 1472993465, 0, 'liangniguo', '', 39),
(2263, 1473033669, 1473033861, 0, '梁家俊', '', 15),
(2264, 1473033791, 1473034444, 0, '杨书明', '', 43),
(2265, 1473034182, 1473034182, 0, '谢贵', '', 20),
(2266, 1473034300, 1473034303, 0, 'liangniguo', '', 39),
(2267, 1473034977, 1473034977, 0, 'JimMing', '', 14),
(2268, 1473070232, 1473070289, 0, 'yuqiuman', '', 34),
(2269, 1473082429, 1473082473, 0, '梁家俊', '', 15),
(2270, 1473082450, 1473082455, 0, '杨书明', '', 43),
(2271, 1473082452, 1473082454, 0, 'liangniguo', '', 39),
(2272, 1473082470, 1473082479, 0, 'JimMing', '', 14),
(2273, 1473082496, 1473082496, 0, '梁家俊', '', 15),
(2274, 1473082504, 1473082547, 0, '谢贵', '', 20),
(2275, 1473120069, 1473120073, 0, 'liangniguo', '', 39),
(2276, 1473120115, 1473206439, 0, '谢贵', '', 20),
(2277, 1473120375, 1473120978, 0, '梁家俊', '', 15),
(2278, 1473120691, 1473120694, 0, '杨书明', '', 43),
(2279, 1473120735, 1473129175, 0, 'JimMing', '', 14),
(2280, 1473124202, 1473127743, 0, '谢贵', '', 20),
(2281, 1473127834, 1473132196, 0, '谢贵', '', 20),
(2282, 1473127935, 1473129617, 0, 'chenlizhun', '', 28),
(2283, 1473141680, 1473154301, 0, 'chenlizhun', '', 28),
(2284, 1473166710, 1473168335, 0, '杨书明', '', 43),
(2285, 1473168318, 1473168318, 0, '梁家俊', '', 15),
(2286, 1473168575, 1473206439, 0, '谢贵', '', 20),
(2287, 1473168588, 1473168593, 0, 'JimMing', '', 14),
(2288, 1473206447, 1473293332, 0, '谢贵', '', 20),
(2289, 1473206729, 1473206731, 0, '杨书明', '', 43),
(2290, 1473206876, 1473206879, 0, '梁家俊', '', 15),
(2291, 1473207223, 1473207223, 0, 'JimMing', '', 14),
(2292, 1473208716, 1473208723, 0, 'JimMing', '', 14),
(2293, 1473213648, 1473213705, 0, 'dash', '', 58),
(2294, 1473217531, 1473217622, 0, 'chenlizhun', '', 28),
(2295, 1473232631, 1473232631, 0, 'dash', '', 58),
(2296, 1473254639, 1473254641, 0, 'JimMing', '', 14),
(2297, 1473258266, 1473293030, 0, '梁家俊', '', 15),
(2298, 1473293033, 1473293037, 0, '梁家俊', '', 15),
(2299, 1473293342, 1473341689, 0, '谢贵', '', 20),
(2300, 1473293428, 1473293430, 0, 'liangniguo', '', 39),
(2301, 1473293693, 1473293693, 0, 'JimMing', '', 14),
(2302, 1473294189, 1473294189, 0, '杨书明', '', 43),
(2303, 1473320956, 1473321104, 0, '杨书明', '', 43),
(2304, 1473339374, 1473339661, 0, '杨书明', '', 43),
(2305, 1473339787, 1473339790, 0, 'JimMing', '', 14),
(2306, 1473340533, 1473340538, 0, '杨书明', '', 43),
(2307, 1473340591, 1473340593, 0, '梁家俊', '', 15),
(2308, 1473379635, 1473427815, 0, '梁家俊', '', 15),
(2309, 1473379778, 1473466199, 0, '谢贵', '', 20),
(2310, 1473379812, 1473379812, 0, 'JimMing', '', 14),
(2311, 1473379850, 1473379862, 0, 'liangniguo', '', 39),
(2312, 1473380178, 1473402584, 0, 'chenlizhun', '', 28),
(2313, 1473380323, 1473380324, 0, '杨书明', '', 43),
(2314, 1473381153, 1473381243, 0, 'dash', '', 58),
(2315, 1473382222, 1473382394, 0, 'yuqiuman', '', 34),
(2316, 1473384348, 1473384371, 0, '杨书明', '', 43),
(2317, 1473404441, 1473427646, 0, 'JimMing', '', 14),
(2318, 1473427627, 1473427629, 0, '杨书明', '', 43),
(2319, 1473427817, 1473466181, 0, '梁家俊', '', 15),
(2320, 1473427980, 1473466199, 0, '谢贵', '', 20),
(2321, 1473465756, 1473465765, 0, 'liangniguo', '', 39),
(2322, 1473465773, 1473465773, 0, 'liangniguo', '', 39),
(2323, 1473466102, 1473466104, 0, '杨书明', '', 43),
(2324, 1473466183, 1473466185, 0, '梁家俊', '', 15),
(2325, 1473466205, 1473514761, 0, '谢贵', '', 20),
(2326, 1473466600, 1473466600, 0, 'JimMing', '', 14),
(2327, 1473466607, 1473475018, 0, 'chenlizhun', '', 28),
(2328, 1473480042, 1473480076, 0, 'liangniguo', '', 39),
(2329, 1473514640, 1473514807, 0, '杨书明', '', 43),
(2330, 1473514777, 1473514781, 0, '谢贵', '', 20),
(2331, 1473514868, 1473514870, 0, 'JimMing', '', 14),
(2332, 1473514965, 1473514968, 0, '梁家俊', '', 15),
(2333, 1473551787, 1473551789, 0, '谢贵', '', 20),
(2334, 1473586546, 1473586583, 0, 'yuqiuman', '', 34),
(2335, 1473590495, 1473591474, 0, '梁家俊', '', 15),
(2336, 1473637854, 1473648630, 0, '梁家俊', '', 15),
(2337, 1473638484, 1473638484, 0, '杨书明', '', 43),
(2338, 1473638974, 1473686921, 0, '谢贵', '', 20),
(2339, 1473641329, 1473648828, 0, 'liangniguo', '', 39),
(2340, 1473647696, 1473649553, 0, 'liangjianfei', '', 40),
(2341, 1473648434, 1473648524, 0, 'chenlizhun', '', 28),
(2342, 1473648592, 1473648804, 0, '方泽锋', '', 36),
(2343, 1473648637, 1473648877, 0, 'chenlizhun', '', 28),
(2344, 1473648806, 1473648816, 0, '方泽锋', '', 36),
(2345, 1473649555, 1473649557, 0, 'liangjianfei', '', 40),
(2346, 1473664209, 1473664612, 0, 'chenlizhun', '', 28),
(2347, 1473671875, 1473686903, 0, '杨书明', '', 43),
(2348, 1473675189, 1473676903, 0, 'yuqiuman', '', 34),
(2349, 1473678155, 1473678156, 0, '方泽锋', '', 36),
(2350, 1473686533, 1473686536, 0, '梁家俊', '', 15),
(2351, 1473723620, 1473723622, 0, '谢贵', '', 20),
(2352, 1473723934, 1473759040, 0, '方泽锋', '', 36),
(2353, 1473723972, 1473723975, 0, '梁家俊', '', 15),
(2354, 1473725415, 1473725421, 0, 'liangniguo', '', 39),
(2355, 1473725434, 1473770758, 0, 'JimMing', '', 14),
(2356, 1473725440, 1473733203, 0, '杨书明', '', 43),
(2357, 1473756431, 1473756503, 0, '杨书明', '', 43),
(2358, 1473768655, 1473768936, 0, 'yuqiuman', '', 34),
(2359, 1473771198, 1473771240, 0, '方泽锋', '', 36),
(2360, 1473773011, 1473773016, 0, 'liangniguo', '', 39),
(2361, 1473774202, 1473774203, 0, '谢贵', '', 20),
(2362, 1473774238, 1473774239, 0, '杨书明', '', 43),
(2363, 1473774297, 1473774303, 0, '梁家俊', '', 15),
(2364, 1473810778, 1473810778, 0, '梁家俊', '', 15),
(2365, 1473810905, 1473810905, 0, '方泽锋', '', 36),
(2366, 1473811453, 1473811453, 0, 'JimMing', '', 14),
(2367, 1473811667, 1473811670, 0, '杨书明', '', 43),
(2368, 1473811697, 1473845961, 0, 'JimMing', '', 14),
(2369, 1473811791, 1473811791, 0, '谢贵', '', 20),
(2370, 1473811797, 1473811797, 0, 'liangniguo', '', 39),
(2371, 1473813735, 1473813781, 0, 'yuqiuman', '', 34),
(2372, 1473819318, 1473819704, 0, 'yuqiuman', '', 34),
(2373, 1473850041, 1473850045, 0, '方泽锋', '', 36),
(2374, 1473859878, 1473859878, 0, '梁家俊', '', 15),
(2375, 1473860175, 1473860223, 0, 'liangniguo', '', 39),
(2376, 1473860519, 1473860525, 0, '杨书明', '', 43),
(2377, 1473860640, 1473860641, 0, '谢贵', '', 20),
(2378, 1473983345, 1473983460, 0, '谢贵', '', 20),
(2379, 1473983472, 1473983476, 0, '方泽锋', '', 36),
(2380, 1473983873, 1474033452, 0, '梁家俊', '', 15),
(2381, 1473984469, 1473984860, 0, 'JimMing', '', 14),
(2382, 1473984503, 1474031631, 0, 'liangniguo', '', 39),
(2383, 1473984513, 1473984515, 0, '杨书明', '', 43),
(2384, 1473984793, 1474033452, 0, '谢贵', '', 20),
(2385, 1474031977, 1474031979, 0, '方泽锋', '', 36),
(2386, 1474033305, 1474033309, 0, '杨书明', '', 43),
(2387, 1474033379, 1474033396, 0, 'JimMing', '', 14),
(2388, 1474033454, 1474070324, 0, '梁家俊', '', 15),
(2389, 1474070327, 1474119342, 0, '梁家俊', '', 15),
(2390, 1474070384, 1474119073, 0, '谢贵', '', 20),
(2391, 1474070746, 1474105046, 0, 'JimMing', '', 14),
(2392, 1474070881, 1474070881, 0, '方泽锋', '', 36),
(2393, 1474070988, 1474071076, 0, 'ming', '', 68),
(2394, 1474071253, 1474071254, 0, '杨书明', '', 43),
(2395, 1474071306, 1474071306, 0, 'liangniguo', '', 39),
(2396, 1474106075, 1474106076, 0, 'JimMing', '', 14),
(2397, 1474111148, 1474112666, 0, 'yuqiuman', '', 34),
(2398, 1474118732, 1474118736, 0, '方泽锋', '', 36),
(2399, 1474118957, 1474118963, 0, 'JimMing', '', 14),
(2400, 1474119109, 1474119113, 0, 'liangniguo', '', 39),
(2401, 1474119152, 1474119157, 0, '杨书明', '', 43),
(2402, 1474119344, 1474156003, 0, '梁家俊', '', 15),
(2403, 1474156005, 1474158124, 0, '梁家俊', '', 15),
(2404, 1474156245, 1474203669, 0, '方泽锋', '', 36),
(2405, 1474157189, 1474157189, 0, 'liangniguo', '', 39),
(2406, 1474157332, 1474157335, 0, 'JimMing', '', 14),
(2407, 1474157340, 1474206226, 0, '谢贵', '', 20),
(2408, 1474157507, 1474157508, 0, '杨书明', '', 43),
(2409, 1474164519, 1474164536, 0, 'yuqiuman', '', 34),
(2410, 1474188295, 1474194342, 0, 'chenlizhun', '', 28),
(2411, 1474192464, 1474192466, 0, 'liangniguo', '', 39),
(2412, 1474202181, 1474202189, 0, '杨书明', '', 43),
(2413, 1474203678, 1474242906, 0, '方泽锋', '', 36),
(2414, 1474205494, 1474205494, 0, '梁家俊', '', 15),
(2415, 1474206319, 1474206321, 0, 'JimMing', '', 14),
(2416, 1474206347, 1474206348, 0, '杨书明', '', 43),
(2417, 1474242793, 1474242934, 0, '梁家俊', '', 15),
(2418, 1474242913, 1474242919, 0, '杨书明', '', 43),
(2419, 1474242914, 1474242914, 0, '方泽锋', '', 36),
(2420, 1474243006, 1474243006, 0, 'liangniguo', '', 39),
(2421, 1474243271, 1474329754, 0, '谢贵', '', 20),
(2422, 1474243564, 1474250021, 0, 'JimMing', '', 14),
(2423, 1474255456, 1474255526, 0, '杨书明', '', 43),
(2424, 1474277739, 1474277879, 0, 'yuqiuman', '', 34),
(2425, 1474282317, 1474282322, 0, 'JimMing', '', 14),
(2426, 1474329544, 1474329549, 0, 'liangniguo', '', 39),
(2427, 1474329580, 1474329582, 0, '梁家俊', '', 15),
(2428, 1474329635, 1474329637, 0, '杨书明', '', 43),
(2429, 1474329767, 1474330207, 0, '方泽锋', '', 36),
(2430, 1474330215, 1474330218, 0, '谢贵', '', 20),
(2431, 1474330269, 1474330269, 0, 'JimMing', '', 14),
(2432, 1474333459, 1474333571, 0, 'liangjianfei', '', 40),
(2433, 1474333553, 1474333838, 0, 'chenlizhun', '', 28),
(2434, 1474333828, 1474333956, 0, 'yuqiuman', '', 34),
(2435, 1474337424, 1474340318, 0, 'chenlizhun', '', 28),
(2436, 1474338517, 1474339225, 0, '陈冠全', '', 24),
(2437, 1474339707, 1474339707, 0, '陈冠全', '', 24),
(2438, 1474351827, 1474351827, 0, 'chenlizhun', '', 28),
(2439, 1474374526, 1474374537, 0, '方泽锋', '', 36),
(2440, 1474374548, 1474374603, 0, 'JimMing', '', 14),
(2441, 1474374917, 1474374924, 0, 'JimMing', '', 14),
(2442, 1474375737, 1474375748, 0, '梁家俊', '', 15),
(2443, 1474376677, 1474376677, 0, '方泽锋', '', 36),
(2444, 1474377006, 1474377027, 0, '杨书明', '', 43),
(2445, 1474377939, 1474378991, 0, 'liangniguo', '', 39),
(2446, 1474378986, 1474378988, 0, '杨书明', '', 43),
(2447, 1474379020, 1474379021, 0, 'liangniguo', '', 39),
(2448, 1474379537, 1474379540, 0, '谢贵', '', 20),
(2449, 1474414945, 1474416182, 0, '方泽锋', '', 36),
(2450, 1474415923, 1474464339, 0, 'JimMing', '', 14),
(2451, 1474415986, 1474415986, 0, 'liangniguo', '', 39),
(2452, 1474416061, 1474416064, 0, '杨书明', '', 43),
(2453, 1474416065, 1474416068, 0, '梁家俊', '', 15),
(2454, 1474416188, 1474464254, 0, '谢贵', '', 20),
(2455, 1474423673, 1474424537, 0, 'yuqiuman', '', 34),
(2456, 1474425536, 1474425760, 0, 'chenlizhun', '', 28),
(2457, 1474440138, 1474440185, 0, 'chenlizhun', '', 28),
(2458, 1474464216, 1474464220, 0, '方泽锋', '', 36),
(2459, 1474464692, 1474464703, 0, 'liangniguo', '', 39),
(2460, 1474464911, 1474464913, 0, '杨书明', '', 43),
(2461, 1474465709, 1474465709, 0, '梁家俊', '', 15),
(2462, 1474465725, 1474465729, 0, '梁家俊', '', 15),
(2463, 1474503193, 1474550656, 0, 'JimMing', '', 14),
(2464, 1474503211, 1474503223, 0, '梁家俊', '', 15),
(2465, 1474503231, 1474503261, 0, '方泽锋', '', 36),
(2466, 1474503253, 1474503397, 0, 'liangniguo', '', 39),
(2467, 1474503259, 1474503261, 0, '杨书明', '', 43),
(2468, 1474505231, 1474550668, 0, '谢贵', '', 20),
(2469, 1474538240, 1474538240, 0, '梁家俊', '', 15),
(2470, 1474539126, 1474539183, 0, 'yuqiuman', '', 34),
(2471, 1474550687, 1474550689, 0, '方泽锋', '', 36),
(2472, 1474550759, 1474550760, 0, '杨书明', '', 43),
(2473, 1474551036, 1474551079, 0, 'liangniguo', '', 39),
(2474, 1474552025, 1474552027, 0, '梁家俊', '', 15),
(2475, 1474588961, 1474588964, 0, '杨书明', '', 43),
(2476, 1474588999, 1474675446, 0, '谢贵', '', 20),
(2477, 1474589005, 1474589005, 0, '方泽锋', '', 36),
(2478, 1474589115, 1474589119, 0, '梁家俊', '', 15),
(2479, 1474589121, 1474638114, 0, '梁家俊', '', 15),
(2480, 1474589247, 1474635875, 0, 'JimMing', '', 14),
(2481, 1474589253, 1474589253, 0, 'liangniguo', '', 39),
(2482, 1474598272, 1474598278, 0, 'dash', '', 58),
(2483, 1474601254, 1474601267, 0, 'yuqiuman', '', 34),
(2484, 1474622047, 1474622564, 0, '杨书明', '', 43),
(2485, 1474630154, 1474630154, 0, '方泽锋', '', 36),
(2486, 1474630364, 1474630364, 0, 'liangniguo', '', 39),
(2487, 1474637614, 1474637640, 0, '杨书明', '', 43),
(2488, 1474638116, 1474638120, 0, '梁家俊', '', 15),
(2489, 1474638129, 1474675446, 0, '谢贵', '', 20),
(2490, 1474674169, 1474676663, 0, '方泽锋', '', 36),
(2491, 1474675226, 1474675226, 0, 'liangniguo', '', 39),
(2492, 1474675360, 1474675360, 0, 'JimMing', '', 14),
(2493, 1474675453, 1474675455, 0, '谢贵', '', 20),
(2494, 1474675555, 1474675557, 0, '梁家俊', '', 15),
(2495, 1474676029, 1474676040, 0, '杨书明', '', 43),
(2496, 1474676231, 1474676231, 0, '梁家俊', '', 15),
(2497, 1474697586, 1474698125, 0, 'yuqiuman', '', 34),
(2498, 1474713646, 1474713785, 0, '方泽锋', '', 36),
(2499, 1474722752, 1474722753, 0, 'JimMing', '', 14),
(2500, 1474723160, 1474723164, 0, '梁家俊', '', 15),
(2501, 1474801237, 1474801470, 0, 'yuqiuman', '', 34),
(2502, 1474847696, 1474847696, 0, '方泽锋', '', 36),
(2503, 1474847735, 1474847735, 0, 'liangniguo', '', 39),
(2504, 1474848095, 1474848098, 0, '杨书明', '', 43),
(2505, 1474848259, 1474896876, 0, '谢贵', '', 20),
(2506, 1474848282, 1474848287, 0, '梁家俊', '', 15),
(2507, 1474848299, 1474848321, 0, '梁家俊', '', 15),
(2508, 1474848569, 1474848641, 0, 'JimMing', '', 14),
(2509, 1474856034, 1474856856, 0, 'chenlizhun', '', 28),
(2510, 1474871245, 1474871267, 0, 'yuqiuman', '', 34),
(2511, 1474880936, 1474880936, 0, 'chenlizhun', '', 28),
(2512, 1474880936, 1474947246, 0, 'chenlizhun', '', 28),
(2513, 1474894314, 1474894316, 0, '方泽锋', '', 36),
(2514, 1474897362, 1474897364, 0, '杨书明', '', 43),
(2515, 1474897493, 1474897495, 0, 'liangniguo', '', 39),
(2516, 1474897545, 1474897548, 0, '梁家俊', '', 15),
(2517, 1474897583, 1474897587, 0, 'JimMing', '', 14),
(2518, 1474935509, 1474935512, 0, '杨书明', '', 43),
(2519, 1474935529, 1474935565, 0, '谢贵', '', 20),
(2520, 1474935545, 1474935550, 0, '梁家俊', '', 15),
(2521, 1474935714, 1474935714, 0, '方泽锋', '', 36),
(2522, 1474935725, 1474935725, 0, 'JimMing', '', 14),
(2523, 1474936026, 1474936051, 0, 'liangniguo', '', 39),
(2524, 1474980744, 1474980746, 0, '方泽锋', '', 36),
(2525, 1474981702, 1474981704, 0, '方泽锋', '', 36),
(2526, 1474982503, 1474982507, 0, '杨书明', '', 43),
(2527, 1474983362, 1474983362, 0, 'liangniguo', '', 39),
(2528, 1474983810, 1474983817, 0, 'JimMing', '', 14),
(2529, 1474983895, 1475020787, 0, '梁家俊', '', 15),
(2530, 1474983981, 1474983983, 0, '谢贵', '', 20),
(2531, 1475020781, 1475024997, 0, 'liangniguo', '', 39),
(2532, 1475020793, 1475020870, 0, '梁家俊', '', 15),
(2533, 1475020979, 1475068368, 0, '方泽锋', '', 36),
(2534, 1475021007, 1475021012, 0, 'JimMing', '', 14),
(2535, 1475021093, 1475021096, 0, '杨书明', '', 43),
(2536, 1475021507, 1475070313, 0, '谢贵', '', 20),
(2537, 1475022057, 1475022786, 0, 'dash', '', 58),
(2538, 1475022078, 1475022081, 0, 'chenlizhun', '', 28),
(2539, 1475028422, 1475028454, 0, 'yuqiuman', '', 34),
(2540, 1475046095, 1475046116, 0, 'yuqiuman', '', 34),
(2541, 1475069542, 1475069737, 0, '杨书明', '', 43),
(2542, 1475070339, 1475070341, 0, 'JimMing', '', 14),
(2543, 1475070386, 1475070388, 0, '梁家俊', '', 15),
(2544, 1475070435, 1475070437, 0, 'liangniguo', '', 39),
(2545, 1475106602, 1475106613, 0, '梁家俊', '', 15),
(2546, 1475106994, 1475106994, 0, '方泽锋', '', 36),
(2547, 1475107242, 1475107242, 0, '谢贵', '', 20),
(2548, 1475107486, 1475107504, 0, '杨书明', '', 43),
(2549, 1475107565, 1475107759, 0, 'liangniguo', '', 39),
(2550, 1475107616, 1475107616, 0, 'JimMing', '', 14),
(2551, 1475108224, 1475108255, 0, 'yuqiuman', '', 34),
(2552, 1475120856, 1475194049, 0, '谢贵', '', 20),
(2553, 1475131440, 1475131751, 0, 'chenlizhun', '', 28),
(2554, 1475149944, 1475149983, 0, '陆跃标', '', 19),
(2555, 1475154779, 1475154783, 0, 'JimMing', '', 14),
(2556, 1475155156, 1475155158, 0, '方泽锋', '', 36),
(2557, 1475157059, 1475157062, 0, '梁家俊', '', 15),
(2558, 1475157062, 1475157062, 0, 'liangniguo', '', 39),
(2559, 1475157086, 1475157089, 0, '杨书明', '', 43),
(2560, 1475157122, 1475194049, 0, '谢贵', '', 20),
(2561, 1475194013, 1475194170, 0, '方泽锋', '', 36),
(2562, 1475194054, 1475230500, 0, '谢贵', '', 20),
(2563, 1475194057, 1475194058, 0, '杨书明', '', 43),
(2564, 1475194060, 1475194061, 0, 'liangniguo', '', 39),
(2565, 1475194150, 1475194150, 0, 'JimMing', '', 14),
(2566, 1475194183, 1475194187, 0, '梁家俊', '', 15),
(2567, 1475194190, 1475194190, 0, '方泽锋', '', 36),
(2568, 1475196432, 1475196558, 0, 'ming', '', 68),
(2569, 1475227067, 1475227154, 0, '杨书明', '', 43),
(2570, 1475230546, 1475453120, 0, '方泽锋', '', 36),
(2571, 1475239898, 1475239900, 0, '杨书明', '', 43),
(2572, 1475239920, 1475239922, 0, 'liangniguo', '', 39),
(2573, 1475241229, 1475241237, 0, 'JimMing', '', 14),
(2574, 1475242180, 1475242198, 0, '梁家俊', '', 15),
(2575, 1475283251, 1475283251, 0, 'JimMing', '', 14),
(2576, 1475319833, 1475319929, 0, 'chenlizhun', '', 28),
(2577, 1475403709, 1475403711, 0, 'chenlizhun', '', 28),
(2578, 1475403930, 1475403930, 0, 'ming', '', 68),
(2579, 1475410427, 1475453012, 0, '梁家俊', '', 15),
(2580, 1475414182, 1475414286, 0, 'liangniguo', '', 39),
(2581, 1475452792, 1475500513, 0, '谢贵', '', 20),
(2582, 1475453022, 1475453027, 0, '杨书明', '', 43),
(2583, 1475453023, 1475453023, 0, 'ming', '', 68),
(2584, 1475453024, 1475501123, 0, '梁家俊', '', 15),
(2585, 1475453122, 1475500127, 0, '方泽锋', '', 36),
(2586, 1475453261, 1475453261, 0, 'JimMing', '', 14),
(2587, 1475453411, 1475453413, 0, 'liangniguo', '', 39),
(2588, 1475495539, 1475544145, 0, 'chenlizhun', '', 28),
(2589, 1475500129, 1475586328, 0, '方泽锋', '', 36),
(2590, 1475500555, 1475500557, 0, '杨书明', '', 43),
(2591, 1475500580, 1475500583, 0, 'JimMing', '', 14),
(2592, 1475501303, 1475501305, 0, '杨书明', '', 43),
(2593, 1475501305, 1475501312, 0, 'liangniguo', '', 39),
(2594, 1475539074, 1475539879, 0, 'liangniguo', '', 39),
(2595, 1475539197, 1475539200, 0, '杨书明', '', 43),
(2596, 1475539405, 1475590791, 0, 'JimMing', '', 14),
(2597, 1475539445, 1475586369, 0, '梁家俊', '', 15),
(2598, 1475539578, 1475539580, 0, 'ming', '', 68),
(2599, 1475539584, 1475539584, 0, 'ming', '', 68),
(2600, 1475540307, 1475586058, 0, '谢贵', '', 20),
(2601, 1475586488, 1475586488, 0, 'liangniguo', '', 39),
(2602, 1475587983, 1475587987, 0, '杨书明', '', 43),
(2603, 1475590802, 1475917027, 0, 'chenlizhun', '', 28),
(2604, 1475625733, 1475625740, 0, '杨书明', '', 43),
(2605, 1475625929, 1475673992, 0, '谢贵', '', 20),
(2606, 1475626091, 1475669166, 0, '梁家俊', '', 15),
(2607, 1475626145, 1475673977, 0, 'JimMing', '', 14),
(2608, 1475626158, 1475626158, 0, '方泽锋', '', 36),
(2609, 1475626254, 1475626254, 0, 'liangniguo', '', 39),
(2610, 1475672785, 1475672786, 0, '杨书明', '', 43),
(2611, 1475672865, 1475672865, 0, 'liangniguo', '', 39),
(2612, 1475711761, 1475760466, 0, '梁家俊', '', 15),
(2613, 1475712077, 1475761441, 0, '谢贵', '', 20),
(2614, 1475712326, 1475712735, 0, '方泽锋', '', 36),
(2615, 1475712488, 1475712488, 0, 'liangniguo', '', 39),
(2616, 1475713798, 1475713809, 0, '杨书明', '', 43),
(2617, 1475759047, 1475759047, 0, '方泽锋', '', 36),
(2618, 1475760662, 1475760921, 0, '杨书明', '', 43),
(2619, 1475760924, 1475760940, 0, 'liangniguo', '', 39),
(2620, 1475798433, 1475798433, 0, 'liangniguo', '', 39),
(2621, 1475798508, 1475798512, 0, '杨书明', '', 43),
(2622, 1475798802, 1475847147, 0, '谢贵', '', 20),
(2623, 1475798802, 1475844844, 0, '方泽锋', '', 36),
(2624, 1475798853, 1475798853, 0, 'JimMing', '', 14),
(2625, 1475798925, 1475837290, 0, '梁家俊', '', 15),
(2626, 1475834773, 1475834774, 0, 'JimMing', '', 14),
(2627, 1475844846, 1475928168, 0, '方泽锋', '', 36),
(2628, 1475846473, 1475846488, 0, 'liangniguo', '', 39),
(2629, 1475846491, 1475846496, 0, '杨书明', '', 43),
(2630, 1475884920, 1475933395, 0, '谢贵', '', 20),
(2631, 1475885027, 1475929917, 0, '梁家俊', '', 15),
(2632, 1475885119, 1475885119, 0, 'JimMing', '', 14),
(2633, 1475885204, 1475885204, 0, 'liangniguo', '', 39),
(2634, 1475885288, 1475885289, 0, '杨书明', '', 43),
(2635, 1475917329, 1475917349, 0, 'liangniguo', '', 39),
(2636, 1475924218, 1475924380, 0, 'yuqiuman', '', 34),
(2637, 1475928170, 1475928174, 0, '方泽锋', '', 36),
(2638, 1475930812, 1475930814, 0, 'JimMing', '', 14),
(2639, 1475932337, 1475932339, 0, '杨书明', '', 43),
(2640, 1475932354, 1475932356, 0, '杨书明', '', 43),
(2641, 1475933533, 1475933535, 0, 'liangniguo', '', 39),
(2642, 1475971103, 1475972077, 0, 'liangniguo', '', 39),
(2643, 1475971154, 1476017775, 0, '方泽锋', '', 36),
(2644, 1475971264, 1476019705, 0, '谢贵', '', 20),
(2645, 1475971472, 1476016348, 0, '梁家俊', '', 15),
(2646, 1475971531, 1475971533, 0, '杨书明', '', 43),
(2647, 1475971723, 1476058035, 0, 'JimMing', '', 14),
(2648, 1476007691, 1476007693, 0, 'chenlizhun', '', 28),
(2649, 1476010513, 1476010637, 0, 'yuqiuman', '', 34),
(2650, 1476017843, 1476017868, 0, 'liangniguo', '', 39),
(2651, 1476020306, 1476020310, 0, '杨书明', '', 43),
(2652, 1476020349, 1476058035, 0, 'JimMing', '', 14),
(2653, 1476057300, 1476104133, 0, '方泽锋', '', 36),
(2654, 1476057447, 1476106601, 0, '梁家俊', '', 15),
(2655, 1476057530, 1476057530, 0, 'liangniguo', '', 39),
(2656, 1476057573, 1476057576, 0, '杨书明', '', 43),
(2657, 1476057956, 1476106343, 0, '谢贵', '', 20),
(2658, 1476058040, 1476058040, 0, 'JimMing', '', 14),
(2659, 1476103008, 1476103009, 0, 'JimMing', '', 14),
(2660, 1476104135, 1476104136, 0, '方泽锋', '', 36),
(2661, 1476106024, 1476106025, 0, '杨书明', '', 43),
(2662, 1476106092, 1476106092, 0, 'liangniguo', '', 39),
(2663, 1476143790, 1476195727, 0, '梁家俊', '', 15),
(2664, 1476144090, 1476144093, 0, '杨书明', '', 43),
(2665, 1476144108, 1476188077, 0, '方泽锋', '', 36),
(2666, 1476144495, 1476230865, 0, '谢贵', '', 20),
(2667, 1476144610, 1476144610, 0, 'JimMing', '', 14),
(2668, 1476144725, 1476144725, 0, 'liangniguo', '', 39),
(2669, 1476164610, 1476164629, 0, 'yuqiuman', '', 34),
(2670, 1476185659, 1476185672, 0, 'JimMing', '', 14),
(2671, 1476188079, 1476188080, 0, '方泽锋', '', 36),
(2672, 1476191132, 1476191134, 0, 'liangniguo', '', 39),
(2673, 1476193248, 1476193252, 0, '杨书明', '', 43),
(2674, 1476193405, 1476230865, 0, '谢贵', '', 20),
(2675, 1476230206, 1476280751, 0, '梁家俊', '', 15),
(2676, 1476230562, 1476230564, 0, '杨书明', '', 43),
(2677, 1476230671, 1476230671, 0, '方泽锋', '', 36),
(2678, 1476230848, 1476230849, 0, 'liangniguo', '', 39),
(2679, 1476230878, 1476279540, 0, '谢贵', '', 20),
(2680, 1476230945, 1476230945, 0, 'JimMing', '', 14),
(2681, 1476231421, 1476252162, 0, 'chenlizhun', '', 28),
(2682, 1476272475, 1476272477, 0, 'JimMing', '', 14),
(2683, 1476275666, 1476275666, 0, '方泽锋', '', 36),
(2684, 1476276639, 1476276646, 0, '杨书明', '', 43),
(2685, 1476277505, 1476277508, 0, 'liangniguo', '', 39),
(2686, 1476279546, 1476279547, 0, '杨书明', '', 43),
(2687, 1476316025, 1476316025, 0, 'liangniguo', '', 39),
(2688, 1476317095, 1476317097, 0, '杨书明', '', 43),
(2689, 1476317215, 1476365904, 0, '谢贵', '', 20),
(2690, 1476317290, 1476363887, 0, '梁家俊', '', 15),
(2691, 1476317502, 1476317502, 0, '方泽锋', '', 36),
(2692, 1476317842, 1476346890, 0, 'chenlizhun', '', 28),
(2693, 1476348161, 1476348164, 0, 'liangniguo', '', 39),
(2694, 1476359738, 1476359740, 0, '方泽锋', '', 36),
(2695, 1476365634, 1476365639, 0, '杨书明', '', 43),
(2696, 1476402388, 1476402388, 0, 'liangniguo', '', 39),
(2697, 1476402937, 1476402937, 0, '方泽锋', '', 36),
(2698, 1476403444, 1476489563, 0, '梁家俊', '', 15),
(2699, 1476403543, 1476403543, 0, 'JimMing', '', 14),
(2700, 1476403663, 1476403665, 0, '杨书明', '', 43),
(2701, 1476404486, 1476452873, 0, '谢贵', '', 20),
(2702, 1476429088, 1476429112, 0, 'yuqiuman', '', 34),
(2703, 1476437894, 1476437896, 0, 'JimMing', '', 14),
(2704, 1476443297, 1476443297, 0, '方泽锋', '', 36),
(2705, 1476489573, 1476712347, 0, '梁家俊', '', 15),
(2706, 1476489968, 1476489968, 0, '方泽锋', '', 36),
(2707, 1476490121, 1477094238, 0, '谢贵', '', 20),
(2708, 1476769425, 1476769432, 0, 'yuqiuman', '', 34),
(2709, 1476856104, 1476856110, 0, 'yuqiuman', '', 34),
(2710, 1476862983, 1476864276, 0, 'yuqiuman', '', 34),
(2711, 1476929836, 1476929857, 0, 'yuqiuman', '', 34),
(2712, 1477008403, 1477008406, 0, '杨书明', '', 43),
(2713, 1477008531, 1477008531, 0, '方泽锋', '', 36),
(2714, 1477011763, 1477094937, 0, '梁家俊', '', 15),
(2715, 1477037086, 1477037196, 0, 'ming', '', 68),
(2716, 1477094246, 1477267947, 0, '谢贵', '', 20),
(2717, 1477094526, 1477094526, 0, 'liangniguo', '', 39),
(2718, 1477094630, 1477094630, 0, '方泽锋', '', 36),
(2719, 1477094790, 1477094790, 0, 'JimMing', '', 14),
(2720, 1477094944, 1477267758, 0, '梁家俊', '', 15),
(2721, 1477267121, 1477267121, 0, 'JimMing', '', 14),
(2722, 1477267399, 1477267399, 0, '方泽锋', '', 36),
(2723, 1477267445, 1477314188, 0, 'liangniguo', '', 39),
(2724, 1477267766, 1477269863, 0, '梁家俊', '', 15),
(2725, 1477267888, 1477267893, 0, '杨书明', '', 43),
(2726, 1477267953, 1477315342, 0, '谢贵', '', 20),
(2727, 1477269870, 1477315437, 0, '梁家俊', '', 15),
(2728, 1477309057, 1477309058, 0, 'JimMing', '', 14),
(2729, 1477313323, 1477354622, 0, '方泽锋', '', 36),
(2730, 1477315674, 1477315676, 0, '杨书明', '', 43),
(2731, 1477354221, 1477661866, 0, 'liangniguo', '', 39),
(2732, 1477354235, 1477354236, 0, '杨书明', '', 43),
(2733, 1477354507, 1477403778, 0, '谢贵', '', 20),
(2734, 1477354539, 1477404761, 0, '梁家俊', '', 15),
(2735, 1477354624, 1477354624, 0, '方泽锋', '', 36),
(2736, 1477354740, 1477354740, 0, 'JimMing', '', 14),
(2737, 1477373816, 1477376453, 0, 'yuqiuman', '', 34),
(2738, 1477378218, 1477378371, 0, 'JimMing', '', 14),
(2739, 1477400463, 1477440465, 0, '方泽锋', '', 36),
(2740, 1477402485, 1477402562, 0, '杨书明', '', 43),
(2741, 1477402556, 1477440332, 0, 'liangniguo', '', 39),
(2742, 1477404768, 1477404769, 0, '梁家俊', '', 15),
(2743, 1477404771, 1477404772, 0, 'JimMing', '', 14),
(2744, 1477439734, 1477489261, 0, '谢贵', '', 20),
(2745, 1477440325, 1477440328, 0, '杨书明', '', 43),
(2746, 1477440466, 1477440466, 0, '方泽锋', '', 36),
(2747, 1477440623, 1477490379, 0, '梁家俊', '', 15),
(2748, 1477484607, 1477484607, 0, '方泽锋', '', 36),
(2749, 1477487871, 1477525450, 0, 'liangniguo', '', 39),
(2750, 1477487883, 1477487957, 0, '杨书明', '', 43),
(2751, 1477526013, 1477526013, 0, '谢贵', '', 20),
(2752, 1477526390, 1477526390, 0, '方泽锋', '', 36),
(2753, 1477526886, 1477663853, 0, '梁家俊', '', 15),
(2754, 1477526912, 1477526914, 0, '杨书明', '', 43),
(2755, 1477527012, 1477613336, 0, 'JimMing', '', 14),
(2756, 1477569229, 1477612796, 0, '方泽锋', '', 36),
(2757, 1477574864, 1477575342, 0, '谢贵', '', 20),
(2758, 1477574970, 1477575006, 0, '杨书明', '', 43),
(2759, 1477575396, 1477661866, 0, 'liangniguo', '', 39),
(2760, 1477576562, 1477663853, 0, '梁家俊', '', 15),
(2761, 1477612701, 1477612701, 0, '谢贵', '', 20),
(2762, 1477612798, 1477612798, 0, '方泽锋', '', 36),
(2763, 1477613338, 1477613338, 0, 'JimMing', '', 14),
(2764, 1477621141, 1477621225, 0, 'yuqiuman', '', 34),
(2765, 1477646700, 1477646701, 0, 'JimMing', '', 14),
(2766, 1477648123, 1477648124, 0, '方泽锋', '', 36),
(2767, 1477652722, 1477652727, 0, '杨书明', '', 43),
(2768, 1477699069, 1477871812, 0, '谢贵', '', 20),
(2769, 1477699075, 1477699075, 0, '方泽锋', '', 36),
(2770, 1477699199, 1477871624, 0, 'liangniguo', '', 39),
(2771, 1477699575, 1477699576, 0, '杨书明', '', 43),
(2772, 1477699764, 1477736033, 0, '梁家俊', '', 15),
(2773, 1477705730, 1477707785, 0, '杨书明', '', 43),
(2774, 1477736252, 1477736252, 0, '方泽锋', '', 36),
(2775, 1477737975, 1477737976, 0, 'JimMing', '', 14),
(2776, 1477738089, 1477738091, 0, '杨书明', '', 43),
(2777, 1477743708, 1477743708, 0, '方泽锋', '', 36),
(2778, 1477749346, 1477871812, 0, '谢贵', '', 20),
(2779, 1477825508, 1477825586, 0, 'yuqiuman', '', 34),
(2780, 1477871636, 1477920916, 0, 'liangniguo', '', 39),
(2781, 1477871819, 1477958596, 0, '谢贵', '', 20),
(2782, 1477871833, 1477871833, 0, '梁家俊', '', 15),
(2783, 1477872035, 1477872035, 0, '方泽锋', '', 36),
(2784, 1477872506, 1477872516, 0, '杨书明', '', 43),
(2785, 1477913174, 1477913176, 0, '方泽锋', '', 36),
(2786, 1477920618, 1477920638, 0, '杨书明', '', 43),
(2787, 1477921139, 1477921152, 0, '梁家俊', '', 15),
(2788, 1477958437, 1478008651, 0, '梁家俊', '', 15),
(2789, 1477958481, 1477958483, 0, '杨书明', '', 43),
(2790, 1477958545, 1478004043, 0, '方泽锋', '', 36),
(2791, 1477958606, 1478007287, 0, '谢贵', '', 20),
(2792, 1477958616, 1477996906, 0, 'liangniguo', '', 39),
(2793, 1477979152, 1477979152, 0, 'yuqiuman', '', 34),
(2794, 1478006513, 1478006550, 0, '杨书明', '', 43),
(2795, 1478044677, 1478077731, 0, '梁家俊', '', 15),
(2796, 1478044962, 1478131003, 0, 'liangniguo', '', 39),
(2797, 1478045016, 1478045016, 0, '方泽锋', '', 36),
(2798, 1478045060, 1478045062, 0, '杨书明', '', 43),
(2799, 1478045293, 1478075516, 0, '谢贵', '', 20),
(2800, 1478056361, 1478056361, 0, '陈冠全', '', 24),
(2801, 1478074301, 1478074412, 0, '陈冠全', '', 24),
(2802, 1478093023, 1478093028, 0, '杨书明', '', 43),
(2803, 1478093039, 1478131003, 0, 'liangniguo', '', 39),
(2804, 1478093733, 1478093734, 0, '方泽锋', '', 36),
(2805, 1478131006, 1478217543, 0, 'liangniguo', '', 39),
(2806, 1478131503, 1478131503, 0, '方泽锋', '', 36),
(2807, 1478131507, 1478180880, 0, '谢贵', '', 20),
(2808, 1478131568, 1478132524, 0, '梁家俊', '', 15),
(2809, 1478131573, 1478131574, 0, '杨书明', '', 43),
(2810, 1478175380, 1478175472, 0, '方泽锋', '', 36),
(2811, 1478179771, 1478179796, 0, '杨书明', '', 43),
(2812, 1478180503, 1478217543, 0, 'liangniguo', '', 39),
(2813, 1478180865, 1478180870, 0, '梁家俊', '', 15),
(2814, 1478217283, 1478217286, 0, '杨书明', '', 43),
(2815, 1478217547, 1478262687, 0, 'liangniguo', '', 39),
(2816, 1478217566, 1478735952, 0, '谢贵', '', 20),
(2817, 1478217586, 1478217586, 0, '梁家俊', '', 15),
(2818, 1478217969, 1478217969, 0, '方泽锋', '', 36),
(2819, 1478255687, 1478255689, 0, '方泽锋', '', 36),
(2820, 1478262346, 1478262350, 0, '杨书明', '', 43),
(2821, 1478267043, 1478267043, 0, '梁家俊', '', 15),
(2822, 1478339617, 1478339620, 0, '方泽锋', '', 36),
(2823, 1478476340, 1478476342, 0, '方泽锋', '', 36),
(2824, 1478476343, 1478526001, 0, '方泽锋', '', 36),
(2825, 1478489288, 1478489290, 0, 'JimMing', '', 14),
(2826, 1478563736, 1478609125, 0, '方泽锋', '', 36),
(2827, 1478567396, 1478567400, 0, 'ming', '', 68),
(2828, 1478567402, 1478567402, 0, 'ming', '', 68),
(2829, 1478567423, 1478567512, 0, 'JimMing', '', 14),
(2830, 1478576519, 1478609125, 0, '方泽锋', '', 36),
(2831, 1478649394, 1478649394, 0, '方泽锋', '', 36),
(2832, 1478670609, 1478670879, 0, '陈冠全', '', 24),
(2833, 1478691956, 1478692036, 0, 'yuqiuman', '', 34),
(2834, 1478692075, 1478692316, 0, 'yuqiuman', '', 34),
(2835, 1478698291, 1478698292, 0, '方泽锋', '', 36),
(2836, 1478735761, 1478735761, 0, '方泽锋', '', 36),
(2837, 1478735958, 1478785710, 0, '谢贵', '', 20),
(2838, 1478736042, 1478785127, 0, '梁家俊', '', 15),
(2839, 1478736511, 1478822960, 0, 'liangniguo', '', 39),
(2840, 1478771444, 1478771444, 0, 'liangniguo', '', 39),
(2841, 1478782367, 1478782367, 0, '方泽锋', '', 36),
(2842, 1478784967, 1478822960, 0, 'liangniguo', '', 39),
(2843, 1478785052, 1478785171, 0, '杨书明', '', 43),
(2844, 1478822924, 1478822924, 0, '方泽锋', '', 36),
(2845, 1478822962, 1478955231, 0, 'liangniguo', '', 39),
(2846, 1478822970, 1478849023, 0, '梁家俊', '', 15),
(2847, 1478822974, 1478822976, 0, '杨书明', '', 43),
(2848, 1478823079, 1478823079, 0, '谢贵', '', 20),
(2849, 1478857965, 1479087931, 0, '方泽锋', '', 36),
(2850, 1478863587, 1478863589, 0, '杨书明', '', 43),
(2851, 1478870045, 1478955231, 0, 'liangniguo', '', 39),
(2852, 1478872352, 1478872354, 0, '谢贵', '', 20),
(2853, 1478872625, 1478872627, 0, '梁家俊', '', 15),
(2854, 1478910257, 1478940978, 0, '谢贵', '', 20),
(2855, 1478910443, 1478914932, 0, '梁家俊', '', 15),
(2856, 1478913037, 1478914140, 0, 'chenlizhun', '', 28),
(2857, 1478915396, 1478944133, 0, '梁家俊', '', 15),
(2858, 1478955233, 1478955234, 0, 'liangniguo', '', 39),
(2859, 1478957444, 1478958175, 0, '杨书明', '', 43),
(2860, 1479081668, 1479087301, 0, '谢贵', '', 20),
(2861, 1479081772, 1479168306, 0, 'liangniguo', '', 39),
(2862, 1479081859, 1479089890, 0, '梁家俊', '', 15),
(2863, 1479082215, 1479082217, 0, '杨书明', '', 43),
(2864, 1479087698, 1479089491, 0, 'chenlizhun', '', 28),
(2865, 1479087933, 1479168381, 0, '方泽锋', '', 36),
(2866, 1479089969, 1479131343, 0, '梁家俊', '', 15),
(2867, 1479112573, 1479112602, 0, 'chenlizhun', '', 28),
(2868, 1479127654, 1479130404, 0, '杨书明', '', 43),
(2869, 1479131348, 1479167457, 0, '谢贵', '', 20),
(2870, 1479167465, 1479177527, 0, '谢贵', '', 20),
(2871, 1479167864, 1479168409, 0, '梁家俊', '', 15),
(2872, 1479168207, 1479168235, 0, '杨书明', '', 43),
(2873, 1479168309, 1479168309, 0, 'liangniguo', '', 39),
(2874, 1479170423, 1479170427, 0, '梁家俊', '', 15),
(2875, 1479188588, 1479188605, 0, 'yuqiuman', '', 34),
(2876, 1479209625, 1479211058, 0, '方泽锋', '', 36),
(2877, 1479215384, 1479217504, 0, '杨书明', '', 43),
(2878, 1479217803, 1479217806, 0, '梁家俊', '', 15),
(2879, 1479254196, 1479304155, 0, '谢贵', '', 20),
(2880, 1479254484, 1479290446, 0, '方泽锋', '', 36),
(2881, 1479254538, 1479256952, 0, '杨书明', '', 43),
(2882, 1479254561, 1479302934, 0, '梁家俊', '', 15),
(2883, 1479259792, 1479265414, 0, 'chenlizhun', '', 28),
(2884, 1479277202, 1479279422, 0, 'chenlizhun', '', 28),
(2885, 1479303142, 1479303462, 0, '杨书明', '', 43),
(2886, 1479340511, 1479390157, 0, '谢贵', '', 20),
(2887, 1479340937, 1479376834, 0, '梁家俊', '', 15),
(2888, 1479340973, 1479340973, 0, '方泽锋', '', 36),
(2889, 1479340990, 1479340995, 0, '杨书明', '', 43),
(2890, 1479341822, 1479341845, 0, 'yuqiuman', '', 34),
(2891, 1479364630, 1479427636, 0, '方泽锋', '', 36),
(2892, 1479367084, 1479368796, 0, 'chenlizhun', '', 28),
(2893, 1479390186, 1479390188, 0, '杨书明', '', 43),
(2894, 1479427335, 1479513701, 0, '谢贵', '', 20),
(2895, 1479427439, 1479469568, 0, '杨书明', '', 43),
(2896, 1479427638, 1479462982, 0, '方泽锋', '', 36),
(2897, 1479427659, 1479513899, 0, '梁家俊', '', 15),
(2898, 1479437655, 1479458578, 0, 'chenlizhun', '', 28),
(2899, 1479513716, 1479513718, 0, '谢贵', '', 20),
(2900, 1479513866, 1479513866, 0, '杨书明', '', 43),
(2901, 1479513905, 1479513910, 0, '梁家俊', '', 15),
(2902, 1479514040, 1479515717, 0, '方泽锋', '', 36);

-- --------------------------------------------------------

--
-- 表的结构 `sign_normal_rule`
--

CREATE TABLE IF NOT EXISTS `sign_normal_rule` (
  `id` int(11) NOT NULL AUTO_INCREMENT,
  `mon_start` time NOT NULL,
  `mon_end` time NOT NULL,
  `tue_start` time NOT NULL,
  `tue_end` time NOT NULL,
  `wed_start` time NOT NULL,
  `wed_end` time NOT NULL,
  `thu_start` time NOT NULL,
  `thu_end` time NOT NULL,
  `fri_start` time NOT NULL,
  `fri_end` time NOT NULL,
  `sat_start` time NOT NULL,
  `sat_end` time NOT NULL,
  `note` varchar(100) NOT NULL,
  PRIMARY KEY (`id`)
) ENGINE=MyISAM  DEFAULT CHARSET=utf8 AUTO_INCREMENT=3 ;

--
-- 转存表中的数据 `sign_normal_rule`
--

INSERT INTO `sign_normal_rule` (`id`, `mon_start`, `mon_end`, `tue_start`, `tue_end`, `wed_start`, `wed_end`, `thu_start`, `thu_end`, `fri_start`, `fri_end`, `sat_start`, `sat_end`, `note`) VALUES
(1, '08:10:00', '16:30:00', '08:10:00', '16:30:00', '08:10:00', '16:30:00', '08:10:00', '16:30:00', '08:10:00', '16:30:00', '08:10:00', '16:30:00', '成员组默认考勤时间'),
(2, '19:00:00', '20:30:00', '19:00:00', '20:30:00', '19:00:00', '20:30:00', '19:00:00', '20:30:00', '19:00:00', '20:30:00', '08:10:00', '16:30:00', '学生组默认考勤时间');

-- --------------------------------------------------------

--
-- 表的结构 `sign_other_rule`
--

CREATE TABLE IF NOT EXISTS `sign_other_rule` (
  `id` int(11) NOT NULL AUTO_INCREMENT,
  `type` varchar(50) NOT NULL,
  `note` varchar(100) DEFAULT NULL,
  `start_date` date NOT NULL,
  `end_date` date NOT NULL,
  `start_time` time DEFAULT NULL,
  `end_time` time DEFAULT NULL,
  `users` varchar(100) NOT NULL,
  `user_id` int(11) NOT NULL,
  PRIMARY KEY (`id`)
) ENGINE=MyISAM  DEFAULT CHARSET=utf8 AUTO_INCREMENT=60 ;

--
-- 转存表中的数据 `sign_other_rule`
--

INSERT INTO `sign_other_rule` (`id`, `type`, `note`, `start_date`, `end_date`, `start_time`, `end_time`, `users`, `user_id`) VALUES
(59, '请假', '下午到晚上，家中有事，本人需要外出，包括办卡等杂事', '2016-11-14', '2016-11-14', NULL, NULL, '36', 28),
(56, '放假', '中秋放假', '2016-09-15', '2016-09-15', '08:10:00', '16:30:00', '14,15,20,36,36,39,43,68', 58),
(58, '放假', '国庆', '2016-10-01', '2016-10-02', '08:10:00', '16:30:00', '14,15,20,36,36,39,43,68', 28),
(49, '放假', '假期', '2016-08-07', '2016-08-15', '08:10:00', '16:30:00', '14,15,20,39,43,68', 58),
(52, '请假', '家事', '2016-08-26', '2016-08-26', NULL, NULL, '15', 28),
(54, '请假', '办理入职手续', '2016-09-12', '2016-09-12', NULL, NULL, '14', 14);

-- --------------------------------------------------------

--
-- 表的结构 `sign_work_off`
--

CREATE TABLE IF NOT EXISTS `sign_work_off` (
  `id` int(11) NOT NULL AUTO_INCREMENT,
  `note` varchar(200) NOT NULL,
  `start_date` date NOT NULL,
  `end_date` date NOT NULL,
  `user_id` int(11) NOT NULL,
  PRIMARY KEY (`id`)
) ENGINE=MyISAM  DEFAULT CHARSET=utf8 AUTO_INCREMENT=12 ;

-- --------------------------------------------------------

--
-- 表的结构 `skills`
--

CREATE TABLE IF NOT EXISTS `skills` (
  `id` int(11) NOT NULL AUTO_INCREMENT,
  `title` char(50) NOT NULL,
  `content` text NOT NULL,
  `ass_id` int(11) NOT NULL,
  PRIMARY KEY (`id`)
) ENGINE=MyISAM  DEFAULT CHARSET=utf8 AUTO_INCREMENT=70 ;

--
-- 转存表中的数据 `skills`
--

INSERT INTO `skills` (`id`, `title`, `content`, `ass_id`) VALUES
(1, '["打字新手"]', '速度120', 0),
(2, '["打字老手"]', '速度200', 1),
(3, '["打字专家"]', '速度300', 2),
(4, '["打字传奇"]', '速度400', 3),
(16, '["JS初级"]', '1.JavaScript基础语法：\n类型，变量，表达式，运算符，语句，数组，函数。\n2.事件处理（鼠标事件，键盘事件，文档加载事件，文本事件，拖放事件，滚轮事件）\n3.js模块答题系统10次满分\n小案例集合（随机数字，文字金字塔，剪刀石头布）', 0),
(9, '["JS中级"]', 'Javascript案例', 7),
(7, '["JS初级"]', 'JavaScript基础语法', 5),
(8, '["JQ初级"]', 'Jquery基础语法', 7),
(10, '["设计菜鸟"]', 'PS快捷键的操作（可以做到一些简单的图形处理）', 0),
(11, '["JQ中级"]', 'JQ中级', 8),
(12, '["JS进阶"]', 'JS高级', 9),
(13, '["JQ高级"]', 'JQ高级', 11),
(14, '["JQ高级"]', 'JQ高级', 12),
(17, '["JS中级"]', '1.JavaScript进阶语法：\n对象，类\n2.DOM操作\n3.BOM操作\n4.css操作\n5.JS动画效果\n6.各主流浏览器的兼容性\n小案例集合（返回顶部，倒计时，选项卡，信息列表，分类导航，焦点图轮播）', 16),
(18, '["JS进阶"]', '1.ajax,xml,jsonp操作\n2.js库（Jquery，Jquery-UI，AngularJS）\n3.svg，canvas绘画\n4.正则表达式\n5.开发js类库\n小案例集合（瀑布流，企业网综合实战，js小游戏开发）', 17),
(19, '["JS高级"]', '1.设计模式\n2.jsAPI应用\n3.服务器端js（Rhino，Node）\n4.WEB安全调试调优\n5.开发js框架', 18),
(20, '["JQ初级"]', '1.jquery选择器（基础选择器，过滤选择器，表单选择器）\n2.jquery的css操作', 16),
(21, '["易容新手"]', '可以简单地给人或物改变原有的属性', 10),
(22, '["JQ中级"]', '1.Jquery事件\n2.Jquery特效\n3.Jquery的DOM操作', 20),
(23, '["JQ高级"]', '1.Jquery的Ajax\n2.Jquery-UI\n3.Jquery插件(validate,form,lightBox,jqzoom,cookie,autocomplete,contextmenu,lifocuscolor,twoaddresult)', 22),
(26, '["设计新手"]', '可以做到一些简单的UI元素的设计；\n可以高仿（与原图相差无几）一些效果图（5 5形式）5张由工作室内部提供，5张为自己寻找', 10),
(25, '["易容高手"]', '可以做到把人或物和环境融合得很融洽\n（人物可随意变形，整体感觉不变）', 21),
(31, '["设计老手"]', '可以做到一些比较复杂的UI元素的设计（比如：手机图标的设计，网页界面元素的设计；）\n可以做到设计自己的网页（要求：界面美观、简洁、留白、颜色搭配、字体排版）\n有一些对于界面构成（平面图形、符号应用），排版（字体、图片、图文），配色（颜色心理、颜色含义）的理论\n\n可以高仿一些效果图（5 5形式）5张由工作室内部提供，5张为自己寻找', 26),
(30, '["审美大师"]', '对于各种元素和颜色的应用都可以做到合理，从视觉和心理的角度去给人一种舒适的感觉', 28),
(32, '["自我学习"]', '具备较好的学习习惯，有坚持使用笔记软件记笔记，笔记不少于30篇，有使用词典记英语生词，生词库单词不少于100个。精英班积分达50分以上。', 0),
(35, '["沟通与表达"]', '完成了5次分享活动，参与至少2次精英班课余团队活动（跑步，烧烤，爬山，唱K），积分达100', 32),
(34, '["设计大师"]', '可以做到很复杂的UI元素的设计（比如：ps水墨画，高质量的网页界面的设计、用PS高质量地画出生活用品；）\n可以高仿一些效果图（5 5形式）5张由工作室内部提供，5张为自己寻找', 31),
(36, '["团队合作"]', '参与项目运营或推广，得到项目负责人5星评价，积分达180分', 35),
(37, '["问题解决"]', '能承担项目负责人角色，带领小队伍维护项目，积分300分', 36),
(38, '["后端开发","初级"]', '1、PHP基本语法\n2、SQL增删改查\n\n需要在答题系统，1、2点答题满分', 0),
(39, '["后端开发","中级"]', '1、留言板\n2、讨论组\n3、php常用函数、类的操作(面向对象OOP)\n4、累计自定义函数\n5、了解MVC开发模式\n6、框架使用(YII、CI、ThinkPHP)\n7、维护系统', 38),
(40, '["后端开发","高级"]', '1、框架开发\n2、了解各种设计模式\n3、数据库性能优化\n4、缓存的使用\n5、静态页面、正则表达式', 39),
(43, '["前端布","局中级"]', '1.html5语法\n（新标签，音视频，canvas，svg,web储存,服务器推送，File API的应用）\n2.css3语法\n（新标签，渐变，过渡，裁剪，多列，动画，弹性盒子，2D和3D）\n3.bootstrap框架应用\n4.sass和less应用\n5.HTML5小游戏开发\n6.html5模块答题系统10次满分\n7.css3模块答题系统10次满分', 42),
(42, '["前端布","局初级"]', '1.html基础语法\n（元素，属性，标签）\n2.css基础语法\n（选择器，盒子模型，内联和块级，浮动，定位）\n3.响应式布局\n4.html模块答题系统10次满分\n5.css模块答题系统10次满分\n6.小案例集合\n(表单提交，导航栏，搜索框，信息展示)\n7.布局集合\n（自动居中一列布局，横向两列布局，绝对定位布局，Frame框架布局）\n8.自己布局页面达到20个，工作室安排的布局达到10', 0),
(44, '["前端布","局高级"]', '1.自动化工具\n（grunt, gulp, webpack）\n2.开发调试工具\n（Firebug、Postman）\n3.SEO推广\n4.web app开发\n5.移动web开发\n6.面对对象的css\n7.用户体验和交互优化\n8.前端安全漏洞检查和攻击\n9.网站代码优化，分析并解决性能瓶颈', 43),
(55, '["ccc"]', 'dfseflic\ndflilijief\nsefef', 54),
(68, '["sefefef"]', 'ceefefefe', 67);

-- --------------------------------------------------------

--
-- 表的结构 `studio_homework_jobs`
--

CREATE TABLE IF NOT EXISTS `studio_homework_jobs` (
  `id` int(11) NOT NULL AUTO_INCREMENT,
  `subject_id` int(11) NOT NULL,
  `who` varchar(200) NOT NULL,
  `path` varchar(200) NOT NULL,
  `time` varchar(200) NOT NULL,
  PRIMARY KEY (`id`)
) ENGINE=MyISAM  DEFAULT CHARSET=utf8 AUTO_INCREMENT=516 ;

--
-- 转存表中的数据 `studio_homework_jobs`
--

INSERT INTO `studio_homework_jobs` (`id`, `subject_id`, `who`, `path`, `time`) VALUES
(512, 84, 'JimMing.png', './upload/1456889937.png', '1456889937'),
(513, 84, '梁家俊.png', './upload/1456964594.png', '1456964594'),
(514, 84, 'PHP特性.png', './upload/1456964609.png', '1456964609'),
(515, 84, 'PHP脑图-陈锦浩.png', './upload/1456964842.png', '1456964842');

-- --------------------------------------------------------

--
-- 表的结构 `studio_homework_subject`
--

CREATE TABLE IF NOT EXISTS `studio_homework_subject` (
  `id` int(11) NOT NULL AUTO_INCREMENT,
  `name` varchar(100) NOT NULL,
  `people` varchar(200) NOT NULL,
  `author` varchar(100) NOT NULL,
  `time` varchar(200) NOT NULL,
  `desc` text NOT NULL,
  PRIMARY KEY (`id`)
) ENGINE=MyISAM  DEFAULT CHARSET=utf8 AUTO_INCREMENT=85 ;

--
-- 转存表中的数据 `studio_homework_subject`
--

INSERT INTO `studio_homework_subject` (`id`, `name`, `people`, `author`, `time`, `desc`) VALUES
(84, ' PHP历史版权功能对比脑图', '', 'zz', '1456883072', '');

-- --------------------------------------------------------

--
-- 表的结构 `taskmanagment`
--

CREATE TABLE IF NOT EXISTS `taskmanagment` (
  `TaskId` int(11) NOT NULL AUTO_INCREMENT,
  `TaskDescription` varchar(255) NOT NULL,
  `StartTime` datetime NOT NULL,
  `EndTime` datetime NOT NULL,
  `StatusId` char(1) NOT NULL,
  PRIMARY KEY (`TaskId`)
) ENGINE=MyISAM  DEFAULT CHARSET=utf8 AUTO_INCREMENT=33 ;

--
-- 转存表中的数据 `taskmanagment`
--

INSERT INTO `taskmanagment` (`TaskId`, `TaskDescription`, `StartTime`, `EndTime`, `StatusId`) VALUES
(19, '分享：吴12.8，陈12.15，梁12.22，谢12.29', '2015-12-11 21:31:18', '2016-03-18 16:44:23', 'D'),
(21, '吴：12.12前台界面显示、添加功能 12.19 内容制定、用户数据 12.26 审批、权限、发布', '2015-12-11 21:31:54', '2015-12-18 21:35:30', 'D'),
(23, '谢:12.12回到顶部 12.19 用户数据处理 12.26 回复，发布', '2015-12-11 21:31:56', '2015-12-18 21:35:39', 'D');

-- --------------------------------------------------------

--
-- 表的结构 `tasks`
--

CREATE TABLE IF NOT EXISTS `tasks` (
  `id` int(11) NOT NULL AUTO_INCREMENT,
  `user_id` int(11) NOT NULL,
  `name` varchar(60) NOT NULL,
  `type_id` int(11) NOT NULL,
  `time` int(11) NOT NULL,
  `download_path` varchar(100) NOT NULL,
  `calendar` date NOT NULL,
  `timestamp` int(11) NOT NULL COMMENT '时间戳',
  `trash` int(11) NOT NULL,
  `downloadTimes` int(11) NOT NULL,
  PRIMARY KEY (`id`)
) ENGINE=MyISAM  DEFAULT CHARSET=utf8 AUTO_INCREMENT=529 ;

--
-- 转存表中的数据 `tasks`
--

INSERT INTO `tasks` (`id`, `user_id`, `name`, `type_id`, `time`, `download_path`, `calendar`, `timestamp`, `trash`, `downloadTimes`) VALUES
(115, 15, '梁家俊11.6', 1, 16, 'upload/564be443d02e4.zip', '2015-11-06', 0, 0, 0),
(116, 20, '2015.11.6-谢贵', 3, 20, 'upload/564be443d22c1.png', '2015-11-06', 0, 0, 0),
(117, 28, '我的第一次打字速度测试  who am i', 4, 9, 'upload/564be443d2524.jpg', '2015-11-07', 0, 1, 0),
(118, 43, '第一次打字测试 who am i', 4, 10, 'upload/564be443d5f16.jpg', '2015-11-07', 0, 0, 3),
(125, 1, '11.07打字练习', 4, 11, 'upload/564be443d611d.jpg', '2015-11-07', 0, 0, 0),
(126, 1, '我的第一次打字测试who am I', 4, 11, 'upload/564be443d9c1a.jpg', '2015-11-07', 0, 0, 0),
(232, 28, 'test', 1, 10, 'upload/564be84176cea.txt', '2015-11-18', 1447815233, 1, 0),
(127, 36, '我的打字测试', 4, 11, 'upload/564be443d9e47.jpg', '2015-11-07', 0, 0, 2),
(128, 1, 'Who  am I', 4, 11, 'upload/564be443dd8fa.PNG', '2015-11-07', 0, 0, 0),
(129, 37, '金小风11.7', 4, 12, 'upload/564be443ddaf8.jpg', '2015-11-07', 0, 0, 2),
(130, 1, 'LJF打字', 4, 14, 'upload/564be443e177b.png', '2015-11-07', 0, 0, 0),
(131, 1, 'LJF11.07任务', 3, 14, 'upload/564be443e19bc.psd', '2015-11-07', 0, 0, 0),
(132, 40, '梁剑飞1107任务', 3, 14, 'upload/564be443e52db.psd', '2015-11-07', 0, 0, 0),
(133, 40, '梁剑飞1107打字速递', 4, 14, 'upload/564be443e90be.png', '2015-11-07', 0, 0, 0),
(134, 35, '第一次打字测试成绩', 4, 14, 'upload/564be443e92df.jpg', '2015-11-07', 0, 0, 1),
(135, 31, '第一次打字测试', 1, 15, 'upload/564be443eccf2.png', '2015-11-07', 0, 0, 1),
(136, 1, '微小念*腾讯问卷', 1, 15, 'upload/564be443f0b84.psd', '2015-11-07', 0, 0, 0),
(137, 37, '金小风*腾讯问卷', 3, 15, 'upload/564be443f0d95.psd', '2015-11-07', 0, 0, 2),
(138, 37, '金小风*Who  am   i', 1, 15, 'upload/564be4440046e.jpg', '2015-11-07', 0, 0, 2),
(139, 36, ' 腾讯问卷PS效果图', 1, 16, 'upload/564be44404169.psd', '2015-11-07', 0, 0, 0),
(140, 1, '11.07打字测试', 4, 16, 'upload/564be44404365.jpg', '2015-11-07', 0, 0, 0),
(141, 24, '陈冠全11.07打字测试', 4, 16, 'upload/564be44407e60.jpg', '2015-11-07', 0, 0, 2),
(142, 24, '陈冠全     腾讯问卷', 3, 16, 'upload/564be44408069.jpg', '2015-11-07', 0, 0, 1),
(143, 43, '打字测试成绩', 4, 16, 'upload/564be4440bd57.png', '2015-11-07', 0, 0, 2),
(144, 43, '腾讯问卷', 3, 16, 'upload/564be4440f8ae.psd', '2015-11-07', 0, 0, 2),
(145, 25, '罗锐文2015.11.7第一次打字测试', 1, 16, 'upload/564be4440fc4d.PNG', '2015-11-07', 0, 0, 1),
(146, 25, '2015.11.7腾讯问卷', 3, 16, 'upload/564be4440fef5.jpg', '2015-11-07', 0, 0, 0),
(147, 29, '黄新燕打字测试', 4, 16, 'upload/564be444101da.psd', '2015-11-07', 0, 0, 1),
(148, 38, 'PS', 3, 16, 'upload/564be44410496.psd', '2015-11-07', 0, 0, 0),
(149, 38, '打字测试', 4, 16, 'upload/564be44413509.jpg', '2015-11-07', 0, 0, 1),
(150, 35, '腾讯问卷效果图11.7', 1, 16, 'upload/564be4441721c.psd', '2015-11-07', 0, 0, 0),
(151, 29, '黄新燕  腾讯问卷', 3, 16, 'upload/564be44417479.jpg', '2015-11-07', 0, 0, 0),
(152, 1, '腾讯问卷效果图', 3, 16, 'upload/564be4441b05a.psd', '2015-11-07', 0, 0, 0),
(153, 1, '蔡茵茵', 4, 17, 'upload/564be4441b335.jpg', '2015-11-07', 0, 0, 0),
(154, 1, '蔡茵茵-PS', 3, 17, 'upload/564be4441b5ef.psd', '2015-11-07', 0, 0, 0),
(155, 54, '蔡茵茵 who am i', 4, 17, 'upload/564be4441ebd3.jpg', '2015-11-07', 0, 0, 0),
(156, 34, '腾讯问卷 余秋曼', 4, 17, 'upload/564be444228c9.psd', '2015-11-07', 0, 0, 1),
(157, 54, '蔡茵茵 ps', 3, 17, 'upload/564be444265ca.psd', '2015-11-07', 0, 0, 1),
(158, 34, '余秋曼', 4, 17, 'upload/564be444267dc.png', '2015-11-07', 0, 0, 0),
(159, 19, 'ps版的腾讯问卷', 3, 19, 'upload/564be444269af.psd', '2015-11-07', 0, 0, 0),
(160, 18, '腾讯问卷-谢洪干', 1, 19, 'upload/564be4442a486.rar', '2015-11-07', 0, 0, 2),
(161, 18, '谢洪干打字测试（11.07）', 4, 21, 'upload/564be4442a796.png', '2015-11-07', 0, 0, 3),
(162, 19, 'why am i', 4, 21, 'upload/564be4442aa73.png', '2015-11-07', 0, 0, 0),
(163, 38, '腾讯问卷布局', 1, 10, 'upload/腾讯问卷布局web.rar', '2015-11-11', 0, 0, 0),
(164, 1, '45654', 1, 19, 'upload/45654chrome.exe', '2015-11-11', 0, 0, 0),
(165, 15, '技师协会', 2, 15, 'upload/564be4442dfcd.zip', '2015-11-13', 0, 0, 1),
(166, 20, '技师协会01', 2, 18, 'upload/564be4442e2df.zip', '2015-11-13', 0, 0, 0),
(167, 19, '腾讯问卷做好了', 1, 21, 'upload/564be4442e5ae.rar', '2015-11-13', 0, 0, 0),
(168, 36, '腾讯问卷。', 1, 9, 'upload/564be44431c8e.rar', '2015-11-14', 0, 0, 0),
(169, 1, '梁剑飞', 1, 9, 'upload/564be444359aa.zip', '2015-11-14', 0, 0, 0),
(170, 36, 'DoGe变脸术', 3, 12, 'upload/564be44435c41.jpg', '2015-11-14', 0, 0, 0),
(171, 36, '微信界面PS', 3, 12, 'upload/564be44435e44.rar', '2015-11-14', 0, 0, 0),
(172, 1, '11.14/Who am i打字测试', 4, 12, 'upload/11.14/Who am i打字测试打字测试.jpg', '2015-11-14', 0, 0, 0),
(173, 36, '深海寻宝打字测试', 4, 12, 'upload/564be44439670.jpg', '2015-11-14', 0, 0, 0),
(174, 36, '11.17打字测试', 4, 12, 'upload/564be4443993a.jpg', '2015-11-14', 0, 0, 1),
(175, 1, 'ljf', 1, 12, 'upload/564be4443d37d.zip', '2015-11-14', 0, 0, 0),
(176, 40, 'LJF 打字', 4, 12, 'upload/564be44441054.zip', '2015-11-14', 0, 0, 1),
(177, 1, '陈冠全微信界面', 3, 13, 'upload/564be44444d6b.jpg', '2015-11-14', 0, 0, 0),
(178, 1, '陈冠全微信界面1', 1, 13, 'upload/564be44444fa2.jpg', '2015-11-14', 0, 0, 0),
(179, 1, '陈冠全微信界面2', 3, 13, 'upload/564be44448a1b.jpg', '2015-11-14', 0, 0, 0),
(180, 1, '陈冠全微信界面3', 3, 13, 'upload/564be4444c734.jpg', '2015-11-14', 0, 0, 0),
(181, 37, '金咏梅', 3, 13, 'upload/564be4445041f.rar', '2015-11-14', 0, 0, 1),
(182, 29, '微信界面绘制', 3, 13, 'upload/564be44454117.zip', '2015-11-14', 0, 0, 0),
(183, 24, '陈冠全深海捕鱼', 4, 13, 'upload/564be444543e0.jpg', '2015-11-14', 0, 0, 1),
(184, 24, '陈冠全11.14打字测试', 4, 13, 'upload/564be44457efe.jpg', '2015-11-14', 0, 0, 2),
(185, 24, '陈冠全微信界面4', 1, 13, 'upload/564be4445bb2d.jpg', '2015-11-14', 0, 0, 2),
(186, 31, '11 14深海打字', 4, 13, 'upload/564be4445bd2f.png', '2015-11-14', 0, 0, 0),
(187, 1, '打字游戏', 1, 13, 'upload/564be4445f7f8.psd', '2015-11-14', 0, 0, 0),
(188, 29, '黄新燕', 4, 14, 'upload/564be4445f9fa.psd', '2015-11-14', 0, 0, 0),
(189, 43, '11.14whoami打字', 4, 14, 'upload/564be444634b9.png', '2015-11-14', 0, 0, 2),
(190, 43, '微信界面', 3, 14, 'upload/564be4446371f.psd', '2015-11-14', 0, 1, 0),
(191, 25, '2015.11.14 微信1', 3, 14, 'upload/564be444671ad.jpg', '2015-11-14', 0, 0, 0),
(192, 25, '2015.11.14 微信2', 3, 14, 'upload/564be444673c8.jpg', '2015-11-14', 0, 0, 0),
(193, 43, '11.14who am i 打字测试', 4, 14, 'upload/564be44467679.png', '2015-11-14', 0, 1, 1),
(194, 25, '2015.11.14 微信3', 3, 14, 'upload/564be4446aec7.jpg', '2015-11-14', 0, 0, 0),
(195, 43, 'whoami打字测试', 4, 14, 'upload/564be4446c71a.png', '2015-11-14', 0, 0, 2),
(196, 43, '11.14微信界面1', 3, 14, 'upload/564be4446c9e3.psd', '2015-11-14', 0, 0, 1),
(197, 43, '11.14微信界面2', 3, 14, 'upload/564be4446eba8.psd', '2015-11-14', 0, 0, 1),
(198, 43, '11.14微信界面3', 3, 14, 'upload/564be444728a5.psd', '2015-11-14', 0, 0, 1),
(199, 43, '11.14微信界面4', 3, 14, 'upload/564be44472acc.psd', '2015-11-14', 0, 0, 1),
(200, 25, '2015.11.14（变脸术）', 3, 14, 'upload/564be44472c9f.psd', '2015-11-14', 0, 0, 0),
(201, 25, '2015.11.14微信4', 3, 14, 'upload/564be44476748.jpg', '2015-11-14', 0, 0, 0),
(202, 43, '11.14深海打字', 4, 15, 'upload/564be44476a8c.jpg', '2015-11-14', 0, 0, 1),
(203, 39, '金山打字', 4, 16, 'upload/564be44476d31.png', '2015-11-14', 0, 0, 0),
(204, 34, '打字测试，余秋曼', 4, 16, 'upload/564be4447a2ce.zip', '2015-11-14', 0, 0, 1),
(205, 39, '深海潜水打字游戏', 4, 16, 'upload/564be4447be14.png', '2015-11-14', 0, 0, 1),
(206, 39, '微信', 3, 16, 'upload/564be4447c0f9.psd', '2015-11-14', 0, 0, 0),
(207, 39, '微信2', 3, 16, 'upload/564be4447df8c.zip', '2015-11-14', 0, 0, 0),
(208, 39, 'doge', 3, 16, 'upload/564be44481db4.psd', '2015-11-14', 0, 0, 0),
(209, 31, '微信界面效果图', 1, 16, 'upload/564be44485b56.rar', '2015-11-14', 0, 0, 0),
(210, 31, '微信效果图zzs', 3, 16, 'upload/564be44485dab.rar', '2015-11-14', 0, 0, 0),
(211, 37, '11.14金咏梅', 4, 16, 'upload/564be44489664.rar', '2015-11-14', 0, 0, 1),
(212, 31, '前端微信界面布局', 1, 16, 'upload/564be4448d334.rar', '2015-11-14', 0, 0, 0),
(213, 37, '11.14', 4, 16, 'upload/564be4449108f.rar', '2015-11-14', 0, 0, 2),
(214, 31, 'zzs 打字通测试', 4, 17, 'upload/564be44494d0e.png', '2015-11-14', 0, 0, 1),
(215, 37, '蒙娜丽莎合成图', 3, 17, 'upload/564be44494f6b.psd', '2015-11-14', 0, 0, 2),
(216, 34, '微信界面，余秋曼', 3, 17, 'upload/564be44498a03.zip', '2015-11-14', 0, 0, 0),
(217, 34, 'doge,余秋曼', 3, 17, 'upload/564be44498c66.psd', '2015-11-14', 0, 0, 0),
(218, 54, 'yyc', 1, 18, 'upload/564be4449c6e3.zip', '2015-11-14', 0, 0, 2),
(219, 54, '速度', 4, 18, 'upload/564be444a0465.png', '2015-11-14', 0, 0, 2),
(220, 35, 'HLB11.14', 1, 18, 'upload/564be444a42fe.zip', '2015-11-14', 0, 0, 0),
(221, 18, '11.14-微信界面', 3, 18, 'upload/564be444a4d15.rar', '2015-11-14', 0, 0, 1),
(222, 54, '速度2', 4, 18, 'upload/564be444a7dac.jpg', '2015-11-14', 0, 0, 2),
(223, 35, 'HLB11.14微信平面设计', 3, 18, 'upload/564be444abaa6.psd', '2015-11-14', 0, 0, 0),
(224, 35, '11.7腾讯问卷效果图psd', 3, 18, 'upload/564be444abd4a.psd', '2015-11-14', 0, 0, 0),
(225, 19, '微信界面的PS版', 3, 18, 'upload/564be444ac020.rar', '2015-11-14', 0, 0, 0),
(226, 18, '11.14-蒙娜丽沙', 3, 21, 'upload/564be444af7af.png', '2015-11-14', 0, 0, 1),
(227, 18, '11.14-打字游戏', 4, 21, 'upload/564be444b363b.jpg', '2015-11-14', 0, 0, 1),
(228, 18, '11.14-英文打字', 4, 21, 'upload/564be444b715f.jpg', '2015-11-14', 0, 0, 3),
(229, 19, '先交一个', 4, 21, 'upload/564be444b7491.png', '2015-11-14', 0, 0, 2),
(230, 28, ' test', 1, 14, 'upload/564be444baee2.txt', '2015-11-17', 1447742613, 1, 0),
(231, 1, 'fghfgh', 1, 8, 'upload/564be444beb7a.txt', '2015-11-18', 1447805788, 0, 0),
(233, 28, 'sdfaasdfasf', 1, 10, 'upload/564be883beeae.rar', '2015-11-18', 1447815299, 1, 0),
(234, 38, '11.14-魏子杰-布局', 1, 13, 'upload/564c122f14140.rar', '2015-11-18', 1447825967, 0, 0),
(235, 38, '11.14-魏子杰-PS', 1, 13, 'upload/564c126b04a2f.rar', '2015-11-18', 1447826027, 0, 1),
(236, 38, '11.14-魏子杰-打字', 1, 13, 'upload/564c127b511ed.rar', '2015-11-18', 1447826043, 0, 2),
(237, 36, '微信界面布局', 1, 10, 'upload/564d30e29c95b.rar', '2015-11-19', 1447899362, 0, 1),
(238, 36, '去痘痘', 1, 10, 'upload/564d34b847bcd.jpg', '2015-11-19', 1447900344, 0, 1),
(239, 19, '微信的界面', 1, 18, 'upload/564ef93f74244.rar', '2015-11-20', 1448016191, 0, 0),
(240, 1, '补交', 1, 21, 'upload/564f22bb937bd.png', '2015-11-20', 1448026811, 0, 1),
(241, 19, '补交的', 1, 21, 'upload/564f233e9bbac.png', '2015-11-20', 1448026942, 0, 1),
(242, 40, '1114微信网页任务', 1, 8, 'upload/564fbe0f06d12.rar', '2015-11-21', 1448066575, 0, 3),
(243, 36, '11月21日-有道云布局', 1, 9, 'upload/564fcdfcade3d.rar', '2015-11-21', 1448070652, 0, 2),
(244, 1, '模仿有道笔记', 1, 9, 'upload/564fcee68adcd.rar', '2015-11-21', 1448070886, 0, 2),
(245, 29, '有道云界面布局', 1, 9, 'upload/564fcf04911a9.psd', '2015-11-21', 1448070916, 0, 1),
(246, 18, '有道云笔记 11.21', 1, 9, 'upload/564fcf6c91636.rar', '2015-11-21', 1448071020, 0, 3),
(247, 29, 'photoshop去痘痘', 1, 10, 'upload/564fd08fa8ace.jpg', '2015-11-21', 1448071311, 0, 2),
(248, 1, '11.21打字测试结果', 1, 11, 'upload/564fde4251686.png', '2015-11-21', 1448074818, 0, 1),
(249, 24, '11.21打字测试', 1, 11, 'upload/564fde6234cc7.jpg', '2015-11-21', 1448074850, 0, 3),
(250, 36, '11.21打字测试结果.', 1, 11, 'upload/564fde6a428a6.png', '2015-11-21', 1448074858, 0, 2),
(251, 24, '11.21有道云协作界面设计', 1, 11, 'upload/564fdec122ef7.jpg', '2015-11-21', 1448074945, 0, 3),
(252, 36, '11.21打字游戏', 1, 11, 'upload/564fe1e18d9f6.png', '2015-11-21', 1448075745, 0, 0),
(253, 38, '11.21有道云布局', 1, 11, 'upload/564fe39dc0580.rar', '2015-11-21', 1448076189, 0, 1),
(254, 38, '11.21-ps去痘', 1, 11, 'upload/564fe3d83a995.jpg', '2015-11-21', 1448076248, 0, 1),
(255, 38, '11.21打字', 1, 11, 'upload/564fe3eb79d0a.rar', '2015-11-21', 1448076267, 0, 2),
(256, 24, '11.21深海打字游戏', 1, 11, 'upload/564fe6661e0e9.jpg', '2015-11-21', 1448076902, 0, 1),
(257, 37, '去痘痘与有道云网页效果图', 1, 11, 'upload/564fe68b6e21e.rar', '2015-11-21', 1448076939, 0, 4),
(258, 36, '11.21-ps瘦身与美发', 1, 11, 'upload/564fe7214dcf8.rar', '2015-11-21', 1448077089, 0, 1),
(259, 24, '11.21去痘痘', 1, 11, 'upload/564fe7db2433a.jpg', '2015-11-21', 1448077275, 0, 2),
(260, 29, '打字测试11.21', 1, 11, 'upload/564feaf931791.psd', '2015-11-21', 1448078073, 0, 1),
(261, 25, '2015.11.21有道界面', 1, 11, 'upload/564feafb8931d.jpg', '2015-11-21', 1448078075, 0, 0),
(262, 25, '2015.11.21去痘', 1, 11, 'upload/564feb3580add.jpg', '2015-11-21', 1448078133, 0, 0),
(263, 20, '测试', 1, 12, 'upload/564ff0870364e.lnk', '2015-11-21', 1448079495, 1, 0),
(264, 25, '2015.11.21 who am i', 1, 12, 'upload/564ff12e0cb60.PNG', '2015-11-21', 1448079662, 0, 1),
(265, 43, 'who am i打字速度', 1, 12, 'upload/564ff883b8585.png', '2015-11-21', 1448081539, 0, 4),
(266, 43, '深海打字游戏（中等难度）', 1, 12, 'upload/564ff8bd1f988.png', '2015-11-21', 1448081597, 0, 3),
(267, 43, '除痘痘', 1, 12, 'upload/564ff8f9eca34.jpg', '2015-11-21', 1448081657, 0, 2),
(268, 43, '有道云界面设计', 1, 12, 'upload/564ff92a8872d.psd', '2015-11-21', 1448081706, 0, 2),
(269, 40, '1121任务', 1, 13, 'upload/565005fc7360f.zip', '2015-11-21', 1448084988, 0, 1),
(270, 35, '11.21效果图', 1, 15, 'upload/5650246fe4053.psd', '2015-11-21', 1448092783, 0, 1),
(271, 35, '11.21打字测速及祛痘成果', 1, 16, 'upload/565024b1438f6.png', '2015-11-21', 1448092849, 0, 0),
(272, 31, '有道云', 1, 16, 'upload/565025da957fb.rar', '2015-11-21', 1448093146, 0, 1),
(273, 31, '打字通', 1, 16, 'upload/5650260ac1683.png', '2015-11-21', 1448093194, 0, 2),
(274, 34, 'who am i+海底寻宝，余秋曼', 1, 16, 'upload/565029fba3244.zip', '2015-11-21', 1448094203, 0, 1),
(275, 34, '有道云界面，余秋曼', 1, 16, 'upload/56502aad9ace6.psd', '2015-11-21', 1448094381, 0, 2),
(276, 34, 'ps祛痘，余秋曼', 1, 16, 'upload/56502afb9205a.psd', '2015-11-21', 1448094459, 1, 1),
(277, 34, 'ps祛痘,余秋曼', 1, 16, 'upload/56502bc9c687f.psd', '2015-11-21', 1448094665, 0, 1),
(278, 1, '11.21打字游戏成绩', 1, 16, 'upload/56502bcef2b17.jpg', '2015-11-21', 1448094670, 0, 1),
(279, 18, '11.21 打字游戏成绩', 1, 16, 'upload/56502c063ee63.jpg', '2015-11-21', 1448094726, 0, 1),
(280, 18, '11.21 打字速度', 1, 16, 'upload/56502c2a8a409.jpg', '2015-11-21', 1448094762, 0, 3),
(281, 19, '有道云协助企业版', 1, 17, 'upload/56503d9fd8062.rar', '2015-11-21', 1448099231, 0, 1),
(282, 54, '打字', 1, 19, 'upload/565051d68badb.zip', '2015-11-21', 1448104406, 0, 3),
(283, 54, 'youdaoyun', 1, 19, 'upload/565052253e79c.zip', '2015-11-21', 1448104485, 0, 1),
(284, 18, '11.21 有道云协作', 1, 19, 'upload/5650523abd5e8.psd', '2015-11-21', 1448104506, 0, 2),
(285, 19, '上100了', 1, 20, 'upload/56506729e9a30.rar', '2015-11-21', 1448109865, 0, 2),
(286, 39, '11月21号作业，补交', 1, 19, 'upload/5651ad6635e27.zip', '2015-11-22', 1448193382, 0, 2),
(287, 39, '11月21号作业，补交PS', 1, 19, 'upload/5651ae275619b.zip', '2015-11-22', 1448193575, 0, 3),
(288, 19, '有道云协作企业ps', 1, 16, 'upload/565422cfaf575.rar', '2015-11-24', 1448354511, 0, 3),
(289, 36, '11.28UI布局', 1, 9, 'upload/565908381302b.rar', '2015-11-28', 1448675384, 0, 4),
(290, 36, '11.28 who am i测试', 1, 10, 'upload/56590cfd91669.png', '2015-11-28', 1448676605, 0, 2),
(291, 37, '11.28金咏梅', 1, 11, 'upload/56591a0d2f2fd.rar', '2015-11-28', 1448679949, 0, 2),
(292, 29, '黄新燕打字游戏11.28', 1, 11, 'upload/565924596264b.psd', '2015-11-28', 1448682585, 0, 0),
(293, 29, '黄新燕打字测试11.28', 1, 11, 'upload/5659246eab16e.psd', '2015-11-28', 1448682606, 0, 1),
(294, 29, '黄新燕UI中国设计11.28', 1, 11, 'upload/565924914f828.psd', '2015-11-28', 1448682641, 0, 0),
(295, 29, '黄新燕ps瘦身11.28', 1, 11, 'upload/565924a9219c5.psd', '2015-11-28', 1448682665, 0, 0),
(296, 29, '黄新燕ps改变头发颜色11.28', 1, 11, 'upload/565924c07d7b1.psd', '2015-11-28', 1448682688, 0, 0),
(297, 24, 'ui中国设计    ', 1, 12, 'upload/565927d2b5c16.psd', '2015-11-28', 1448683474, 0, 0),
(298, 43, 'who am i打字新记录', 1, 12, 'upload/56592a5d905b6.png', '2015-11-28', 1448684125, 0, 2),
(299, 43, '打字游戏（困难难度）', 1, 12, 'upload/56592a754e50f.png', '2015-11-28', 1448684149, 0, 1),
(300, 43, '瘦身', 1, 12, 'upload/56592a85f39b6.psd', '2015-11-28', 1448684165, 0, 2),
(301, 43, '染发', 1, 12, 'upload/56592a935c96a.psd', '2015-11-28', 1448684179, 0, 2),
(302, 43, 'UI界面', 1, 12, 'upload/56592aa2d23bf.psd', '2015-11-28', 1448684194, 0, 2),
(303, 24, '11.28深海打字', 1, 12, 'upload/56592b30bcc53.psd', '2015-11-28', 1448684336, 0, 0),
(304, 24, '11.28打字测试', 1, 12, 'upload/56592d1fde8ff.psd', '2015-11-28', 1448684831, 0, 1),
(305, 24, '11.28头发换色', 1, 12, 'upload/56592e806b0da.jpg', '2015-11-28', 1448685184, 0, 0),
(306, 24, '11.28瘦身', 1, 12, 'upload/56592e962519e.jpg', '2015-11-28', 1448685206, 0, 1),
(307, 25, '2015.11.28 打字', 1, 12, 'upload/56592ed86c107.PNG', '2015-11-28', 1448685272, 0, 1),
(308, 25, '2015.11.28 UI设计', 1, 12, 'upload/56592ef542c83.psd', '2015-11-28', 1448685301, 0, 0),
(309, 25, '2015.11.28瘦身', 1, 12, 'upload/56592f0a911cf.jpg', '2015-11-28', 1448685322, 0, 0),
(310, 25, '2015.11.28 头发换色', 1, 12, 'upload/56592f1eb9ef7.jpg', '2015-11-28', 1448685342, 0, 0),
(311, 40, '梁剑飞1128打字与PS', 1, 13, 'upload/56593b1ca4264.zip', '2015-11-28', 1448688412, 0, 2),
(312, 35, 'HLB11.28瘦身成品', 1, 15, 'upload/565959cfce087.psd', '2015-11-28', 1448696271, 0, 0),
(313, 35, 'HLB11.28染发成品', 1, 15, 'upload/565959fd2a85f.jpg', '2015-11-28', 1448696317, 0, 0),
(314, 35, '深海打字11.28目标达成', 1, 15, 'upload/56595a3113fad.png', '2015-11-28', 1448696369, 0, 0),
(315, 35, '金山打字11.28目标达成', 1, 15, 'upload/56595a47c19c4.jpeg', '2015-11-28', 1448696391, 0, 1),
(316, 35, 'UI设计成品11.28', 1, 15, 'upload/56595a7536387.psd', '2015-11-28', 1448696437, 0, 0),
(317, 34, 'ps瘦身，余秋曼', 1, 16, 'upload/56596497d54ad.psd', '2015-11-28', 1448699031, 0, 0),
(318, 34, 'ps染发，余秋曼', 1, 16, 'upload/565964b88aae8.psd', '2015-11-28', 1448699064, 0, 0),
(319, 34, 'UI效果图，余秋曼', 1, 16, 'upload/565964ee3e68e.psd', '2015-11-28', 1448699118, 0, 0),
(320, 34, 'who am i打字测试，余秋曼', 1, 16, 'upload/56596539d3f9f.jpg', '2015-11-28', 1448699193, 0, 1),
(321, 34, '海底寻宝，余秋曼', 1, 16, 'upload/56596554389ae.jpg', '2015-11-28', 1448699220, 0, 0),
(322, 54, '红色染发', 1, 17, 'upload/565979eaefdbf.psd', '2015-11-28', 1448704490, 0, 1),
(323, 54, '变瘦魔术', 1, 17, 'upload/56597a3422a9f.psd', '2015-11-28', 1448704564, 0, 1),
(324, 54, 'UIps', 1, 17, 'upload/56597aa0b164d.psd', '2015-11-28', 1448704672, 0, 1),
(325, 54, '打字游', 1, 18, 'upload/56597b4a47919.png', '2015-11-28', 1448704842, 0, 1),
(326, 54, '打字非一般的速度', 1, 18, 'upload/56597ba47977f.png', '2015-11-28', 1448704932, 0, 2),
(327, 19, 'ul头部', 1, 18, 'upload/565985e6089b2.rar', '2015-11-28', 1448707558, 0, 1),
(328, 19, '下星期平均要100', 1, 20, 'upload/56599ed9862c5.rar', '2015-11-28', 1448713945, 0, 1),
(329, 18, '11-28 打字速度', 1, 21, 'upload/5659a718a22c6.png', '2015-11-28', 1448716056, 0, 4),
(330, 18, '11-28 打字游戏  13关', 1, 21, 'upload/5659a73be3451.png', '2015-11-28', 1448716091, 0, 1),
(331, 39, '打字速度', 1, 21, 'upload/5659acaabce4d.zip', '2015-11-28', 1448717482, 0, 2),
(332, 39, 'PS练习', 1, 21, 'upload/5659acd550121.zip', '2015-11-28', 1448717525, 0, 1),
(333, 18, '11-28 PS换头发颜色', 1, 21, 'upload/5659aecba4d85.psd', '2015-11-28', 1448718027, 0, 0),
(334, 18, '11-28 ui中国 ', 1, 19, 'upload/565ae10060e9e.psd', '2015-11-29', 1448796416, 0, 2),
(335, 18, '11-28 瘦身', 1, 19, 'upload/565ae5d5d1690.psd', '2015-11-29', 1448797653, 0, 0),
(336, 39, '还差5个字', 1, 20, 'upload/565aef5644677.png', '2015-11-29', 1448800086, 0, 5),
(337, 19, '瘦、换发', 1, 20, 'upload/565af4ce74337.rar', '2015-11-29', 1448801486, 0, 0),
(338, 38, '11.28-ui布局', 1, 11, 'upload/565bbe716003c.rar', '2015-11-30', 1448853105, 0, 1),
(339, 38, '11.28-ps美发瘦身', 1, 11, 'upload/565bbe855f24a.rar', '2015-11-30', 1448853125, 0, 1),
(340, 1, '11.28-打字', 1, 11, 'upload/565bc20a18a49.jpg', '2015-11-30', 1448854026, 0, 1),
(341, 36, '单眼皮变双眼皮', 1, 14, 'upload/565fdb8baa438.png', '2015-12-03', 1449122699, 0, 4),
(342, 31, 'UI效果图', 1, 9, 'upload/56623b2fea91f.psd', '2015-12-05', 1449278255, 0, 1),
(343, 38, '12.5-im.qq.com布局', 1, 11, 'upload/566253ce13123.rar', '2015-12-05', 1449284558, 0, 3),
(344, 38, '12.5-单眼皮PS', 1, 11, 'upload/566253f8a054b.jpg', '2015-12-05', 1449284600, 0, 1),
(345, 38, '12.5-打字', 1, 11, 'upload/5662540c7a84d.jpg', '2015-12-05', 1449284620, 0, 2),
(346, 18, '打字游戏 15', 1, 11, 'upload/56625558112a3.png', '2015-12-05', 1449284952, 0, 1),
(347, 37, 'QQ和QQ的眼睛', 1, 11, 'upload/56625b668b4d3.rar', '2015-12-05', 1449286502, 0, 5),
(348, 43, 'who am i 上230啦！', 1, 11, 'upload/56625cdf82eb4.png', '2015-12-05', 1449286879, 0, 3),
(349, 43, 'QQ界面', 1, 11, 'upload/56625d15c701e.psd', '2015-12-05', 1449286933, 0, 2),
(350, 43, '双眼皮', 1, 11, 'upload/56625d29caf8f.psd', '2015-12-05', 1449286953, 0, 2),
(351, 1, 'qq和眼皮', 1, 12, 'upload/566265921cd46.rar', '2015-12-05', 1449289106, 0, 0),
(352, 39, '没变', 1, 12, 'upload/5662659ee0f22.png', '2015-12-05', 1449289118, 0, 1),
(353, 19, 'qq界面和眼皮', 1, 12, 'upload/566265bb1805f.rar', '2015-12-05', 1449289147, 0, 0),
(354, 29, '黄新燕12.5单眼皮变双眼皮', 1, 12, 'upload/5662668e4eca7.psd', '2015-12-05', 1449289358, 0, 0),
(355, 29, '黄新燕12.5QQ界面绘制', 1, 12, 'upload/566266b440f41.psd', '2015-12-05', 1449289396, 0, 0),
(356, 29, '黄新燕12.5打字测试', 1, 12, 'upload/566266c529a81.psd', '2015-12-05', 1449289413, 0, 1),
(357, 29, '黄新燕12.5打字游戏', 1, 12, 'upload/566266d77c7ad.psd', '2015-12-05', 1449289431, 0, 1),
(358, 19, '上100', 1, 13, 'upload/56627c92455e2.png', '2015-12-05', 1449294994, 0, 1),
(359, 18, 'ul 网页', 1, 14, 'upload/56628439bde94.rar', '2015-12-05', 1449296953, 0, 1),
(360, 35, 'HLB12.5金山打字测速成绩', 1, 15, 'upload/566290d853dea.png', '2015-12-05', 1449300184, 0, 1),
(361, 35, '单眼皮姑娘华丽变身', 1, 15, 'upload/5662910c32422.psd', '2015-12-05', 1449300236, 0, 0),
(362, 35, 'Qq页面绘制效果图12.5', 1, 15, 'upload/5662913515668.psd', '2015-12-05', 1449300277, 0, 0),
(363, 34, 'IMQQ界面绘制', 1, 15, 'upload/566296dfa5100.psd', '2015-12-05', 1449301727, 0, 0),
(364, 34, '单眼皮变双眼皮，余秋曼', 1, 15, 'upload/5662973c49a5b.psd', '2015-12-05', 1449301820, 0, 1),
(365, 34, 'who am i ,余秋曼', 1, 15, 'upload/56629762ee8f9.jpg', '2015-12-05', 1449301858, 0, 2),
(366, 34, '游戏海底寻宝，余秋曼', 1, 15, 'upload/566297ce3e380.png', '2015-12-05', 1449301966, 0, 1),
(367, 18, '12.05PS', 1, 16, 'upload/56629daeb5f84.rar', '2015-12-05', 1449303470, 0, 0),
(368, 31, '12 5', 1, 16, 'upload/5662a6e82190e.rar', '2015-12-05', 1449305832, 0, 1),
(369, 54, '打字速度125', 1, 17, 'upload/5662ace252385.png', '2015-12-05', 1449307362, 0, 1),
(370, 54, 'qq页面设计125', 1, 17, 'upload/5662ad604e045.psd', '2015-12-05', 1449307488, 0, 0),
(371, 18, '12.05打字速度', 1, 21, 'upload/5662ec29769b6.png', '2015-12-05', 1449323561, 0, 3),
(372, 18, '微信网页', 1, 17, 'upload/5663ffeba3c98.rar', '2015-12-06', 1449394155, 0, 1),
(373, 39, '12.05', 1, 15, 'upload/5665347234e4d.zip', '2015-12-07', 1449473138, 0, 3),
(374, 28, '212字，还行', 1, 16, 'upload/5666943ce9845.png', '2015-12-08', 1449563196, 0, 6),
(375, 24, '12.05平面设计', 1, 19, 'upload/5669650588212.jpg', '2015-12-10', 1449747717, 0, 2),
(376, 25, '2015.12.05 IMQQ效果图', 1, 19, 'upload/566968f055054.jpg', '2015-12-10', 1449748720, 0, 0),
(377, 25, '2015.12.05单变双', 1, 20, 'upload/566970fe1e9cf.jpg', '2015-12-10', 1449750782, 0, 0),
(378, 19, 'im.qq.com', 1, 21, 'upload/566ad00cd47ec.rar', '2015-12-11', 1449840652, 0, 2),
(379, 36, '12.12【画鸡蛋】', 1, 10, 'upload/566b8858671c4.jpg', '2015-12-12', 1449887832, 0, 2),
(380, 36, '12.12【职业女性换装】', 1, 10, 'upload/566b89e2b15c0.jpg', '2015-12-12', 1449888226, 0, 1),
(381, 36, '12.12【apple官网布局】', 1, 10, 'upload/566b8a40e7a22.rar', '2015-12-12', 1449888320, 1, 0),
(382, 36, '12.12【apple官网ps绘制】', 1, 10, 'upload/566b8b218294a.rar', '2015-12-12', 1449888545, 0, 0),
(383, 39, '12.12PS', 1, 11, 'upload/566b8fd2b18f6.zip', '2015-12-12', 1449889746, 0, 0),
(384, 38, '12.12-apple官网布局', 1, 11, 'upload/566b99d996f67.rar', '2015-12-12', 1449892313, 0, 1),
(385, 38, '12.12-ps换装', 1, 11, 'upload/566b9a00cef07.jpg', '2015-12-12', 1449892352, 0, 0),
(386, 38, '12.12-打字', 1, 11, 'upload/566b9a19b67e2.jpg', '2015-12-12', 1449892377, 0, 1),
(387, 36, '12.12【apple网站布局】', 1, 11, 'upload/566b9b520a97b.rar', '2015-12-12', 1449892690, 0, 0),
(388, 1, '12.12打字测试', 1, 12, 'upload/566b9d335038d.psd', '2015-12-12', 1449893171, 0, 0),
(389, 29, '12.12打字测试黄新燕', 1, 12, 'upload/566b9d7a00e05.psd', '2015-12-12', 1449893242, 0, 1),
(390, 29, '12.12打字游戏', 1, 12, 'upload/566b9d9350335.psd', '2015-12-12', 1449893267, 0, 0),
(391, 29, '12.12苹果官网手机版', 1, 12, 'upload/566b9da7a0acf.psd', '2015-12-12', 1449893287, 0, 0),
(392, 29, '12.12苹果官网', 1, 12, 'upload/566b9dbb3654a.psd', '2015-12-12', 1449893307, 0, 0),
(393, 25, '2015.12.12女性变装', 1, 12, 'upload/566b9ed584498.jpg', '2015-12-12', 1449893589, 0, 0),
(394, 25, '2015.12.12苹果官网', 1, 12, 'upload/566b9f00a94b8.jpg', '2015-12-12', 1449893632, 0, 0),
(395, 43, '换装', 1, 12, 'upload/566b9fdb6d256.psd', '2015-12-12', 1449893851, 0, 2),
(396, 43, '手机版苹果官网', 1, 12, 'upload/566b9ff10976c.psd', '2015-12-12', 1449893873, 0, 1),
(397, 43, 'PC版苹果官网', 1, 12, 'upload/566ba0006e703.psd', '2015-12-12', 1449893888, 0, 1),
(398, 29, '12.12ps换装', 1, 12, 'upload/566ba1de34d21.psd', '2015-12-12', 1449894366, 0, 1),
(399, 43, 'who am i上250了', 1, 12, 'upload/566ba20e87215.png', '2015-12-12', 1449894414, 0, 3),
(400, 24, '12.12苹果官网PC版', 1, 12, 'upload/566ba25891ff4.psd', '2015-12-12', 1449894488, 0, 0),
(401, 24, '12.12打字测试160', 1, 12, 'upload/566ba2a948377.psd', '2015-12-12', 1449894569, 0, 1),
(402, 37, '12.12', 1, 13, 'upload/566bacae3c5e3.rar', '2015-12-12', 1449897134, 1, 0),
(403, 37, '12.12金咏梅', 1, 13, 'upload/566baccf64292.rar', '2015-12-12', 1449897167, 0, 1),
(404, 1, '职业女性换装', 1, 15, 'upload/566bce2bdde00.psd', '2015-12-12', 1449905707, 0, 1),
(405, 1, '苹果1212', 1, 15, 'upload/566bce674a40b.psd', '2015-12-12', 1449905767, 0, 0),
(406, 1, '苹果02', 1, 15, 'upload/566bce9626c29.psd', '2015-12-12', 1449905814, 0, 0),
(407, 24, '苹果官网手机', 1, 16, 'upload/566bda5e0af3d.psd', '2015-12-12', 1449908830, 0, 0),
(408, 34, 'who am i 打字测试', 1, 17, 'upload/566be9880d5aa.jpg', '2015-12-12', 1449912712, 0, 1),
(409, 34, '海底寻宝', 1, 17, 'upload/566be9a4520da.png', '2015-12-12', 1449912740, 0, 0),
(410, 34, '苹果官网ps绘制', 1, 17, 'upload/566be9ee52392.psd', '2015-12-12', 1449912814, 0, 1),
(411, 34, '苹果手机官网ps绘制', 1, 17, 'upload/566bea1c4ed0e.psd', '2015-12-12', 1449912860, 0, 1),
(412, 34, 'ps换装', 1, 17, 'upload/566bea39a2529.psd', '2015-12-12', 1449912889, 0, 1),
(413, 35, '12.12打地鼠成绩', 1, 18, 'upload/566bf803896f6.png', '2015-12-12', 1449916419, 0, 0),
(414, 35, '手机版苹果界面绘制成品12.12', 1, 18, 'upload/566bf835d45f1.psd', '2015-12-12', 1449916469, 0, 0),
(415, 35, 'Ipad版苹果界面绘制12.12', 1, 18, 'upload/566bfae947e3b.zip', '2015-12-12', 1449917161, 0, 0),
(416, 35, '换装成功12.12', 1, 18, 'upload/566bfb32adfbb.psd', '2015-12-12', 1449917234, 0, 0),
(417, 19, 'ip页面', 1, 19, 'upload/566bfeb848970.rar', '2015-12-12', 1449918136, 0, 0),
(418, 18, '12-12苹果官网 Pc', 1, 21, 'upload/566c20beefa5f.psd', '2015-12-12', 1449926846, 0, 1),
(419, 18, '12-12换装', 1, 21, 'upload/566c20e6a4f2a.psd', '2015-12-12', 1449926886, 0, 0),
(420, 18, '12-12打字游戏 15', 1, 21, 'upload/566c210c95962.png', '2015-12-12', 1449926924, 0, 0),
(421, 18, '12-12打字速度 182', 1, 21, 'upload/566c245ad92f2.png', '2015-12-12', 1449927770, 0, 2),
(422, 18, '苹果手机端PS', 1, 14, 'upload/566d119112fd0.psd', '2015-12-13', 1449988497, 0, 1),
(423, 19, '不可以吃的apple', 1, 20, 'upload/566eb63fec436.rar', '2015-12-14', 1450096191, 0, 2),
(424, 18, 'qq.com  ', 1, 20, 'upload/566ebaad362d8.rar', '2015-12-14', 1450097325, 0, 2),
(425, 39, '上两百咯', 1, 20, 'upload/5672b16b9b615.png', '2015-12-17', 1450357099, 0, 4),
(426, 20, '测试1', 1, 21, 'upload/5672b2809f5c3.jpg', '2015-12-17', 1450357376, 0, 2),
(427, 36, '12.19【nodejs布局】', 1, 10, 'upload/5674be9dbdfd8.rar', '2015-12-19', 1450491549, 0, 1),
(428, 37, '12.19音乐吗', 3, 10, 'upload/5674bf62632b5.rar', '2015-12-19', 1450491746, 0, 1),
(429, 31, '1212', 1, 10, 'upload/5674c096c2b48.html', '2015-12-19', 1450492054, 0, 1),
(430, 36, '12.19【音乐APP】', 3, 10, 'upload/5674c4e269631.png', '2015-12-19', 1450493154, 0, 0),
(431, 19, 'node', 1, 10, 'upload/5674c742cfc44.rar', '2015-12-19', 1450493762, 0, 0),
(432, 36, '12.19【打字测试】', 4, 11, 'upload/5674ce22d69bf.jpg', '2015-12-19', 1450495522, 0, 2),
(433, 38, 'nodejs布局', 1, 11, 'upload/5674d0b836fe0.rar', '2015-12-19', 1450496184, 0, 0),
(434, 38, '画鸡蛋', 3, 11, 'upload/5674d0e364c14.jpg', '2015-12-19', 1450496227, 0, 0),
(435, 38, '音乐APP', 3, 11, 'upload/5674d0f59c40e.psd', '2015-12-19', 1450496245, 0, 0),
(436, 0, '12.14.打字测试', 4, 11, 'upload/5674d4c39e234.jpg', '2015-12-19', 1450497219, 0, 0),
(437, 0, '12.19-打字测试', 4, 11, 'upload/5674d4eb9a629.jpg', '2015-12-19', 1450497259, 0, 0),
(438, 43, 'who am I 上250了', 4, 11, 'upload/5674d53282564.png', '2015-12-19', 1450497330, 0, 2),
(439, 43, '12.19画鸡蛋', 3, 11, 'upload/5674d5631543b.psd', '2015-12-19', 1450497379, 0, 1),
(440, 31, '1212音乐APP', 3, 11, 'upload/5674d56753af9.psd', '2015-12-19', 1450497383, 0, 0),
(441, 43, '12.19 Node', 3, 11, 'upload/5674d588d825c.psd', '2015-12-19', 1450497416, 0, 2),
(442, 43, '12.19 音乐APP', 3, 11, 'upload/5674d5a70a482.psd', '2015-12-19', 1450497447, 0, 1),
(443, 31, '121画鸡蛋', 3, 11, 'upload/5674d5c043144.psd', '2015-12-19', 1450497472, 0, 0),
(444, 40, '1219(打字/PS:鸡蛋，APP)', 3, 12, 'upload/5674d75f57090.zip', '2015-12-19', 1450497887, 0, 1),
(445, 19, 'nodejs模拟ps版', 3, 12, 'upload/5674d7c48f63f.rar', '2015-12-19', 1450497988, 0, 0),
(446, 24, '画画鸡蛋..', 3, 12, 'upload/5674db246ab9b.psd', '2015-12-19', 1450498852, 0, 0),
(447, 24, 'node...', 3, 12, 'upload/5674db421e5f9.psd', '2015-12-19', 1450498882, 0, 0),
(448, 25, '2015.12.19', 3, 12, 'upload/5674dbad1fdd2.psd', '2015-12-19', 1450498989, 0, 0),
(449, 25, '2015.12.19蛋蛋', 3, 12, 'upload/5674dc112b266.jpg', '2015-12-19', 1450499089, 0, 0),
(450, 29, 'ps画鸡蛋', 3, 12, 'upload/5674e30491717.psd', '2015-12-19', 1450500868, 0, 0),
(451, 29, 'nodejs效果', 4, 12, 'upload/5674e321cc470.psd', '2015-12-19', 1450500897, 0, 0),
(452, 29, 'ps校园通', 3, 12, 'upload/5674e3337b689.psd', '2015-12-19', 1450500915, 0, 0),
(453, 29, '12.19打字测试', 4, 12, 'upload/5674e36a7a217.psd', '2015-12-19', 1450500970, 0, 1),
(454, 19, '过120了', 4, 13, 'upload/5674e6e109b71.png', '2015-12-19', 1450501857, 0, 1),
(455, 31, 'nodejs效果图', 3, 13, 'upload/5674e9b8bb748.psd', '2015-12-19', 1450502584, 0, 0),
(456, 34, 'ps绘制鸡蛋', 3, 16, 'upload/5675122d5df5c.psd', '2015-12-19', 1450512941, 0, 3),
(457, 34, '校园通', 3, 16, 'upload/567512471744c.psd', '2015-12-19', 1450512967, 0, 3),
(458, 34, 'nodejs效果，ps绘制', 3, 16, 'upload/56751293bb07e.psd', '2015-12-19', 1450513043, 0, 2),
(459, 34, 'who am i 和海底寻宝打字测速', 4, 16, 'upload/56751318b3a3d.zip', '2015-12-19', 1450513176, 0, 2),
(460, 0, '鸡蛋1219', 3, 16, 'upload/567514bd33dc5.psd', '2015-12-19', 1450513597, 0, 0),
(461, 54, 'phope1210', 3, 16, 'upload/56751525a910f.psd', '2015-12-19', 1450513701, 0, 2),
(462, 54, 'nodejs1219', 3, 16, 'upload/5675156cd3b14.psd', '2015-12-19', 1450513772, 0, 0),
(463, 54, '1219蛋', 3, 16, 'upload/567515f6154c3.psd', '2015-12-19', 1450513910, 0, 0),
(464, 0, '鸡蛋', 3, 16, 'upload/56751b3fa6d16.psd', '2015-12-19', 1450515263, 0, 0),
(465, 35, '备胎转正', 3, 16, 'upload/56751c45bd85c.psd', '2015-12-19', 1450515525, 0, 2),
(466, 35, '圣蛋', 3, 16, 'upload/56751c5f53ce3.psd', '2015-12-19', 1450515551, 0, 2),
(467, 35, '那个什么nodejs界面绘制成品', 3, 17, 'upload/56751c9804824.psd', '2015-12-19', 1450515608, 0, 0),
(468, 18, '蛋蛋', 3, 17, 'upload/56751d7cee90b.psd', '2015-12-19', 1450515836, 0, 1),
(469, 18, 'node.js', 3, 17, 'upload/56751e66d10d2.psd', '2015-12-19', 1450516070, 0, 1),
(470, 18, 'phone', 3, 17, 'upload/56751e9bec0df.psd', '2015-12-19', 1450516123, 0, 1),
(471, 35, '此处下降到130，破产了吗？', 4, 17, 'upload/56752a3171e9f.png', '2015-12-19', 1450519089, 0, 2),
(472, 54, 'typing  speed', 4, 18, 'upload/56752b818137c.png', '2015-12-19', 1450519425, 0, 2),
(473, 18, '打字163  退步了', 4, 18, 'upload/56752cffb39c2.png', '2015-12-19', 1450519807, 0, 2),
(474, 39, '210....', 4, 18, 'upload/5676816fec49e.PNG', '2015-12-20', 1450606959, 0, 3),
(475, 39, '12.19PS', 3, 18, 'upload/5676818bdb816.zip', '2015-12-20', 1450606987, 0, 2),
(476, 0, '3', 1, 10, 'upload/56775d56c7b59.jpg', '2015-12-21', 1450663254, 0, 0),
(477, 24, '184进步了....', 4, 10, 'upload/567764c60b9de.jpg', '2015-12-21', 1450665158, 0, 3),
(478, 24, '校园通.', 3, 20, 'upload/5677f6c6e1438.psd', '2015-12-21', 1450702534, 0, 2),
(479, 36, '12.24【打了蜡的苹果】', 3, 8, 'upload/567b4356969e2.jpg', '2015-12-24', 1450918742, 0, 5),
(480, 19, '切换模式', 3, 21, 'upload/567bf6f61afd4.rar', '2015-12-24', 1450964726, 0, 1),
(481, 19, '圣蛋快乐', 3, 18, 'upload/567d1a5956a4a.rar', '2015-12-25', 1451039321, 0, 0),
(482, 40, 'LJF1219网页布局与效果图', 1, 9, 'upload/567de73045dcc.zip', '2015-12-26', 1451091760, 0, 4),
(483, 36, '12.26【苹果】', 3, 11, 'upload/567e037c45df5.jpg', '2015-12-26', 1451099004, 1, 3),
(484, 36, '12.26【苹果.】', 3, 11, 'upload/567e0602a9547.jpg', '2015-12-26', 1451099650, 0, 0),
(485, 36, '12.26【opera网页布局】', 1, 11, 'upload/567e06901271a.rar', '2015-12-26', 1451099792, 0, 0),
(486, 38, '12.26-opera布局', 1, 11, 'upload/567e095112397.rar', '2015-12-26', 1451100497, 0, 0),
(487, 38, '12.26-苹果上色', 3, 11, 'upload/567e0966596e4.jpg', '2015-12-26', 1451100518, 0, 0),
(488, 25, '2015.12.26 opera', 3, 11, 'upload/567e1059b634c.jpg', '2015-12-26', 1451102297, 0, 0),
(489, 43, 'who am i上260了', 4, 12, 'upload/567e15efef0da.png', '2015-12-26', 1451103727, 0, 3),
(490, 43, '苹果上色', 3, 12, 'upload/567e1608cdc79.psd', '2015-12-26', 1451103752, 0, 1),
(491, 43, 'opera', 3, 12, 'upload/567e161756163.psd', '2015-12-26', 1451103767, 0, 2),
(492, 25, '2015.12.26苹果', 3, 12, 'upload/567e18b298a8c.jpg', '2015-12-26', 1451104434, 0, 0),
(493, 24, '苹果.', 3, 12, 'upload/567e1b777172f.psd', '2015-12-26', 1451105143, 0, 1),
(494, 24, '欧鹏', 3, 12, 'upload/567e1b8a0cce0.psd', '2015-12-26', 1451105162, 0, 0),
(495, 29, 'ps苹果', 3, 12, 'upload/567e1d24a7705.psd', '2015-12-26', 1451105572, 0, 2),
(496, 29, 'PS.opera', 3, 12, 'upload/567e1d50a5262.psd', '2015-12-26', 1451105616, 0, 0),
(497, 18, '12-26 打字172', 3, 15, 'upload/567e3f4e011d3.png', '2015-12-26', 1451114317, 0, 1),
(498, 19, '这不是浏览器', 1, 15, 'upload/567e43f391221.rar', '2015-12-26', 1451115507, 0, 0),
(499, 37, '毒皇后', 3, 15, 'upload/567e464c982c2.psd', '2015-12-26', 1451116108, 0, 3),
(500, 34, '“我是谁”打字测试', 4, 16, 'upload/567e4a0b3e68b.png', '2015-12-26', 1451117067, 0, 2),
(501, 34, '苹果', 3, 16, 'upload/567e4a33d9b0d.psd', '2015-12-26', 1451117107, 0, 0),
(502, 34, 'opera页面绘制', 3, 16, 'upload/567e4a7ccbd62.psd', '2015-12-26', 1451117180, 0, 0),
(503, 37, '红苹果', 3, 16, 'upload/567e4a7e3a032.psd', '2015-12-26', 1451117182, 0, 4),
(504, 31, '12 26苹果', 3, 16, 'upload/567e4b79159a3.psd', '2015-12-26', 1451117433, 0, 0),
(505, 0, '不一样的apple', 3, 18, 'upload/567e687d30853.psd', '2015-12-26', 1451124861, 0, 0),
(506, 54, '1226apple', 3, 18, 'upload/567e6a4ee25d7.zip', '2015-12-26', 1451125326, 0, 0),
(507, 54, '1226opera', 3, 18, 'upload/567e6a7f18653.psd', '2015-12-26', 1451125375, 0, 1),
(508, 19, '苹果一代', 3, 18, 'upload/567e6bc6e3392.rar', '2015-12-26', 1451125702, 0, 1),
(509, 35, '测速147，加油，有很大进步空间！', 4, 18, 'upload/567e6e84d4c23.png', '2015-12-26', 1451126404, 0, 1),
(510, 35, '平安果，你吃了吗？', 3, 18, 'upload/567e6e99bd2b0.psd', '2015-12-26', 1451126425, 0, 0),
(511, 35, 'opera终于弄好了，哦耶！', 3, 18, 'upload/567e6edd4e77c.psd', '2015-12-26', 1451126493, 0, 1),
(512, 19, 'op', 3, 21, 'upload/567e91b4849d5.rar', '2015-12-26', 1451135412, 0, 0),
(513, 19, '这不 是浏览器（补）', 1, 21, 'upload/567e939641754.rar', '2015-12-26', 1451135894, 0, 1),
(514, 39, '12.26', 3, 21, 'upload/567fe75654fa0.zip', '2015-12-27', 1451222870, 0, 1),
(515, 39, '192', 4, 21, 'upload/567fe922a422e.png', '2015-12-27', 1451223330, 0, 4),
(516, 37, '微小念', 4, 21, 'upload/568a6faea4b3d.jpg', '2016-01-04', 1451913134, 0, 3),
(517, 43, 'who am i再创新高！', 4, 21, 'upload/568a72315f7ec.png', '2016-01-04', 1451913777, 0, 11),
(518, 37, '1月5日', 4, 21, 'upload/568bc7feb416a.jpg', '2016-01-05', 1452001278, 0, 2),
(519, 35, 'HLB1.14测速148', 4, 17, 'upload/569768a579ec6.png', '2016-01-14', 1452763301, 0, 0),
(520, 35, '食道首页（美食APP）', 3, 17, 'upload/569768cfe9c53.psd', '2016-01-14', 1452763343, 0, 1),
(521, 35, '食道登录框', 3, 17, 'upload/569768e25ed91.psd', '2016-01-14', 1452763362, 0, 0),
(522, 16, '陈浩', 1, 8, 'upload/56c26fe6f0b9f.zip', '2016-02-16', 1455583206, 0, 5),
(523, 31, '绘制芒果（朱柱烁）', 3, 10, 'upload/56da4979b9123.psd', '2016-03-05', 1457146233, 0, 1),
(524, 29, 'ps芒果', 3, 12, 'upload/56da5b316958d.psd', '2016-03-05', 1457150769, 0, 0),
(525, 29, '3.4打字测试', 4, 12, 'upload/56da5d88b3cc3.psd', '2016-03-05', 1457151368, 0, 0),
(526, 18, '芒果', 3, 12, 'upload/56da60c6e537d.psd', '2016-03-05', 1457152198, 0, 1),
(527, 29, '3.12daziceshi', 4, 12, 'upload/56e3a21045ab5.psd', '2016-03-12', 1457758736, 0, 0),
(528, 29, '急事帮APP', 3, 12, 'upload/56e3a249cde5e.mp', '2016-03-12', 1457758793, 0, 2);

-- --------------------------------------------------------

--
-- 表的结构 `task_title`
--

CREATE TABLE IF NOT EXISTS `task_title` (
  `id` int(11) NOT NULL AUTO_INCREMENT,
  `title` varchar(120) NOT NULL COMMENT '项目标题',
  `des` text NOT NULL COMMENT '项目详细描述',
  `type_id` int(11) NOT NULL COMMENT '项目类型ID',
  `startTime` int(11) NOT NULL COMMENT '开始时间',
  `endTime` int(11) NOT NULL COMMENT '结束时间',
  `responsible` varchar(255) NOT NULL COMMENT '项目负责人',
  `author` int(11) NOT NULL COMMENT '项目发布人',
  PRIMARY KEY (`id`)
) ENGINE=MyISAM  DEFAULT CHARSET=utf8 AUTO_INCREMENT=24 ;

--
-- 转存表中的数据 `task_title`
--

INSERT INTO `task_title` (`id`, `title`, `des`, `type_id`, `startTime`, `endTime`, `responsible`, `author`) VALUES
(1, '画一个非常逼真的芒果', '利用PS的各种技巧，画一根非常逼真芒果。http://www.jb51.net/photoshop/89426.html', 3, 1457107200, 1457712000, '43,34,35,38,36,19,59,54,46,40,39,37,25,24,18,1', 28),
(2, '3月5号 打字 周六', '记录一次打字速度', 4, 1457107200, 1457107200, '43,34,35,36,38,54,40,39,37,25,24,18', 28),
(3, 'Search 页面效果设计', '需要使用到学校LOGO，有两个页面，想一想怎么做会合理一点，想一想这个页面最终是有1000多学生或学生家长使用。', 3, 1457107200, 1457107200, '43,34,35', 28),
(4, 'Search 页面布局', '根据设计组同学提升的作业成果，进行标准化布局', 1, 1457107200, 1457712000, '36,38', 28),
(5, '急事帮网站COPY', '急事帮全称急事帮信息科技（上海）有限公司JISHIBANG.COM.CN；成立于2014年，公司总部在中国上海。\r\n公司致力于搭建专业的上门维修服务平台，除了服务普通家庭的同时，主要提供物业维修服务给分散式长短租公寓和连锁商业店铺等。急事帮为用户提供3分钟响应、30分钟到达、24小时安全效率的上门服务。\r\n公司网站：http://www.jsb.so/\r\n我们的任务是，将这个网站COPY，变成静态的HTML页面。', 1, 1457625600, 1458316800, '36,38', 28),
(6, '优化一款好玩的前端游戏', '4月6号，将会有一个校园活动在文化广场举行，我们的任务是把以前做的游戏进行优化，并加入分数记录，排行的功能，把游戏的界面美化，让校园的同学乐于参与进行。游戏建议：打地鼠、拼图、赛跑、鼠标狂点等', 1, 1457625600, 1459353600, '36,38', 28),
(7, '原型工具Mockplus绘制“急事帮”APP', 'Mockplus是一款专业的手机APP原型设计工具，我们一起来掌握它吧。', 3, 1457625600, 1458316800, '43,34,35,54,40,39,37,25,24,18,19', 28),
(8, '易拉宝海报设计（校园二货 | 工贸小伙伴）', '易拉宝海报是非常常见的一种宣传媒介，作为一名平面设计师，这是习以为常的工作。要设计好易拉宝，关键是要理解好需要宣传的主题，潜在的浏览对象，分析主题及对象之间的联系，策划一些能吸引浏览对象眼球，又能引发他们思考的点子。总的来说，设计易拉宝海报是件不容易的事情，不管怎么样，我们来挑战一下吧。', 3, 1457625600, 1459353600, '43,34,35', 28),
(9, '3月12号 打字任务', '同学们，大家保存截图的时间，请把文件名改成 打字速度 值，谢谢喔！', 4, 1457625600, 1457712000, '43,34,35,36,38,54,40,39,37,25,24,18,19', 28),
(10, '“急事帮”APP界面设计', '如果你去搜索“急事帮APP”关键字，你很可能找不到对应的结果。（20160311）但，我们可以通过去了解“急事帮”的经验之道，再来思考这款APP，当然，在做界面设计之前，我们是不是已经把原型已经考虑清楚，已经做原型做好了呢？', 3, 1457625600, 1458316800, '43,34,35,54,40,39,37,25,24,18,19', 28),
(11, '设计菜鸟考核（何丽冰任务）：剥了皮的香蕉', '逼真，', 3, 1457712000, 1483200000, '43,34,35,59,54,46,40,39,37,25,24,18,19', 28),
(12, 'PS制作漂亮的网页导航', '参考余秋曼的DEMO或教程，制作一份漂亮网页导航。', 3, 1461168000, 1461340800, '43,34,35,36,38,54,40,39,29,37,25,24,18,19', 28),
(13, '专业知识结构脑图', '根据自己专业情况，制作一份专业知识结构脑图。', 3, 1461168000, 1461340800, '43,34,35,36,38,54,40,39,29,37,25,24,18,19', 28),
(14, '4月23号 打字任务', '任意选择一篇文章，打字练习，保持键位的熟练度', 4, 1461340800, 1461340800, '43,34,35,36,38,54,40,39,29,37,25,24,18,19', 28),
(15, '5月7号打字任务', '保持最佳的状态', 4, 1462550400, 1462550400, '43,34,35,36,38,54,40,39,29,37,25,24,18,19', 28),
(16, '高精度模仿一款天气UI元素', '杨书明提供参考', 3, 1462550400, 1463155200, '43,34,35,36,38,54,40,39,29,37,25,24,18,19', 28),
(17, '5月14号打字任务', '打字练习', 4, 1463155200, 1463760000, '43,34,35,36,38,54,40,39,29,37,25,24,18,19', 28),
(18, '扁平化图标设计', '设计一款扁平化图标，效果及操作步骤参考群共享文件', 3, 1463414400, 1463760000, '43,34,35,36,38,54,40,39,29,37,25,24,18,19', 28),
(20, '6月4号打字任务', '完成6月4号打字任务', 4, 1464969600, 1464969600, '43,34,35,36,38,54,40,39,29,25,24,19', 28),
(21, '留言板界面布局', '内容要求：主题、列表、留言板<br>\r\n技术要求：要求使用到至少5种不同的CSS3的选择器<br>\r\n动画要求：页面中至少出现两处css3动画（可以是指针经过才触发的动画）<br>', 1, 1464969600, 1465574400, '39,29,25,24', 28),
(22, 'Photoshop制作透明大气的导航按钮', 'Photoshop制作透明大气的导航按钮<br>\r\n教程地址：http://www.zztuku.com/Html/PS/20140312_12335.html', 3, 1464969600, 1465574400, '34,35,54', 28),
(23, 'codecombat：完成第一个岛屿的挑战', 'Javascript学习任务<br>\r\n学习地址是：http://www.codecombat.cn/ <br>\r\n有可能需要换更新版本的浏览器来玩。', 1, 1464969600, 1465574400, '36,38,40,19', 28);

-- --------------------------------------------------------

--
-- 表的结构 `task_types`
--

CREATE TABLE IF NOT EXISTS `task_types` (
  `id` int(11) NOT NULL AUTO_INCREMENT,
  `name` varchar(20) NOT NULL,
  PRIMARY KEY (`id`)
) ENGINE=MyISAM  DEFAULT CHARSET=utf8 AUTO_INCREMENT=5 ;

--
-- 转存表中的数据 `task_types`
--

INSERT INTO `task_types` (`id`, `name`) VALUES
(1, '前端'),
(2, '后端'),
(3, '设计'),
(4, '打字');

-- --------------------------------------------------------

--
-- 表的结构 `task_works`
--

CREATE TABLE IF NOT EXISTS `task_works` (
  `id` int(11) NOT NULL AUTO_INCREMENT,
  `task_title_id` int(11) NOT NULL COMMENT '项目标题Id',
  `user_id` int(11) NOT NULL COMMENT '用户id',
  `time` int(11) NOT NULL COMMENT '提交时间',
  `path` varchar(255) NOT NULL COMMENT '下载路径',
  `path_num` int(11) NOT NULL COMMENT '下载次数',
  `file_name` varchar(200) NOT NULL COMMENT '文件名',
  PRIMARY KEY (`id`)
) ENGINE=MyISAM  DEFAULT CHARSET=utf8 AUTO_INCREMENT=234 ;

--
-- 转存表中的数据 `task_works`
--

INSERT INTO `task_works` (`id`, `task_title_id`, `user_id`, `time`, `path`, `path_num`, `file_name`) VALUES
(1, 1, 28, 1457140943, './upload/1457140943.txt', 0, ''),
(2, 2, 39, 1457143974, './upload/1457143974.png', 0, ''),
(3, 1, 43, 1457144151, './upload/1457144151.psd', 0, ''),
(4, 2, 43, 1457144720, './upload/1457144720.png', 0, ''),
(5, 1, 24, 1457145718, './upload/1457145718.psd', 0, ''),
(6, 2, 24, 1457146511, './upload/1457146511.psd', 0, ''),
(7, 3, 34, 1457146891, './upload/1457146891.rar', 0, ''),
(8, 1, 25, 1457146985, './upload/1457146985.jpg', 0, ''),
(9, 1, 18, 1457147777, './upload/1457147777.psd', 0, ''),
(10, 3, 43, 1457147784, './upload/1457147784.rar', 0, ''),
(11, 1, 37, 1457148050, './upload/1457148050.psd', 0, ''),
(12, 1, 37, 1457148058, './upload/1457148058.jpg', 0, ''),
(13, 1, 31, 1457148614, './upload/1457148614.psd', 0, ''),
(14, 2, 31, 1457148697, './upload/1457148697.PNG', 0, ''),
(15, 2, 40, 1457148933, './upload/1457148933.png', 0, ''),
(16, 1, 40, 1457148966, './upload/1457148966.psd', 0, ''),
(17, 1, 38, 1457150125, './upload/1457150125.psd', 0, ''),
(18, 1, 43, 1457150247, './upload/1457150247.jpg', 0, ''),
(19, 1, 39, 1457150310, './upload/1457150310.psd', 0, ''),
(20, 1, 36, 1457150943, './upload/1457150943.psd', 0, ''),
(21, 2, 38, 1457150999, './upload/1457150999.jpg', 0, ''),
(22, 2, 36, 1457151529, './upload/1457151529.png', 0, ''),
(23, 1, 34, 1457151627, './upload/1457151627.psd', 0, ''),
(24, 1, 19, 1457151958, './upload/1457151958.psd', 0, ''),
(25, 2, 25, 1457152004, './upload/1457152004.PNG', 0, ''),
(26, 2, 18, 1457152099, './upload/1457152099.png', 0, ''),
(27, 1, 54, 1457152562, './upload/1457152562.psd', 0, ''),
(28, 1, 35, 1457153431, './upload/1457153431.psd', 0, ''),
(29, 1, 35, 1457153436, './upload/1457153436.psd', 0, ''),
(30, 1, 35, 1457153508, './upload/1457153508.psd', 0, ''),
(31, 2, 34, 1457153765, './upload/1457153765.png', 0, ''),
(36, 4, 0, 1457156615, './upload/1457156615.rar', 0, ''),
(33, 3, 31, 1457154605, './upload/1457154605.psd', 0, ''),
(37, 1, 35, 1457156652, './upload/1457156652.psd', 0, ''),
(35, 3, 31, 1457155828, './upload/1457155828.psd', 0, ''),
(38, 4, 38, 1457158039, './upload/1457158039.rar', 0, ''),
(39, 4, 36, 1457158111, './upload/1457158111.zip', 0, ''),
(40, 1, 38, 1457158263, './upload/1457158263.rar', 0, ''),
(41, 1, 36, 1457158302, './upload/1457158302.zip', 0, ''),
(42, 1, 36, 1457158380, './upload/1457158380.zip', 0, ''),
(43, 1, 54, 1457160510, './upload/1457160510.png', 0, ''),
(44, 1, 54, 1457160567, './upload/1457160567.png', 0, ''),
(45, 2, 54, 1457160769, './upload/1457160769.png', 0, ''),
(46, 3, 37, 1457167871, './upload/1457167871.jpg', 0, '学生缴费平台.jpg'),
(47, 3, 37, 1457167887, './upload/1457167887.psd', 0, '学生缴费平台.psd'),
(48, 3, 35, 1457169144, './upload/1457169144.rar', 0, '缴费平台及列表.rar'),
(49, 2, 37, 1457170056, './upload/1457170056.jpg', 0, '2016-03-05.jpg'),
(50, 3, 37, 1457172232, './upload/1457172232.jpg', 0, '缴费平台.jpg'),
(51, 3, 37, 1457172236, './upload/1457172236.psd', 0, '缴费平台.psd'),
(52, 2, 35, 1457172395, './upload/1457172395.png', 0, '190.png'),
(53, 2, 19, 1457172513, './upload/1457172513.png', 0, '156.png'),
(54, 4, 36, 1457270176, './upload/1457270176.rar', 0, '方泽锋.rar'),
(55, 3, 34, 1457355728, './upload/1457355728.rar', 0, '改版.rar'),
(56, 4, 36, 1457415663, './upload/1457415663.rar', 0, '方泽锋.rar'),
(57, 9, 39, 1457746868, './upload/1457746868.png', 0, '金山速度.png'),
(58, 9, 36, 1457747487, './upload/1457747487.png', 0, '方泽锋.png'),
(59, 9, 43, 1457747620, './upload/1457747620.png', 0, '杨书明.png'),
(60, 9, 38, 1457748889, './upload/1457748889.jpg', 0, '打字.jpg'),
(61, 9, 24, 1457748955, './upload/1457748955.png', 0, '金山打字通.png'),
(62, 9, 35, 1457749928, './upload/1457749928.png', 0, '184.png'),
(63, 7, 43, 1457750314, './upload/1457750314.mp', 0, '急事帮.mp'),
(64, 7, 39, 1457750544, './upload/1457750544.mp', 0, '急事帮.mp'),
(65, 10, 43, 1457752642, './upload/1457752642.psd', 0, '杨书明.psd'),
(66, 9, 37, 1457753856, './upload/1457753856.png', 0, 'QQ截图20160312102728.png'),
(67, 9, 37, 1457753856, './upload/1457753856.png', 0, 'QQ截图20160312112312.png'),
(68, 9, 40, 1457754364, './upload/1457754364.JPG', 0, 'LJF3.12(160).JPG'),
(69, 7, 40, 1457754434, './upload/1457754434.mp', 0, '急事帮.mp'),
(70, 9, 25, 1457755441, './upload/1457755441.PNG', 0, '捕获.PNG'),
(71, 7, 24, 1457755535, './upload/1457755535.mp', 0, '急事帮APP.mp'),
(72, 7, 25, 1457755603, './upload/1457755603.mp', 0, '急事帮1.0.mp'),
(73, 11, 36, 1457756453, './upload/1457756453.psd', 0, '方泽锋.psd'),
(74, 7, 34, 1457764184, './upload/1457764184.mp', 0, '余秋曼.mp'),
(75, 10, 34, 1457764464, './upload/1457764464.rar', 0, '急事帮.rar'),
(76, 9, 34, 1457765752, './upload/1457765752.png', 0, '206.png'),
(77, 9, 19, 1457766315, './upload/1457766315.png', 0, '167.png'),
(78, 4, 37, 1457768707, './upload/1457768707.html', 0, 'Search.html'),
(79, 4, 37, 1457768707, './upload/1457768707.jpg', 0, '微小念.jpg'),
(80, 4, 37, 1457768707, './upload/1457768707.jpg', 0, '未标题-1.jpg'),
(81, 9, 31, 1457768930, './upload/1457768930.png', 0, '173.png'),
(82, 7, 54, 1457769748, './upload/1457769748.mp', 0, '茵茵.mp'),
(83, 10, 54, 1457769842, './upload/1457769842.psd', 0, '急事帮.psd'),
(84, 9, 54, 1457770472, './upload/1457770472.png', 0, 'QQ截图20160312143325.png'),
(85, 9, 18, 1457770491, './upload/1457770491.png', 0, '191.png'),
(86, 10, 35, 1457772467, './upload/1457772467.mp', 0, '草图.mp'),
(87, 10, 35, 1457772501, './upload/1457772501.psd', 0, '首页.psd'),
(88, 7, 35, 1457772513, './upload/1457772513.mp', 0, '草图.mp'),
(89, 5, 36, 1458100268, './upload/1458100268.zip', 0, '急事帮.zip'),
(90, 5, 38, 1458100305, './upload/1458100305.rar', 0, '急事帮.rar'),
(91, 7, 37, 1458221911, './upload/1458221911.mp', 0, '急事帮.mp'),
(92, 7, 19, 1458266879, './upload/1458266879.mp', 0, '急事帮.mp'),
(93, 10, 39, 1458283994, './upload/1458283994.psd', 0, '急事帮.psd'),
(94, 7, 18, 1458287798, './upload/1458287798.mp', 0, '原型工具Mockplus绘制“急事帮”谢洪干.mp'),
(95, 8, 43, 1458293288, './upload/1458293288.psd', 0, '工贸小伙伴易拉宝推广.psd'),
(96, 10, 18, 1458296054, './upload/1458296054.psd', 0, '急事帮 APP界面-谢洪干.psd'),
(97, 10, 19, 1458307675, './upload/1458307675.psd', 0, '急事帮app（服务）.psd'),
(98, 10, 19, 1458307677, './upload/1458307677.psd', 0, '消息.psd'),
(99, 10, 24, 1459144172, './upload/1459144172.png', 0, '急事帮.png'),
(100, 8, 34, 1459170767, './upload/1459170767.jpg', 0, '易拉宝.jpg'),
(101, 6, 36, 1460360613, './upload/1460360613.zip', 0, '方泽锋.zip'),
(102, 6, 36, 1460360646, './upload/1460360646.zip', 0, '方泽锋、魏子杰.zip'),
(103, 6, 38, 1460360721, './upload/1460360721.zip', 0, '1.zip'),
(104, 8, 35, 1461370879, './upload/1461370879.psd', 0, '工贸小伙伴（易拉宝）.psd'),
(105, 14, 39, 1461377140, './upload/1461377140.png', 0, '4.23打字.png'),
(106, 14, 24, 1461378178, './upload/1461378178.png', 0, '打字.png'),
(107, 12, 39, 1461379458, './upload/1461379458.psd', 0, 'nav.psd'),
(108, 12, 31, 1461379716, './upload/1461379716.psd', 0, 'nav.psd'),
(109, 12, 34, 1461380007, './upload/1461380007.psd', 0, '导航2.psd'),
(110, 14, 34, 1461380039, './upload/1461380039.png', 0, '213.png'),
(111, 12, 35, 1461380437, './upload/1461380437.psd', 0, '网页导航.psd'),
(112, 12, 40, 1461381286, './upload/1461381286.23', 0, '导航4.23'),
(113, 14, 40, 1461381315, './upload/1461381315.png', 0, '4.23.png'),
(114, 12, 24, 1461381385, './upload/1461381385.jpg', 0, '网页导航.jpg'),
(115, 12, 38, 1461381838, './upload/1461381838.psd', 0, '透明导航.psd'),
(116, 13, 38, 1461381860, './upload/1461381860.jpg', 0, '脑图_前端.jpg'),
(117, 14, 38, 1461381869, './upload/1461381869.jpg', 0, '4-23打字.jpg'),
(118, 12, 36, 1461381881, './upload/1461381881.psd', 0, '网页折纸导航.psd'),
(119, 13, 40, 1461381969, './upload/1461381969.png', 0, 'naotu.png'),
(120, 13, 36, 1461382692, './upload/1461382692.psd', 0, '网站技术脑图.psd'),
(121, 13, 39, 1461382760, './upload/1461382760.png', 0, '脑图.png'),
(122, 14, 36, 1461383310, './upload/1461383310.png', 0, '4-23打字.png'),
(123, 13, 34, 1461383548, './upload/1461383548.png', 0, '脑图.png'),
(124, 12, 19, 1461384756, './upload/1461384756.psd', 0, '漂亮的导航.psd'),
(125, 12, 19, 1461384761, './upload/1461384761.psd', 0, '漂亮的导航.psd'),
(126, 12, 37, 1461384837, './upload/1461384837.jpg', 0, 'DEMO-Jessica.jpg'),
(127, 12, 37, 1461384837, './upload/1461384837.psd', 0, 'DEMO-Jessica.psd'),
(128, 12, 18, 1461384896, './upload/1461384896.psd', 0, '导航条.psd'),
(129, 12, 54, 1461385024, './upload/1461385024.psd', 0, '导航.psd'),
(130, 13, 54, 1461385052, './upload/1461385052.png', 0, '百度脑图.png'),
(131, 14, 54, 1461385079, './upload/1461385079.png', 0, '打字.png'),
(132, 12, 29, 1461385128, './upload/1461385128.psd', 0, '导航.psd'),
(133, 14, 29, 1461385150, './upload/1461385150.PNG', 0, '捕获.PNG'),
(134, 13, 29, 1461385881, './upload/1461385881.PNG', 0, 'naotu.PNG'),
(135, 13, 37, 1461394331, './upload/1461394331.png', 0, '淘宝美工  Jessica.png'),
(136, 13, 35, 1461395545, './upload/1461395545.png', 0, '脑图.png'),
(137, 14, 35, 1461395553, './upload/1461395553.png', 0, '184.png'),
(138, 14, 19, 1461467077, './upload/1461467077.png', 0, 'QQ截图20160424110343.png'),
(139, 14, 18, 1461498385, './upload/1461498385.png', 0, '186.png'),
(140, 13, 36, 1461559894, './upload/1461559894.png', 0, 'QQ图片20160424214408.png'),
(141, 13, 24, 1461734883, './upload/1461734883.PNG', 0, 'naotu.PNG'),
(142, 13, 43, 1461745813, './upload/1461745813.png', 0, 'web design脑图.png'),
(143, 12, 43, 1461747710, './upload/1461747710.psd', 0, '导航.psd'),
(144, 14, 43, 1461752148, './upload/1461752148.jpg', 0, '打字314.jpg'),
(145, 13, 19, 1462529626, './upload/1462529626.png', 0, '网站开发.png'),
(146, 15, 39, 1462587065, './upload/1462587065.png', 0, '232.png'),
(147, 15, 18, 1462587070, './upload/1462587070.png', 0, '191.png'),
(148, 15, 36, 1462587412, './upload/1462587412.png', 0, 'H0VE4[T$D7A{V8T0D$H[PAU.png'),
(149, 15, 24, 1462587920, './upload/1462587920.png', 0, '~J1XLWVJ[@W`{]6)NQ$0]4S.png'),
(150, 14, 37, 1462588555, './upload/1462588555.jpg', 0, '2016-04-23.jpg'),
(151, 15, 37, 1462588579, './upload/1462588579.jpg', 0, '2016-05-07.jpg'),
(152, 16, 43, 1462590673, './upload/1462590673.psd', 0, '天气.psd'),
(153, 16, 36, 1462590799, './upload/1462590799.psd', 0, 'weather.psd'),
(154, 15, 38, 1462590925, './upload/1462590925.jpg', 0, '5.7打字.jpg'),
(155, 16, 38, 1462590936, './upload/1462590936.psd', 0, '模仿天气预报元素.psd'),
(156, 16, 18, 1462591778, './upload/1462591778.psd', 0, '天气预报.psd'),
(157, 16, 39, 1462592786, './upload/1462592786.psd', 0, '天气UI.psd'),
(158, 16, 39, 1462592820, './upload/1462592820.psd', 0, '天气UI.psd'),
(159, 15, 40, 1462592829, './upload/1462592829.png', 0, '5.7打字.png'),
(160, 16, 40, 1462592872, './upload/1462592872.psd', 0, '温度.psd'),
(161, 16, 24, 1462593030, './upload/1462593030.psd', 0, '天气.psd'),
(162, 16, 25, 1462593488, './upload/1462593488.jpg', 0, '45°天气.jpg'),
(163, 16, 25, 1462593534, './upload/1462593534.jpg', 0, '天气.jpg'),
(164, 14, 25, 1462593611, './upload/1462593611.png', 0, 'QQ截图20160507115250.png'),
(165, 15, 25, 1462593627, './upload/1462593627.png', 0, 'QQ截图20160507104417.png'),
(166, 10, 37, 1462594152, './upload/1462594152.jpg', 0, '手机版急事帮.jpg'),
(167, 10, 37, 1462594173, './upload/1462594173.psd', 0, '手机版急事帮.psd'),
(168, 13, 25, 1462594593, './upload/1462594593.png', 0, '脑图.png'),
(169, 16, 29, 1462595098, './upload/1462595098.psd', 0, '天气预报元素设计.psd'),
(170, 16, 29, 1462595107, './upload/1462595107.psd', 0, '天气预报元素设计.psd'),
(171, 15, 29, 1462596242, './upload/1462596242.PNG', 0, '打字测试.PNG'),
(172, 16, 37, 1462598294, './upload/1462598294.jpg', 0, '天气.jpg'),
(173, 16, 37, 1462598297, './upload/1462598297.psd', 0, '天气.psd'),
(174, 16, 34, 1462598329, './upload/1462598329.psd', 0, '天气元素绘制.psd'),
(175, 15, 54, 1462599379, './upload/1462599379.psd', 0, '天气图.psd'),
(176, 15, 54, 1462599419, './upload/1462599419.png', 0, 'QQ截图20160507133516.png'),
(177, 16, 54, 1462599446, './upload/1462599446.psd', 0, '天气图.psd'),
(178, 15, 34, 1462600109, './upload/1462600109.png', 0, '204.png'),
(179, 16, 35, 1462600263, './upload/1462600263.psd', 0, '天气元素.psd'),
(180, 15, 35, 1462601312, './upload/1462601312.png', 0, '183.png'),
(181, 15, 43, 1462609876, './upload/1462609876.png', 0, '打字277.png'),
(182, 15, 19, 1463147347, './upload/1463147347.png', 0, '退步了.png'),
(183, 17, 39, 1463399566, './upload/1463399566.png', 0, '5.16.png'),
(184, 17, 36, 1463402985, './upload/1463402985.png', 0, '5-16打字.png'),
(185, 18, 39, 1463466731, './upload/1463466731.psd', 0, '相机.psd'),
(186, 18, 18, 1463492039, './upload/1463492039.psd', 0, '相机.psd'),
(187, 17, 18, 1463492404, './upload/1463492404.png', 0, '189.png'),
(188, 18, 34, 1463531327, './upload/1463531327.psd', 0, 'icon.psd'),
(189, 17, 34, 1463531361, './upload/1463531361.png', 0, '201.png'),
(190, 17, 43, 1463532306, './upload/1463532306.jpg', 0, '打字276.jpg'),
(191, 18, 43, 1463532436, './upload/1463532436.psd', 0, '纯色形状扁平化图标.psd'),
(192, 17, 24, 1463559216, './upload/1463559216.png', 0, '5.png'),
(193, 17, 54, 1463576372, './upload/1463576372.png', 0, '1.png'),
(194, 17, 29, 1463619279, './upload/1463619279.PNG', 0, '捕获.PNG'),
(195, 18, 29, 1463624707, './upload/1463624707.psd', 0, '未标题-2.psd'),
(196, 18, 24, 1463628925, './upload/1463628925.psd', 0, '相机.psd'),
(197, 16, 19, 1463712661, './upload/1463712661.psd', 0, '天气预报效果图.psd'),
(198, 18, 36, 1463727245, './upload/1463727245.psd', 0, '1.psd'),
(199, 18, 38, 1463733002, './upload/1463733002.psd', 0, '扁平化图标.psd'),
(200, 17, 38, 1463733041, './upload/1463733041.jpg', 0, '打字210.jpg'),
(201, 18, 19, 1463740355, './upload/1463740355.psd', 0, '数码相机.psd'),
(202, 17, 19, 1463748256, './upload/1463748256.png', 0, '163.png'),
(203, 17, 40, 1463804321, './upload/1463804321.png', 0, 'O8P0U`SB(9K9R@]N0A2@S22.png'),
(204, 17, 25, 1463804592, './upload/1463804592.PNG', 0, '打字.PNG'),
(205, 18, 54, 1463810396, './upload/1463810396.psd', 0, '参考效果111.psd'),
(206, 18, 35, 1463811573, './upload/1463811573.psd', 0, '扁平化 摄像图形 - 副本.psd'),
(207, 18, 35, 1463811573, './upload/1463811573.psd', 0, '扁平化 摄像图形.psd'),
(208, 18, 35, 1463811614, './upload/1463811614.psd', 0, '扁平化 摄像图形.psd'),
(209, 17, 35, 1463811641, './upload/1463811641.png', 0, '180.png'),
(210, 18, 40, 1465001691, './upload/1465001691.psd', 0, '扁平化图标设计_梁剑飞.psd'),
(211, 18, 25, 1465001786, './upload/1465001786.jpg', 0, '网页导航 (2).jpg'),
(212, 18, 25, 1465001786, './upload/1465001786.jpg', 0, '网页导航 (1).jpg'),
(213, 12, 25, 1465001805, './upload/1465001805.jpg', 0, '网页导航 (1).jpg'),
(214, 20, 39, 1465006328, './upload/1465006328.png', 0, '打字速度.png'),
(215, 20, 29, 1465006573, './upload/1465006573.PNG', 0, '捕获.PNG'),
(216, 20, 40, 1465007226, './upload/1465007226.png', 0, '6.4打字.png'),
(217, 20, 24, 1465007614, './upload/1465007614.png', 0, '06.04.png'),
(218, 20, 25, 1465011427, './upload/1465011427.PNG', 0, '捕获.PNG'),
(219, 20, 34, 1465013769, './upload/1465013769.png', 0, '202.png'),
(220, 23, 40, 1465013795, './upload/1465013795.png', 0, 'QN9JGTBX8WG%NVJY~84U@]A.png'),
(221, 23, 19, 1465014080, './upload/1465014080.png', 0, '玩了17关.png'),
(222, 22, 34, 1465014272, './upload/1465014272.psd', 0, 'nav.psd'),
(223, 22, 35, 1465014308, './upload/1465014308.psd', 0, '高仿真。透明大气导航按钮.psd'),
(224, 20, 35, 1465014321, './upload/1465014321.png', 0, '182.png'),
(225, 23, 36, 1465014357, './upload/1465014357.png', 0, 'IFNB{CL0QDJO02O$L}ZSJM4.png'),
(226, 20, 36, 1465014365, './upload/1465014365.png', 0, '7W[RH2{6GQ_RNXG1KH9`V@R.png'),
(227, 23, 38, 1465014435, './upload/1465014435.jpg', 0, '游戏.jpg'),
(228, 20, 38, 1465014457, './upload/1465014457.jpg', 0, '打字.jpg'),
(229, 22, 54, 1465019201, './upload/1465019201.psd', 0, '111111.psd'),
(230, 20, 54, 1465019641, './upload/1465019641.png', 0, '7.png'),
(231, 21, 39, 1465306319, './upload/1465306319.zip', 0, 'Lng.zip'),
(232, 20, 19, 1465997824, './upload/1465997824.png', 0, 'QQ截图20160615213002.png'),
(233, 11, 34, 1473819464, './upload/1473819464.psd', 0, '剥皮香蕉2号.psd');

-- --------------------------------------------------------

--
-- 表的结构 `users`
--

CREATE TABLE IF NOT EXISTS `users` (
  `id` int(11) NOT NULL AUTO_INCREMENT,
  `username` varchar(50) NOT NULL,
  `password` varchar(50) NOT NULL,
  `role` varchar(10) NOT NULL,
  `star` int(11) NOT NULL,
  `face_url` varchar(200) NOT NULL COMMENT '头像路径',
  PRIMARY KEY (`id`)
) ENGINE=MyISAM  DEFAULT CHARSET=utf8 AUTO_INCREMENT=69 ;

--
-- 转存表中的数据 `users`
--

INSERT INTO `users` (`id`, `username`, `password`, `role`, `star`, `face_url`) VALUES
(68, 'ming', 'ming20503416.', '0', 1, 'img/face/68.jpg'),
(15, '梁家俊', 'ljj', '1', 1, 'img/face/15.jpg'),
(16, '陈锦浩', 'cjh', '1', 1, 'img/face/16.jpg'),
(18, '谢洪干', '1468510556..', '0', 1, 'img/face/18.jpg'),
(19, '陆跃标', 'biao081520', '0', 1, 'img/face/19.png'),
(20, '谢贵', '123', '1', 1, 'img/face/20.png'),
(66, 'test', 'test', '0', 1, ''),
(24, '陈冠全', 'chen12220424', '0', 1, 'img/face/24.jpg'),
(25, '罗锐文', '123456', '0', 1, 'img/face/25.jpg'),
(28, 'chenlizhun', 'gogogo', '2', 1, 'img/face/28.png'),
(29, 'huangxinyan', '960804', '0', 1, 'img/face/29.jpg'),
(30, 'xin_zhang', 'a123456', '0', 1, 'img/face/30.png'),
(31, 'zhuzhushuo', 'shuo872871670', '0', 1, 'img/face/31.png'),
(34, 'yuqiuman', '19950611', '0', 1, 'img/face/34.jpg'),
(35, 'HLB', '12345asdfg,.', '0', 1, 'img/face/35.png'),
(36, '方泽锋', 'fangzefeng', '1', 1, 'img/face/36.jpg'),
(37, '微小念', 'wxn2015..', '0', 1, 'img/face/37.jpg'),
(38, '魏子杰', '123456', '0', 1, 'img/face/38.png'),
(39, 'liangniguo', 'liang564', '0', 1, 'img/face/39.jpg'),
(40, 'liangjianfei', 'TAKAMINA', '0', 1, 'img/face/40.jpg'),
(43, '杨书明', '2437404258', '1', 1, 'img/face/43.png'),
(46, '林海荣', 'lhr610gpj807', '0', 1, 'img/face/46.png'),
(54, '蔡茵茵', '123321', '0', 1, 'img/face/54.jpg'),
(14, 'JimMing', 'JimMing', '1', 1, 'img/face/14.jpg'),
(58, 'dash', 'dash', '2', 1, 'img/face/58.png'),
(59, '刘一鸣', '123456', '0', 1, 'img/face/59.png');

-- --------------------------------------------------------

--
-- 表的结构 `userskills`
--

CREATE TABLE IF NOT EXISTS `userskills` (
  `id` int(11) NOT NULL AUTO_INCREMENT,
  `user_id` int(11) NOT NULL,
  `skill_id` int(11) NOT NULL,
  `status` int(2) NOT NULL DEFAULT '0',
  PRIMARY KEY (`id`)
) ENGINE=MyISAM  DEFAULT CHARSET=utf8 AUTO_INCREMENT=44 ;

--
-- 转存表中的数据 `userskills`
--

INSERT INTO `userskills` (`id`, `user_id`, `skill_id`, `status`) VALUES
(1, 60, 1, 1),
(2, 60, 2, 1),
(3, 60, 21, 1),
(4, 60, 10, 1),
(5, 61, 10, 1),
(6, 61, 26, 1),
(7, 61, 21, 1),
(8, 61, 42, 1),
(9, 61, 32, 1),
(10, 61, 43, 1),
(11, 60, 26, 1),
(12, 60, 25, 1),
(13, 60, 3, 1),
(14, 64, 1, 1),
(15, 64, 10, 1),
(16, 64, 21, 1),
(17, 64, 26, 1),
(18, 64, 2, 1),
(19, 64, 32, 1),
(20, 65, 1, 1),
(21, 65, 16, 1),
(22, 65, 17, 1),
(23, 65, 20, 1),
(24, 64, 38, 0),
(25, 59, 38, 1),
(26, 59, 42, 1),
(27, 36, 1, 1),
(28, 36, 10, 1),
(29, 43, 2, 1),
(30, 40, 1, 1),
(31, 43, 1, 1),
(32, 35, 1, 1),
(33, 34, 1, 1),
(34, 19, 1, 1),
(35, 18, 1, 1),
(36, 39, 1, 1),
(37, 39, 2, 1),
(38, 31, 2, 1),
(39, 31, 10, 1),
(40, 31, 21, 1),
(41, 43, 10, 1),
(42, 36, 42, 1),
(43, 66, 10, 1);

-- --------------------------------------------------------

--
-- 表的结构 `user_group`
--

CREATE TABLE IF NOT EXISTS `user_group` (
  `id` int(11) NOT NULL AUTO_INCREMENT,
  `name` varchar(100) NOT NULL,
  `description` text NOT NULL,
  `new_group` int(11) NOT NULL COMMENT '是否新分组',
  PRIMARY KEY (`id`)
) ENGINE=MyISAM  DEFAULT CHARSET=utf8 AUTO_INCREMENT=11 ;

--
-- 转存表中的数据 `user_group`
--

INSERT INTO `user_group` (`id`, `name`, `description`, `new_group`) VALUES
(1, '事务组', '工作室建设', 0),
(2, '设计组', '策划与设计', 0),
(3, '前端布局组', '电脑及手机页面高保真实现', 0),
(4, '前端开发组', '网页交互与页面游戏', 0),
(5, '后端开发组', '数据处理', 0),
(6, '移动开发组', '手机端的技术', 0),
(7, '未分组', '', 0),
(8, '教师组', '教师', 1),
(9, '成员组', '工作室成员', 1),
(10, '学生组', '精英班学生', 1);

-- --------------------------------------------------------

--
-- 表的结构 `user_group_users`
--

CREATE TABLE IF NOT EXISTS `user_group_users` (
  `id` int(11) NOT NULL AUTO_INCREMENT,
  `group_id` int(11) NOT NULL,
  `user_id` int(11) NOT NULL,
  PRIMARY KEY (`id`)
) ENGINE=MyISAM  DEFAULT CHARSET=utf8 AUTO_INCREMENT=58 ;

--
-- 转存表中的数据 `user_group_users`
--

INSERT INTO `user_group_users` (`id`, `group_id`, `user_id`) VALUES
(1, 1, 28),
(8, 1, 15),
(9, 1, 20),
(10, 1, 16),
(12, 2, 43),
(13, 2, 34),
(14, 2, 35),
(53, 10, 39),
(16, 7, 54),
(52, 10, 68),
(18, 7, 40),
(19, 7, 39),
(42, 7, 29),
(21, 7, 37),
(22, 3, 36),
(23, 7, 25),
(24, 7, 24),
(47, 9, 20),
(26, 7, 18),
(27, 1, 14),
(28, 7, 1),
(29, 1, 58),
(41, 7, 19),
(46, 8, 28),
(39, 3, 38),
(51, 8, 58),
(48, 9, 15),
(49, 9, 14),
(50, 10, 43),
(56, 9, 36);

/*!40101 SET CHARACTER_SET_CLIENT=@OLD_CHARACTER_SET_CLIENT */;
/*!40101 SET CHARACTER_SET_RESULTS=@OLD_CHARACTER_SET_RESULTS */;
/*!40101 SET COLLATION_CONNECTION=@OLD_COLLATION_CONNECTION */;
